-- --------------------------------------------------------
-- 主机:                           mysql.yjy-public-slwl-java-prod.svc.cluster.local
-- 服务器版本:                        8.0.28 - MySQL Community Server - GPL
-- 服务器操作系统:                      Linux
-- HeidiSQL 版本:                  12.0.0.6468
-- --------------------------------------------------------

/*!40101 SET @OLD_CHARACTER_SET_CLIENT=@@CHARACTER_SET_CLIENT */;
/*!40101 SET NAMES utf8 */;
/*!50503 SET NAMES utf8mb4 */;
/*!40103 SET @OLD_TIME_ZONE=@@TIME_ZONE */;
/*!40103 SET TIME_ZONE='+00:00' */;
/*!40014 SET @OLD_FOREIGN_KEY_CHECKS=@@FOREIGN_KEY_CHECKS, FOREIGN_KEY_CHECKS=0 */;
/*!40101 SET @OLD_SQL_MODE=@@SQL_MODE, SQL_MODE='NO_AUTO_VALUE_ON_ZERO' */;
/*!40111 SET @OLD_SQL_NOTES=@@SQL_NOTES, SQL_NOTES=0 */;


-- 导出 sl_base 的数据库结构
CREATE DATABASE IF NOT EXISTS `sl_base` /*!40100 DEFAULT CHARACTER SET utf8 */ /*!80016 DEFAULT ENCRYPTION='N' */;
USE `sl_base`;

-- 导出  表 sl_base.sl_fail_msg 结构
CREATE TABLE IF NOT EXISTS `sl_fail_msg` (
  `id` bigint NOT NULL,
  `msg_id` varchar(32) CHARACTER SET utf8mb4 COLLATE utf8mb4_0900_ai_ci DEFAULT NULL COMMENT '消息id',
  `exchange` varchar(100) CHARACTER SET utf8mb4 COLLATE utf8mb4_0900_ai_ci DEFAULT NULL COMMENT '交换机',
  `routing_key` varchar(50) CHARACTER SET utf8mb4 COLLATE utf8mb4_0900_ai_ci DEFAULT NULL COMMENT '路由key',
  `msg` text CHARACTER SET utf8mb4 COLLATE utf8mb4_0900_ai_ci COMMENT '消息内容',
  `reason` text CHARACTER SET utf8mb4 COLLATE utf8mb4_0900_ai_ci COMMENT '失败原因',
  `created` datetime DEFAULT NULL COMMENT '创建时间',
  `updated` datetime DEFAULT NULL COMMENT '更新时间',
  PRIMARY KEY (`id`) USING BTREE,
  KEY `created` (`created`) USING BTREE
) ENGINE=InnoDB DEFAULT CHARSET=utf8mb4 COLLATE=utf8mb4_0900_ai_ci COMMENT='失败消息记录表';

-- 正在导出表  sl_base.sl_fail_msg 的数据：~0 rows (大约)

-- 导出  表 sl_base.sl_goods_type 结构
CREATE TABLE IF NOT EXISTS `sl_goods_type` (
  `id` bigint NOT NULL COMMENT 'id',
  `name` varchar(255) NOT NULL COMMENT '货物类型名称',
  `default_weight` decimal(32,2) DEFAULT NULL COMMENT '默认重量，单位：千克',
  `default_volume` decimal(32,2) DEFAULT NULL COMMENT '默认体积，单位：方',
  `remark` text COMMENT '说明',
  `status` tinyint NOT NULL DEFAULT '1' COMMENT '状态 0：禁用 1：正常',
  `created` datetime DEFAULT NULL COMMENT '创建时间',
  `updated` datetime DEFAULT NULL COMMENT '更新时间',
  PRIMARY KEY (`id`) USING BTREE,
  UNIQUE KEY `name` (`name`) USING BTREE,
  KEY `status` (`status`) USING BTREE,
  KEY `created` (`created`) USING BTREE
) ENGINE=InnoDB DEFAULT CHARSET=utf8mb4 COLLATE=utf8mb4_0900_ai_ci ROW_FORMAT=DYNAMIC COMMENT='货物类型表';

-- 正在导出表  sl_base.sl_goods_type 的数据：~18 rows (大约)
INSERT INTO `sl_goods_type` (`id`, `name`, `default_weight`, `default_volume`, `remark`, `status`, `created`, `updated`) VALUES
	(1552846618315661316, '服饰', 120.00, 20.00, '无', 1, NULL, '2022-08-02 15:48:28'),
	(1552846618315661320, '皮具箱包', NULL, NULL, NULL, 1, NULL, NULL),
	(1552846618315661321, '珠宝饰品、手表眼镜', NULL, NULL, NULL, 1, NULL, NULL),
	(1552846618315661322, '美容护肤', NULL, NULL, NULL, 1, NULL, NULL),
	(1552846618315661323, '户外运动', NULL, NULL, NULL, 1, NULL, NULL),
	(1552846618315661324, '居家馆', NULL, NULL, NULL, 1, NULL, NULL),
	(1552846618315661325, '食品/保健', NULL, NULL, NULL, 1, NULL, NULL),
	(1552846618315661326, '母婴、儿童用品', NULL, NULL, NULL, 1, NULL, NULL),
	(1552846618315661327, '家电', NULL, NULL, NULL, 1, NULL, NULL),
	(1552846618315661328, '数码、电脑、手机', NULL, NULL, NULL, 1, NULL, NULL),
	(1552846618315661329, '汽车、配件', NULL, NULL, NULL, 0, NULL, '2022-08-02 19:32:12'),
	(1552846618315661330, '家具、建材', NULL, NULL, NULL, 0, NULL, '2022-08-02 19:31:24'),
	(1554429307934281729, '1', 2.00, 3.00, '4', 0, '2022-08-02 19:30:02', '2022-08-02 19:30:07'),
	(1554429560225861633, '0', 1.00, 2.00, '3', 0, '2022-08-02 19:31:02', '2022-08-02 19:31:05'),
	(1554778389837877250, '啊去', 11.00, 11.00, '', 1, '2022-08-03 18:37:09', '2022-08-03 18:37:09'),
	(1555066912453394433, '111', 1.00, 1.00, '', 0, '2022-08-04 13:43:38', '2022-08-04 15:23:16'),
	(1556083066964635649, 'x', 1.00, 1.00, '1', 0, '2022-08-07 09:01:28', '2022-08-15 10:10:37'),
	(1559025086463696898, '居家馆2', 10000.00, 10000.00, '居家馆', 0, '2022-08-15 11:52:01', '2022-08-17 17:08:34');

-- 导出  表 sl_base.sl_message 结构
CREATE TABLE IF NOT EXISTS `sl_message` (
  `id` bigint unsigned NOT NULL DEFAULT '0' COMMENT 'id(唯一索引)',
  `title` varchar(50) NOT NULL COMMENT '消息标题',
  `content` varchar(1024) NOT NULL COMMENT '消息内容',
  `bussiness_type` tinyint NOT NULL DEFAULT '0' COMMENT '1：用户端，2：司机端，3：快递员端，4：后台管理系统',
  `user_id` bigint NOT NULL DEFAULT '0' COMMENT '消息接受者',
  `content_type` int NOT NULL DEFAULT '0' COMMENT '消息类型，300：快递员端公告，301：寄件相关消息，302：签收相关消息，303：快件取消消息，304:派件相关消息，200：司机端公告，201：司机端系统通知',
  `is_read` tinyint NOT NULL DEFAULT '0' COMMENT '消息是否已读，0：未读，1：已读',
  `read_time` datetime DEFAULT NULL COMMENT '读时间',
  `relevant_id` bigint NOT NULL DEFAULT '0' COMMENT '相关id',
  `created` datetime NOT NULL COMMENT '创建时间',
  `create_user` bigint NOT NULL DEFAULT '0' COMMENT '创建者',
  `updated` datetime NOT NULL COMMENT '更新时间',
  `update_user` bigint NOT NULL DEFAULT '0' COMMENT '更新者',
  `is_delete` tinyint NOT NULL DEFAULT '0' COMMENT '逻辑删除，0：未删除，1：已删除',
  PRIMARY KEY (`id`) USING BTREE,
  KEY `bussiness_type` (`bussiness_type`,`content_type`) USING BTREE,
  KEY `user_id` (`user_id`) USING BTREE,
  KEY `created` (`created`) USING BTREE,
  KEY `updated` (`updated`) USING BTREE
) ENGINE=InnoDB DEFAULT CHARSET=utf8mb4 COLLATE=utf8mb4_0900_ai_ci ROW_FORMAT=DYNAMIC COMMENT='消息表';

-- 正在导出表  sl_base.sl_message 的数据：~174 rows (大约)
INSERT INTO `sl_message` (`id`, `title`, `content`, `bussiness_type`, `user_id`, `content_type`, `is_read`, `read_time`, `relevant_id`, `created`, `create_user`, `updated`, `update_user`, `is_delete`) VALUES
	(1590519147726327809, '您有一个新的取件订单', '地址：辽宁沈阳皇姑佳苑庄园123，寄件人：亚瑟，电话：18111111111', 3, 1024988744815617761, 301, 0, NULL, 1590519145395056642, '2023-02-24 09:38:10', 0, '2023-02-24 09:38:10', 0, 0),
	(1590586262424604673, '您有一个新的取件订单', '地址：四川成都青羊光华大道一段1666号，寄件人：邓诗涵，电话：15745678521', 3, 1024977719693268993, 301, 0, NULL, 1590586260907028481, '2023-02-24 14:04:51', 0, '2023-02-24 14:04:51', 0, 0),
	(1590586383237337090, '您有一个新的取件订单', '地址：四川成都青羊光华大道一段1666号，寄件人：李成百，电话：15812357412', 3, 1024977719693268993, 301, 0, NULL, 1590586382151774209, '2023-02-24 14:05:20', 0, '2023-02-24 14:05:20', 0, 0),
	(1590587526579441665, '您有一个新的取件订单', '地址：四川成都青羊光华大道一段1666号，寄件人：邓诗涵，电话：15745678521', 3, 1024977719693268993, 301, 0, NULL, 1590587526034944001, '2023-02-24 14:09:53', 0, '2023-02-24 14:09:53', 0, 0),
	(1592725908319326209, '您有新的运输任务！', '运输车辆：辽A12345\n运输路线：西安分拣中心——长安区营业部', 2, 1024985621531327777, 201, 0, NULL, 1592725907754467330, '2023-02-24 11:47:03', 0, '2023-02-24 11:47:03', 0, 0),
	(1592725909439205378, '您有新的运输任务！', '运输车辆：辽A12345\n运输路线：西安分拣中心——长安区营业部', 2, 1024986076978217057, 201, 0, NULL, 1592725909021147138, '2023-02-24 11:47:03', 0, '2023-02-24 11:47:03', 0, 0),
	(1593082356412928002, '您有一个新的取件订单', '地址：湖北武汉江岸江干大厦，寄件人：见，电话：13146661606', 3, 1024995063794648993, 301, 0, NULL, 1593082356354969602, '2023-02-24 11:23:26', 0, '2023-02-24 11:23:26', 0, 0),
	(1605404209150414849, '您有新的运输任务！', '运输车辆：沪D34832\n运输路线：西安分拣中心——长安区营业部', 2, 1024984230121304705, 201, 0, NULL, 1605404207794761730, '2023-02-24 11:26:05', 0, '2023-02-24 11:26:05', 0, 0),
	(1605404212816584705, '您有新的运输任务！', '运输车辆：沪D34832\n运输路线：西安分拣中心——长安区营业部', 2, 1024984140988150081, 201, 0, NULL, 1605404206511304705, '2023-02-24 11:26:06', 0, '2023-02-24 11:26:06', 0, 0),
	(1605406958931922946, '您有新的运输任务！', '运输车辆：辽A12345\n运输路线：西安分拣中心——长安区营业部', 2, 1024986076978217057, 201, 0, NULL, 1605406958519988226, '2023-02-24 11:37:01', 0, '2023-02-24 11:37:01', 0, 0),
	(1605406963399204865, '您有新的运输任务！', '运输车辆：辽A12345\n运输路线：西安分拣中心——长安区营业部', 2, 1024985621531327777, 201, 0, NULL, 1605406957244919810, '2023-02-24 11:37:02', 0, '2023-02-24 11:37:02', 0, 0),
	(1605407465406713858, '您有新的运输任务！', '运输车辆：辽A12345\n运输路线：西安分拣中心——长安区营业部', 2, 1024986076978217057, 201, 0, NULL, 1605407465263214593, '2023-02-24 11:39:01', 0, '2023-02-24 11:39:01', 0, 0),
	(1605407470519918593, '您有新的运输任务！', '运输车辆：辽A12345\n运输路线：西安分拣中心——长安区营业部', 2, 1024985621531327777, 201, 0, NULL, 1605407464864755714, '2023-02-24 11:39:03', 0, '2023-02-24 11:39:03', 0, 0),
	(1605407965803958274, '您有新的运输任务！', '运输车辆：沪D34832\n运输路线：西安分拣中心——长安区营业部', 2, 1024984230121304705, 201, 0, NULL, 1605407965673041921, '2023-02-24 11:41:01', 0, '2023-02-24 11:41:01', 0, 0),
	(1605407970795528193, '您有新的运输任务！', '运输车辆：沪D34832\n运输路线：西安分拣中心——长安区营业部', 2, 1024984140988150081, 201, 0, NULL, 1605407965098422274, '2023-02-24 11:41:02', 0, '2023-02-24 11:41:02', 0, 0),
	(1605409229845549058, '您有新的运输任务！', '运输车辆：沪D34832\n运输路线：西安分拣中心——长安区营业部', 2, 1024984230121304705, 201, 0, NULL, 1605409229416837121, '2023-02-24 11:46:02', 0, '2023-02-24 11:46:02', 0, 0),
	(1605409234329608194, '您有新的运输任务！', '运输车辆：沪D34832\n运输路线：西安分拣中心——长安区营业部', 2, 1024984140988150081, 201, 0, NULL, 1605409228158545922, '2023-02-24 11:46:03', 0, '2023-02-24 11:46:03', 0, 0),
	(1605412498332438529, '您有新的运输任务！', '运输车辆：沪D34832\n运输路线：西安分拣中心——长安区营业部', 2, 1024984230121304705, 201, 0, NULL, 1605412498079887362, '2023-02-24 11:59:01', 0, '2023-02-24 11:59:01', 0, 0),
	(1605412503416283138, '您有新的运输任务！', '运输车辆：沪D34832\n运输路线：西安分拣中心——长安区营业部', 2, 1024984140988150081, 201, 0, NULL, 1605412497635291137, '2023-02-24 11:59:03', 0, '2023-02-24 11:59:03', 0, 0),
	(1605449241999953922, '您有新的运输任务！', '运输车辆：沪D34832\n运输路线：西安分拣中心——长安区营业部', 2, 1024984230121304705, 201, 0, NULL, 1605449241676099586, '2023-02-24 14:25:02', 0, '2023-02-24 14:25:02', 0, 0),
	(1605449247301902337, '您有新的运输任务！', '运输车辆：沪D34832\n运输路线：西安分拣中心——长安区营业部', 2, 1024984140988150081, 201, 0, NULL, 1605449240409419778, '2023-02-24 14:25:03', 0, '2023-02-24 14:25:03', 0, 0),
	(1605449739779952641, '您有新的运输任务！', '运输车辆：辽A12345\n运输路线：西安分拣中心——长安区营业部', 2, 1024986076978217057, 201, 0, NULL, 1605449739573538817, '2023-02-24 14:27:00', 0, '2023-02-24 14:27:00', 0, 0),
	(1605449745199341569, '您有新的运输任务！', '运输车辆：辽A12345\n运输路线：西安分拣中心——长安区营业部', 2, 1024985621531327777, 201, 0, NULL, 1605449739082805249, '2023-02-24 14:27:02', 0, '2023-02-24 14:27:02', 0, 0),
	(1605449995573776386, '您有新的运输任务！', '运输车辆：沪D34832\n运输路线：长安区营业部——西安分拣中心', 2, 1024984230121304705, 201, 0, NULL, 1605449995426082818, '2023-02-24 14:28:01', 0, '2023-02-24 14:28:01', 0, 0),
	(1605450001077051394, '您有新的运输任务！', '运输车辆：沪D34832\n运输路线：长安区营业部——西安分拣中心', 2, 1024984140988150081, 201, 0, NULL, 1605449994922766338, '2023-02-24 14:28:03', 0, '2023-02-24 14:28:03', 0, 0),
	(1605452508641349633, '您有新的运输任务！', '运输车辆：辽A12345\n运输路线：西安分拣中心——长安区营业部', 2, 1024986076978217057, 201, 0, NULL, 1605452508430741505, '2023-02-24 14:38:01', 0, '2023-02-24 14:38:01', 0, 0),
	(1605452514060738561, '您有新的运输任务！', '运输车辆：辽A12345\n运输路线：西安分拣中心——长安区营业部', 2, 1024985621531327777, 201, 0, NULL, 1605452507935813634, '2023-02-24 14:38:02', 0, '2023-02-24 14:38:02', 0, 0),
	(1605452760496721921, '您有新的运输任务！', '运输车辆：沪D34832\n运输路线：西安分拣中心——长安区营业部', 2, 1024984230121304705, 201, 0, NULL, 1605452760353222658, '2023-02-24 14:39:01', 0, '2023-02-24 14:39:01', 0, 0),
	(1605452766125826049, '您有新的运输任务！', '运输车辆：沪D34832\n运输路线：西安分拣中心——长安区营业部', 2, 1024984140988150081, 201, 0, NULL, 1605452760005095426, '2023-02-24 14:39:02', 0, '2023-02-24 14:39:02', 0, 0),
	(1605453264278769665, '您有新的运输任务！', '运输车辆：辽A12345\n运输路线：西安分拣中心——长安区营业部', 2, 1024986076978217057, 201, 0, NULL, 1605453264122687489, '2023-02-24 14:41:01', 0, '2023-02-24 14:41:01', 0, 0),
	(1605453269823987714, '您有新的运输任务！', '运输车辆：辽A12345\n运输路线：西安分拣中心——长安区营业部', 2, 1024985621531327777, 201, 0, NULL, 1605453263690674177, '2023-02-24 14:41:02', 0, '2023-02-24 14:41:02', 0, 0),
	(1605453515282698241, '您有新的运输任务！', '运输车辆：辽A12345\n运输路线：西安分拣中心——长安区营业部', 2, 1024986076978217057, 201, 0, NULL, 1605453515143393282, '2023-02-24 14:42:01', 0, '2023-02-24 14:42:01', 0, 0),
	(1605453520899219457, '您有新的运输任务！', '运输车辆：辽A12345\n运输路线：西安分拣中心——长安区营业部', 2, 1024985621531327777, 201, 0, NULL, 1605453514795266050, '2023-02-24 14:42:02', 0, '2023-02-24 14:42:02', 0, 0),
	(1605454274611105793, '您有新的运输任务！', '运输车辆：辽A12345\n运输路线：西安分拣中心——长安区营业部', 2, 1024986076978217057, 201, 0, NULL, 1605454274035593217, '2023-02-24 14:45:02', 0, '2023-02-24 14:45:02', 0, 0),
	(1605454279065804801, '您有新的运输任务！', '运输车辆：辽A12345\n运输路线：西安分拣中心——长安区营业部', 2, 1024985621531327777, 201, 0, NULL, 1605454271925858306, '2023-02-24 14:45:03', 0, '2023-02-24 14:45:03', 0, 0),
	(1605454522171510786, '您有新的运输任务！', '运输车辆：沪D34832\n运输路线：西安分拣中心——长安区营业部', 2, 1024984230121304705, 201, 0, NULL, 1605454522040594434, '2023-02-24 14:46:01', 0, '2023-02-24 14:46:01', 0, 0),
	(1605454527754477569, '您有新的运输任务！', '运输车辆：沪D34832\n运输路线：西安分拣中心——长安区营业部', 2, 1024984140988150081, 201, 0, NULL, 1605454521608581121, '2023-02-24 14:46:02', 0, '2023-02-24 14:46:02', 0, 0),
	(1605454774848966658, '您有新的运输任务！', '运输车辆：辽A12345\n运输路线：西安分拣中心——长安区营业部', 2, 1024986076978217057, 201, 0, NULL, 1605454773807886337, '2023-02-24 14:47:01', 0, '2023-02-24 14:47:01', 0, 0),
	(1605454779551129602, '您有新的运输任务！', '运输车辆：辽A12345\n运输路线：西安分拣中心——长安区营业部', 2, 1024985621531327777, 201, 0, NULL, 1605454773308764161, '2023-02-24 14:47:02', 0, '2023-02-24 14:47:02', 0, 0),
	(1605457038821019650, '您有新的运输任务！', '运输车辆：沪D34832\n运输路线：西安分拣中心——长安区营业部', 2, 1024984230121304705, 201, 0, NULL, 1605457038673326082, '2023-02-24 14:56:01', 0, '2023-02-24 14:56:01', 0, 0),
	(1605457044424957953, '您有新的运输任务！', '运输车辆：沪D34832\n运输路线：西安分拣中心——长安区营业部', 2, 1024984140988150081, 201, 0, NULL, 1605457037352120321, '2023-02-24 14:56:02', 0, '2023-02-24 14:56:02', 0, 0),
	(1605457540984066050, '您有新的运输任务！', '运输车辆：辽A12345\n运输路线：西安分拣中心——长安区营业部', 2, 1024986076978217057, 201, 0, NULL, 1605457540819595266, '2023-02-24 14:58:00', 0, '2023-02-24 14:58:00', 0, 0),
	(1605457546520895489, '您有新的运输任务！', '运输车辆：辽A12345\n运输路线：西安分拣中心——长安区营业部', 2, 1024985621531327777, 201, 0, NULL, 1605457540328861697, '2023-02-24 14:58:02', 0, '2023-02-24 14:58:02', 0, 0),
	(1605457793737019394, '您有新的运输任务！', '运输车辆：沪D34832\n运输路线：西安分拣中心——长安区营业部', 2, 1024984230121304705, 201, 0, NULL, 1605457793585131521, '2023-02-24 14:59:01', 0, '2023-02-24 14:59:01', 0, 0),
	(1605457799307403265, '您有新的运输任务！', '运输车辆：沪D34832\n运输路线：西安分拣中心——长安区营业部', 2, 1024984140988150081, 201, 0, NULL, 1605457793111175170, '2023-02-24 14:59:02', 0, '2023-02-24 14:59:02', 0, 0),
	(1605458044313128961, '您有新的运输任务！', '运输车辆：辽A12345\n运输路线：西安分拣中心——长安区营业部', 2, 1024986076978217057, 201, 0, NULL, 1605458044173824001, '2023-02-24 15:00:00', 0, '2023-02-24 15:00:00', 0, 0),
	(1605458050017730562, '您有新的运输任务！', '运输车辆：辽A12345\n运输路线：西安分拣中心——长安区营业部', 2, 1024985621531327777, 201, 0, NULL, 1605458043859251202, '2023-02-24 15:00:02', 0, '2023-02-24 15:00:02', 0, 0),
	(1605458296986390530, '您有新的运输任务！', '运输车辆：辽A12345\n运输路线：西安分拣中心——长安区营业部', 2, 1024986076978217057, 201, 0, NULL, 1605458296851279873, '2023-02-24 15:01:01', 0, '2023-02-24 15:01:01', 0, 0),
	(1605458302405779457, '您有新的运输任务！', '运输车辆：辽A12345\n运输路线：西安分拣中心——长安区营业部', 2, 1024985621531327777, 201, 0, NULL, 1605458296079527937, '2023-02-24 15:01:02', 0, '2023-02-24 15:01:02', 0, 0),
	(1605458799426260993, '您有新的运输任务！', '运输车辆：沪D34832\n运输路线：西安分拣中心——长安区营业部', 2, 1024984230121304705, 201, 0, NULL, 1605458799274373122, '2023-02-24 15:03:00', 0, '2023-02-24 15:03:00', 0, 0),
	(1605458804971479041, '您有新的运输任务！', '运输车辆：沪D34832\n运输路线：西安分拣中心——长安区营业部', 2, 1024984140988150081, 201, 0, NULL, 1605458798536175618, '2023-02-24 15:03:02', 0, '2023-02-24 15:03:02', 0, 0),
	(1605460058388549634, '您有新的运输任务！', '运输车辆：辽A12345\n运输路线：西安分拣中心——长安区营业部', 2, 1024986076978217057, 201, 0, NULL, 1605460058001780738, '2023-02-24 15:08:01', 0, '2023-02-24 15:08:01', 0, 0),
	(1605460063715663874, '您有新的运输任务！', '运输车辆：辽A12345\n运输路线：西安分拣中心——长安区营业部', 2, 1024985621531327777, 201, 0, NULL, 1605460057183891457, '2023-02-24 15:08:02', 0, '2023-02-24 15:08:02', 0, 0),
	(1605460310260699137, '您有新的运输任务！', '运输车辆：沪D34832\n运输路线：长安区营业部——西安分拣中心', 2, 1024984230121304705, 201, 0, NULL, 1605460310113005569, '2023-02-24 15:09:01', 0, '2023-02-24 15:09:01', 0, 0),
	(1605460315831083010, '您有新的运输任务！', '运输车辆：沪D34832\n运输路线：长安区营业部——西安分拣中心', 2, 1024984140988150081, 201, 0, NULL, 1605460309571940353, '2023-02-24 15:09:02', 0, '2023-02-24 15:09:02', 0, 0),
	(1605461064014876673, '您有新的运输任务！', '运输车辆：沪D34832\n运输路线：西安分拣中心——长安区营业部', 2, 1024984230121304705, 201, 0, NULL, 1605461063900737537, '2023-02-24 15:12:00', 0, '2023-02-24 15:12:00', 0, 0),
	(1605461069765615617, '您有新的运输任务！', '运输车辆：沪D34832\n运输路线：西安分拣中心——长安区营业部', 2, 1024984140988150081, 201, 0, NULL, 1605461063577776130, '2023-02-24 15:12:02', 0, '2023-02-24 15:12:02', 0, 0),
	(1605461328813871105, '您有新的运输任务！', '运输车辆：辽A12345\n运输路线：西安分拣中心——长安区营业部', 2, 1024986076978217057, 201, 0, NULL, 1605461328674566145, '2023-02-24 15:13:03', 0, '2023-02-24 15:13:03', 0, 0),
	(1605461334224871425, '您有新的运输任务！', '运输车辆：辽A12345\n运输路线：西安分拣中心——长安区营业部', 2, 1024985621531327777, 201, 0, NULL, 1605461328020254722, '2023-02-24 15:13:05', 0, '2023-02-24 15:13:05', 0, 0),
	(1605461820113670145, '您有新的运输任务！', '运输车辆：沪D34832\n运输路线：西安分拣中心——长安区营业部', 2, 1024984230121304705, 201, 0, NULL, 1605461819986948098, '2023-02-24 15:15:01', 0, '2023-02-24 15:15:01', 0, 0),
	(1605461825864409089, '您有新的运输任务！', '运输车辆：沪D34832\n运输路线：西安分拣中心——长安区营业部', 2, 1024984140988150081, 201, 0, NULL, 1605461819655598081, '2023-02-24 15:15:02', 0, '2023-02-24 15:15:02', 0, 0),
	(1605462322159276034, '您有新的运输任务！', '运输车辆：辽A12345\n运输路线：西安分拣中心——长安区营业部', 2, 1024986076978217057, 201, 0, NULL, 1605462321994805249, '2023-02-24 15:17:00', 0, '2023-02-24 15:17:00', 0, 0),
	(1605462327842906113, '您有新的运输任务！', '运输车辆：辽A12345\n运输路线：西安分拣中心——长安区营业部', 2, 1024985621531327777, 201, 0, NULL, 1605462321617317890, '2023-02-24 15:17:02', 0, '2023-02-24 15:17:02', 0, 0),
	(1605462575834976257, '您有新的运输任务！', '运输车辆：沪D34832\n运输路线：长安区营业部——西安分拣中心', 2, 1024984230121304705, 201, 0, NULL, 1605462575704059906, '2023-02-24 15:18:01', 0, '2023-02-24 15:18:01', 0, 0),
	(1605462580562305026, '您有新的运输任务！', '运输车辆：沪D34832\n运输路线：长安区营业部——西安分拣中心', 2, 1024984140988150081, 201, 0, NULL, 1605462574336716802, '2023-02-24 15:18:02', 0, '2023-02-24 15:18:02', 0, 0),
	(1605464588123623425, '您有新的运输任务！', '运输车辆：辽A12345\n运输路线：西安分拣中心——长安区营业部', 2, 1024986076978217057, 201, 0, NULL, 1605464587984318465, '2023-02-24 15:26:01', 0, '2023-02-24 15:26:01', 0, 0),
	(1605464593920499714, '您有新的运输任务！', '运输车辆：辽A12345\n运输路线：西安分拣中心——长安区营业部', 2, 1024985621531327777, 201, 0, NULL, 1605464587732660226, '2023-02-24 15:26:02', 0, '2023-02-24 15:26:02', 0, 0),
	(1605465343089954818, '您有新的运输任务！', '运输车辆：沪D34832\n运输路线：长安区营业部——西安分拣中心', 2, 1024984230121304705, 201, 0, NULL, 1605465342980009986, '2023-02-24 15:29:01', 0, '2023-02-24 15:29:01', 0, 0),
	(1605465348861665282, '您有新的运输任务！', '运输车辆：沪D34832\n运输路线：长安区营业部——西安分拣中心', 2, 1024984140988150081, 201, 0, NULL, 1605465341700747266, '2023-02-24 15:29:02', 0, '2023-02-24 15:29:02', 0, 0),
	(1605468366096814082, '您有新的运输任务！', '运输车辆：辽A12345\n运输路线：西安分拣中心——长安区营业部', 2, 1024986076978217057, 201, 0, NULL, 1605468365970092034, '2023-02-24 15:41:01', 0, '2023-02-24 15:41:01', 0, 0),
	(1605468371876913153, '您有新的运输任务！', '运输车辆：辽A12345\n运输路线：西安分拣中心——长安区营业部', 2, 1024985621531327777, 201, 0, NULL, 1605468361398300673, '2023-02-24 15:41:03', 0, '2023-02-24 15:41:03', 0, 0),
	(1605470124718149633, '您有新的运输任务！', '运输车辆：辽A12345\n运输路线：西安分拣中心——长安区营业部', 2, 1024986076978217057, 201, 0, NULL, 1605470124373323777, '2023-02-24 15:48:01', 0, '2023-02-24 15:48:01', 0, 0),
	(1605470125976440833, '您有新的运输任务！', '运输车辆：沪D34832\n运输路线：长安区营业部——西安分拣中心', 2, 1024984230121304705, 201, 0, NULL, 1605470125556117506, '2023-02-24 15:48:01', 0, '2023-02-24 15:48:01', 0, 0),
	(1605470130196258818, '您有新的运输任务！', '运输车辆：辽A12345\n运输路线：西安分拣中心——长安区营业部', 2, 1024985621531327777, 201, 0, NULL, 1605470123928727553, '2023-02-24 15:48:02', 0, '2023-02-24 15:48:02', 0, 0),
	(1605470131332915201, '您有新的运输任务！', '运输车辆：沪D34832\n运输路线：长安区营业部——西安分拣中心', 2, 1024984140988150081, 201, 0, NULL, 1605470125090549761, '2023-02-24 15:48:02', 0, '2023-02-24 15:48:02', 0, 0),
	(1605471638476017666, '您有新的运输任务！', '运输车辆：辽A12345\n运输路线：西安分拣中心——长安区营业部', 2, 1024986076978217057, 201, 0, NULL, 1605471638332518401, '2023-02-24 15:54:01', 0, '2023-02-24 15:54:01', 0, 0),
	(1605471643857657857, '您有新的运输任务！', '运输车辆：辽A12345\n运输路线：西安分拣中心——长安区营业部', 2, 1024985621531327777, 201, 0, NULL, 1605471637518823426, '2023-02-24 15:54:03', 0, '2023-02-24 15:54:03', 0, 0),
	(1605472388631482369, '您有新的运输任务！', '运输车辆：辽A12345\n运输路线：西安分拣中心——长安区营业部', 2, 1024986076978217057, 201, 0, NULL, 1605472388479594497, '2023-02-24 15:57:00', 0, '2023-02-24 15:57:00', 0, 0),
	(1605472394428358657, '您有新的运输任务！', '运输车辆：辽A12345\n运输路线：西安分拣中心——长安区营业部', 2, 1024985621531327777, 201, 0, NULL, 1605472388123078658, '2023-02-24 15:57:02', 0, '2023-02-24 15:57:02', 0, 0),
	(1605472644391751681, '您有新的运输任务！', '运输车辆：沪D34832\n运输路线：西安分拣中心——长安区营业部', 2, 1024984230121304705, 201, 0, NULL, 1605472644265029633, '2023-02-24 15:58:01', 0, '2023-02-24 15:58:01', 0, 0),
	(1605472645297721346, '您有新的运输任务！', '运输车辆：辽A12345\n运输路线：长安区营业部——西安分拣中心', 2, 1024986076978217057, 201, 0, NULL, 1605472645145833474, '2023-02-24 15:58:02', 0, '2023-02-24 15:58:02', 0, 0),
	(1605472650255736833, '您有新的运输任务！', '运输车辆：沪D34832\n运输路线：西安分拣中心——长安区营业部', 2, 1024984140988150081, 201, 0, NULL, 1605472643942068226, '2023-02-24 15:58:03', 0, '2023-02-24 15:58:03', 0, 0),
	(1605472651119763458, '您有新的运输任务！', '运输车辆：辽A12345\n运输路线：长安区营业部——西安分拣中心', 2, 1024985621531327777, 201, 0, NULL, 1605472644864815106, '2023-02-24 15:58:03', 0, '2023-02-24 15:58:03', 0, 0),
	(1605472891922796546, '您有新的运输任务！', '运输车辆：辽A12345\n运输路线：西安分拣中心——长安区营业部', 2, 1024986076978217057, 201, 0, NULL, 1605472891770908674, '2023-02-24 15:59:00', 0, '2023-02-24 15:59:00', 0, 0),
	(1605472897581260802, '您有新的运输任务！', '运输车辆：辽A12345\n运输路线：西安分拣中心——长安区营业部', 2, 1024985621531327777, 201, 0, NULL, 1605472891263397889, '2023-02-24 15:59:02', 0, '2023-02-24 15:59:02', 0, 0),
	(1605473149209792514, '您有新的运输任务！', '运输车辆：沪D34832\n运输路线：西安分拣中心——长安区营业部', 2, 1024984230121304705, 201, 0, NULL, 1605473149091459074, '2023-02-24 16:00:02', 0, '2023-02-24 16:00:02', 0, 0),
	(1605473149889269761, '您有新的运输任务！', '运输车辆：辽A12345\n运输路线：长安区营业部——西安分拣中心', 2, 1024986076978217057, 201, 0, NULL, 1605473149695438849, '2023-02-24 16:00:02', 0, '2023-02-24 16:00:02', 0, 0),
	(1605473154947948546, '您有新的运输任务！', '运输车辆：沪D34832\n运输路线：西安分拣中心——长安区营业部', 2, 1024984140988150081, 201, 0, NULL, 1605473148663640065, '2023-02-24 16:00:03', 0, '2023-02-24 16:00:03', 0, 0),
	(1605473155698728961, '您有新的运输任务！', '运输车辆：辽A12345\n运输路线：长安区营业部——西安分拣中心', 2, 1024985621531327777, 201, 0, NULL, 1605473149439586305, '2023-02-24 16:00:03', 0, '2023-02-24 16:00:03', 0, 0),
	(1605479184494481410, '您有新的运输任务！', '运输车辆：沪D34832\n运输路线：西安分拣中心——长安区营业部', 2, 1024984230121304705, 201, 0, NULL, 1605479184371953665, '2023-02-24 16:24:01', 0, '2023-02-24 16:24:01', 0, 0),
	(1605479185194930178, '您有新的运输任务！', '运输车辆：辽A12345\n运输路线：长安区营业部——西安分拣中心', 2, 1024986076978217057, 201, 0, NULL, 1605479185097568257, '2023-02-24 16:24:01', 0, '2023-02-24 16:24:01', 0, 0),
	(1605479190463324161, '您有新的运输任务！', '运输车辆：沪D34832\n运输路线：西安分拣中心——长安区营业部', 2, 1024984140988150081, 201, 0, NULL, 1605479184128684033, '2023-02-24 16:24:02', 0, '2023-02-24 16:24:02', 0, 0),
	(1605479191201521665, '您有新的运输任务！', '运输车辆：辽A12345\n运输路线：长安区营业部——西安分拣中心', 2, 1024985621531327777, 201, 0, NULL, 1605479184879464449, '2023-02-24 16:24:02', 0, '2023-02-24 16:24:02', 0, 0),
	(1605479438044352513, '您有新的运输任务！', '运输车辆：辽A12345\n运输路线：西安分拣中心——长安区营业部', 2, 1024986076978217057, 201, 0, NULL, 1605479437812772865, '2023-02-24 16:25:01', 0, '2023-02-24 16:25:01', 0, 0),
	(1605479443044311042, '您有新的运输任务！', '运输车辆：辽A12345\n运输路线：西安分拣中心——长安区营业部', 2, 1024985621531327777, 201, 0, NULL, 1605479436369932289, '2023-02-24 16:25:02', 0, '2023-02-24 16:25:02', 0, 0),
	(1605480190905143298, '您有新的运输任务！', '运输车辆：沪D34832\n运输路线：西安分拣中心——长安区营业部', 2, 1024984230121304705, 201, 0, NULL, 1605480190723895298, '2023-02-24 16:28:01', 0, '2023-02-24 16:28:01', 0, 0),
	(1605480196571996162, '您有新的运输任务！', '运输车辆：沪D34832\n运输路线：西安分拣中心——长安区营业部', 2, 1024984140988150081, 201, 0, NULL, 1605480190015057921, '2023-02-24 16:28:02', 0, '2023-02-24 16:28:02', 0, 0),
	(1605480444186578946, '您有新的运输任务！', '运输车辆：辽A12345\n运输路线：西安分拣中心——长安区营业部', 2, 1024986076978217057, 201, 0, NULL, 1605480444064051201, '2023-02-24 16:29:01', 0, '2023-02-24 16:29:01', 0, 0),
	(1605480449991843841, '您有新的运输任务！', '运输车辆：辽A12345\n运输路线：西安分拣中心——长安区营业部', 2, 1024985621531327777, 201, 0, NULL, 1605480443623649282, '2023-02-24 16:29:02', 0, '2023-02-24 16:29:02', 0, 0),
	(1605480946852941826, '您有新的运输任务！', '运输车辆：沪D34832\n运输路线：长安区营业部——西安分拣中心', 2, 1024984230121304705, 201, 0, NULL, 1605480946717831169, '2023-02-24 16:31:01', 0, '2023-02-24 16:31:01', 0, 0),
	(1605480952716926978, '您有新的运输任务！', '运输车辆：沪D34832\n运输路线：长安区营业部——西安分拣中心', 2, 1024984140988150081, 201, 0, NULL, 1605480946315177986, '2023-02-24 16:31:02', 0, '2023-02-24 16:31:02', 0, 0),
	(1605481699969585153, '您有新的运输任务！', '运输车辆：辽A12345\n运输路线：长安区营业部——西安分拣中心', 2, 1024986076978217057, 201, 0, NULL, 1605481699800920065, '2023-02-24 16:34:00', 0, '2023-02-24 16:34:00', 0, 0),
	(1605481705833570305, '您有新的运输任务！', '运输车辆：辽A12345\n运输路线：长安区营业部——西安分拣中心', 2, 1024985621531327777, 201, 0, NULL, 1605481699415044098, '2023-02-24 16:34:02', 0, '2023-02-24 16:34:02', 0, 0),
	(1605490760001769473, '您有新的运输任务！', '运输车辆：沪D34832\n运输路线：长安区营业部——西安分拣中心', 2, 1024984230121304705, 201, 0, NULL, 1605490759812132866, '2023-02-24 17:10:00', 0, '2023-02-24 17:10:00', 0, 0),
	(1605490765907697666, '您有新的运输任务！', '运输车辆：沪D34832\n运输路线：长安区营业部——西安分拣中心', 2, 1024984140988150081, 201, 0, NULL, 1605490759405285377, '2023-02-24 17:10:02', 0, '2023-02-24 17:10:02', 0, 0),
	(1606217550378815490, '您有新的运输任务！', '运输车辆：辽A12345\n运输路线：长安区营业部——西安分拣中心', 2, 1024985621531327777, 201, 0, NULL, 1606217550273064961, '2023-02-24 17:18:01', 0, '2023-02-24 17:18:01', 0, 0),
	(1606217550810828802, '您有新的运输任务！', '运输车辆：辽A12345\n运输路线：长安区营业部——西安分拣中心', 2, 1024986076978217057, 201, 0, NULL, 1606217550730244097, '2023-02-24 17:18:01', 0, '2023-02-24 17:18:01', 0, 0),
	(1608033994551431169, '您有一个新的取件订单', '地址：湖北武汉江汉金色雅园，寄件人：Leon，电话：17308251485', 3, 1024995063794648993, 301, 0, NULL, 1608033993371516930, '2023-02-24 17:35:55', 0, '2023-02-24 17:35:55', 0, 0),
	(1608062121591803906, '您有一个新的取件订单', '地址：辽宁沈阳皇姑佳苑庄园，寄件人：詹姆斯，电话：17710608230', 3, 1024988744815617761, 301, 0, NULL, 1608062121150087170, '2023-02-24 19:27:41', 0, '2023-02-24 19:27:41', 0, 0),
	(1608062194769825794, '您有一个新的取件订单', '地址：四川成都青羊青羊工业总部基地5号楼，寄件人：小溪，电话：18600914562', 3, 1024977621806601633, 301, 1, '2023-02-24 11:07:31', 1608062193891901441, '2023-02-24 19:27:58', 0, '2023-02-24 19:27:58', 0, 0),
	(1608087626688860162, '您有新的运输任务！', '运输车辆：辽A12345\n运输路线：皇姑区营业部——沈阳分拣中心', 2, 1024985621531327777, 201, 0, NULL, 1608087625863147522, '2023-02-24 21:09:02', 0, '2023-02-24 21:09:02', 0, 0),
	(1608087627519332353, '您有新的运输任务！', '运输车辆：辽A12345\n运输路线：皇姑区营业部——沈阳分拣中心', 2, 1024986076978217057, 201, 0, NULL, 1608087627104661506, '2023-02-24 21:09:02', 0, '2023-02-24 21:09:02', 0, 0),
	(1608095172812181506, '您有新的运输任务！', '运输车辆：辽B12345\n运输路线：沈阳分拣中心——武昌营业部', 2, 1024987378881793537, 201, 0, NULL, 1608095172728860673, '2023-02-24 21:39:01', 0, '2023-02-24 21:39:01', 0, 0),
	(1608095173151920130, '您有新的运输任务！', '运输车辆：辽B12345\n运输路线：沈阳分拣中心——武昌营业部', 2, 1024997316655995489, 201, 0, NULL, 1608095173085376514, '2023-02-24 21:39:01', 0, '2023-02-24 21:39:01', 0, 0),
	(1608096556819255298, '您有一个新的派件订单', '地址：湖北武汉武昌佳苑庄园，收件人：武昌收件人，电话：17710608230', 3, 1024995991193013985, 304, 0, NULL, 1608096524899287042, '2023-02-24 21:44:31', 0, '2023-02-24 21:44:31', 0, 0),
	(1608102685276213250, '您有一个派件已签收', '地址：湖北武汉武昌东亭小区，收件人：武昌收件人，电话：17710608230', 3, 1024995991193013985, 302, 0, NULL, 1608096524899287042, '2023-02-24 22:08:52', 1024995991193013985, '2023-02-24 22:08:52', 1024995991193013985, 0),
	(1608281986575470593, '您有一个新的取件订单', '地址：北京北京昌平沙河，寄件人：哈哈，电话：13146661606', 3, 1024988097613534273, 301, 0, NULL, 1608281986226028546, '2023-02-24 10:01:21', 0, '2023-02-24 10:01:21', 0, 0),
	(1608287490320207873, '您有一个新的派件订单', '地址：四川成都青羊青羊工业总部基地5号楼，收件人：阿圈，电话：18500557662', 3, 1024977621806601633, 304, 1, '2023-02-24 11:07:37', 1608287489295482881, '2023-02-24 10:23:13', 0, '2023-02-24 10:23:13', 0, 0),
	(1608287718515511298, '您有一个新的派件订单', '地址：四川成都青羊青羊工业总部基地5号楼，收件人：阿圈，电话：18500557662', 3, 1024977719693268993, 304, 0, NULL, 1608287717864079361, '2023-02-24 10:24:07', 0, '2023-02-24 10:24:07', 0, 0),
	(1608290843230048257, '您有一个派件已签收', '地址：四川成都青羊青羊工业总部基地5号楼，收件人：小溪，电话：18600914562', 3, 1024977719693268993, 302, 0, NULL, 1608287717864079361, '2023-02-24 10:36:32', 1024977719693268993, '2023-02-24 10:36:32', 1024977719693268993, 0),
	(1608300723907170305, '您有一个新的取件订单', '地址：辽宁沈阳皇姑佳苑庄园，寄件人：詹姆斯，电话：17710608230', 3, 1024988744815617761, 301, 0, NULL, 1608300723746471938, '2023-02-24 11:15:48', 0, '2023-02-24 11:15:48', 0, 0),
	(1608355468452651010, '您有一个新的取件订单', '地址：湖北武汉江汉金色雅园，寄件人：Leon，电话：17308251485', 3, 1024995063794648993, 301, 0, NULL, 1608355465772236801, '2023-02-24 14:53:20', 0, '2023-02-24 14:53:20', 0, 0),
	(1608390663461494785, '您有一个新的取件订单', '地址：辽宁沈阳皇姑佳苑庄园123，寄件人：亚瑟，电话：18111111111', 3, 1024989856838856577, 301, 0, NULL, 1608390663201193985, '2023-02-24 17:13:11', 0, '2023-02-24 17:13:11', 0, 0),
	(1608738917155954689, '您有新的运输任务！', '运输车辆：沪D34832\n运输路线：西安分拣中心——长安区营业部', 2, 1024984140988150081, 201, 0, NULL, 1608738917019168770, '2023-02-24 16:17:01', 0, '2023-02-24 16:17:01', 0, 0),
	(1608738919798366210, '您有新的运输任务！', '运输车辆：沪D34832\n运输路线：西安分拣中心——长安区营业部', 2, 1024984230121304705, 201, 0, NULL, 1608738919690940417, '2023-02-24 16:17:02', 0, '2023-02-24 16:17:02', 0, 0),
	(1608739668909449218, '您有新的运输任务！', '运输车辆：沪D34832\n运输路线：西安分拣中心——长安区营业部', 2, 1024984140988150081, 201, 0, NULL, 1608739668802023426, '2023-02-24 16:20:01', 0, '2023-02-24 16:20:01', 0, 0),
	(1608739669341462530, '您有新的运输任务！', '运输车辆：沪D34832\n运输路线：西安分拣中心——长安区营业部', 2, 1024984230121304705, 201, 0, NULL, 1608739669234036737, '2023-02-24 16:20:01', 0, '2023-02-24 16:20:01', 0, 0),
	(1608756533840928769, '您有新的运输任务！', '运输车辆：沪D34832\n运输路线：西安分拣中心——长安区营业部', 2, 1024984140988150081, 201, 0, NULL, 1608756533712531458, '2023-02-24 17:27:02', 0, '2023-02-24 17:27:02', 0, 0),
	(1608756534604292098, '您有新的运输任务！', '运输车辆：沪D34832\n运输路线：西安分拣中心——长安区营业部', 2, 1024984230121304705, 201, 0, NULL, 1608756534144544769, '2023-02-24 17:27:02', 0, '2023-02-24 17:27:02', 0, 0),
	(1610176527841714177, '您有一个新的取件订单', '地址：辽宁沈阳皇姑佳苑庄园123，寄件人：亚瑟，电话：18111111111', 3, 1024988744815617761, 301, 0, NULL, 1610176526265167873, '2023-02-24 15:29:35', 0, '2023-02-24 15:29:35', 0, 0),
	(1610183961054371841, '您有一个新的取件订单', '地址：辽宁沈阳皇姑佳苑庄园123，寄件人：亚瑟，电话：18111111111', 3, 1024989856838856577, 301, 0, NULL, 1610183960031473666, '2023-02-24 15:59:07', 0, '2023-02-24 15:59:07', 0, 0),
	(1610202333842333697, '您有一个新的取件订单', '地址：辽宁沈阳皇姑佳苑庄园123，寄件人：亚瑟，电话：18111111111', 3, 1024988744815617761, 301, 0, NULL, 1610202333486329858, '2023-02-24 17:12:07', 0, '2023-02-24 17:12:07', 0, 0),
	(1610609237534007298, '您有新的运输任务！', '运输车辆：辽A12345\n运输路线：皇姑区营业部——沈阳分拣中心', 2, 1024985621531327777, 201, 0, NULL, 1610609237263003650, '2023-02-24 20:09:01', 0, '2023-02-24 20:09:01', 0, 0),
	(1610609238045712385, '您有新的运输任务！', '运输车辆：辽A12345\n运输路线：皇姑区营业部——沈阳分拣中心', 2, 1024986076978217057, 201, 0, NULL, 1610609237862789122, '2023-02-24 20:09:01', 0, '2023-02-24 20:09:01', 0, 0),
	(1610617039027527682, '您有新的运输任务！', '运输车辆：辽B12345\n运输路线：沈阳分拣中心——武昌营业部', 2, 1024987378881793537, 201, 0, NULL, 1610617038773301249, '2023-02-24 20:40:01', 0, '2023-02-24 20:40:01', 0, 0),
	(1610617039350489090, '您有新的运输任务！', '运输车辆：辽B12345\n运输路线：沈阳分拣中心——武昌营业部', 2, 1024997316655995489, 201, 0, NULL, 1610617039192731650, '2023-02-24 20:40:01', 0, '2023-02-24 20:40:01', 0, 0),
	(1610981994562150402, '您有一个新的取件订单', '地址：辽宁沈阳皇姑城建北尚社区19号楼，寄件人：张同学，电话：13512345678', 3, 1024988744815617761, 301, 0, NULL, 1610981994378113025, '2023-02-24 20:50:13', 0, '2023-02-24 20:50:13', 0, 0),
	(1610982111067332609, '您有一个新的取件订单', '地址：辽宁沈阳皇姑城建北尚社区19号楼，寄件人：张同学，电话：13512345678', 3, 1024989856838856577, 301, 0, NULL, 1610982110820380674, '2023-02-24 20:50:41', 0, '2023-02-24 20:50:41', 0, 0),
	(1610982525925941249, '您有一个新的取件订单', '地址：辽宁沈阳皇姑城建北尚社区19号楼，寄件人：张同学，电话：13512345678', 3, 1024988744815617761, 301, 0, NULL, 1610982525414748162, '2023-02-24 20:52:19', 0, '2023-02-24 20:52:19', 0, 0),
	(1610982619018518530, '您有一个新的取件订单', '地址：辽宁沈阳皇姑城建北尚社区19号楼，寄件人：张同学，电话：13512345678', 3, 1024989856838856577, 301, 1, '2023-02-24 14:37:00', 1610982618498936833, '2023-02-24 20:52:42', 0, '2023-02-24 20:52:42', 0, 0),
	(1610982900078829569, '您有一个新的取件订单', '地址：辽宁沈阳皇姑城建北尚社区19号楼，寄件人：张同学，电话：13512345678', 3, 1024988744815617761, 301, 0, NULL, 1610982899940929537, '2023-02-24 20:53:49', 0, '2023-02-24 20:53:49', 0, 0),
	(1610982993196572673, '您有一个新的取件订单', '地址：辽宁沈阳皇姑城建北尚社区19号楼，寄件人：张同学，电话：13512345678', 3, 1024989856838856577, 301, 1, '2023-02-24 14:37:08', 1610982992169480194, '2023-02-24 20:54:11', 0, '2023-02-24 20:54:11', 0, 0),
	(1610984913957117954, '您有一个新的取件订单', '地址：辽宁沈阳皇姑城建北尚社区19号楼，寄件人：张同学，电话：13512345678', 3, 1024988744815617761, 301, 0, NULL, 1610984913810829313, '2023-02-24 21:01:49', 0, '2023-02-24 21:01:49', 0, 0),
	(1610989500181078017, '您有新的运输任务！', '运输车辆：辽B12345\n运输路线：沈阳分拣中心——武昌营业部', 2, 1024987378881793537, 201, 0, NULL, 1610989498500788226, '2023-02-24 21:20:02', 0, '2023-02-24 21:20:02', 0, 0),
	(1610989501430980610, '您有新的运输任务！', '运输车辆：辽B12345\n运输路线：沈阳分拣中心——武昌营业部', 2, 1024997316655995489, 201, 0, NULL, 1610989501008982017, '2023-02-24 21:20:03', 0, '2023-02-24 21:20:03', 0, 0),
	(1610990754282168321, '您有新的运输任务！', '运输车辆：辽A12345\n运输路线：皇姑区营业部——沈阳分拣中心', 2, 1024985621531327777, 201, 0, NULL, 1610990753449127937, '2023-02-24 21:25:01', 0, '2023-02-24 21:25:01', 0, 0),
	(1610990755574013954, '您有新的运输任务！', '运输车辆：辽A12345\n运输路线：皇姑区营业部——沈阳分拣中心', 2, 1024986076978217057, 201, 1, '2023-02-24 21:29:13', 1610990754699030530, '2023-02-24 21:25:02', 0, '2023-02-24 21:25:02', 0, 0),
	(1610993020456230914, '您有新的运输任务！', '运输车辆：辽B12345\n运输路线：沈阳分拣中心——武昌营业部', 2, 1024987378881793537, 201, 0, NULL, 1610993019195371522, '2023-02-24 21:34:02', 0, '2023-02-24 21:34:02', 0, 0),
	(1610993022549188610, '您有新的运输任务！', '运输车辆：辽B12345\n运输路线：沈阳分拣中心——武昌营业部', 2, 1024997316655995489, 201, 0, NULL, 1610993021720342530, '2023-02-24 21:34:02', 0, '2023-02-24 21:34:02', 0, 0),
	(1610997629585285122, '您有一个新的取件订单', '地址：北京北京昌平沙河，寄件人：哈哈，电话：13146661606', 3, 1024988097613534273, 301, 0, NULL, 1610997626276491265, '2023-02-24 21:52:20', 0, '2023-02-24 21:52:20', 0, 0),
	(1611323197325402114, '您有新的运输任务！', '运输车辆：辽A12345\n运输路线：皇姑区营业部——沈阳分拣中心', 2, 1024985621531327777, 201, 0, NULL, 1611323195229876226, '2023-02-24 19:26:02', 0, '2023-02-24 19:26:02', 0, 0),
	(1611323199418359810, '您有新的运输任务！', '运输车辆：辽A12345\n运输路线：皇姑区营业部——沈阳分拣中心', 2, 1024986076978217057, 201, 0, NULL, 1611323198576930817, '2023-02-24 19:26:02', 0, '2023-02-24 19:26:02', 0, 0),
	(1612340215797342209, '您有一个新的取件订单', '地址：辽宁沈阳皇姑城建北尚社区19号楼，寄件人：张同学，电话：13512345678', 3, 1024988744815617761, 301, 0, NULL, 1612340213339992066, '2023-02-24 14:47:18', 0, '2023-02-24 14:47:18', 0, 0),
	(1612340303064031234, '您有一个新的取件订单', '地址：辽宁沈阳皇姑城建北尚社区19号楼，寄件人：张同学，电话：13512345678', 3, 1024989856838856577, 301, 0, NULL, 1612340301902721026, '2023-02-24 14:47:39', 0, '2023-02-24 14:47:39', 0, 0),
	(1612340391140220930, '您有一个新的取件订单', '地址：辽宁沈阳皇姑城建北尚社区19号楼，寄件人：张同学，电话：13512345678', 3, 1024988744815617761, 301, 0, NULL, 1612340389920190465, '2023-02-24 14:48:00', 0, '2023-02-24 14:48:00', 0, 0),
	(1612340458660126722, '您有一个新的取件订单', '地址：辽宁沈阳皇姑城建北尚社区19号楼，寄件人：张同学，电话：13512345678', 3, 1024989856838856577, 301, 0, NULL, 1612340457029054465, '2023-02-24 14:48:16', 0, '2023-02-24 14:48:16', 0, 0),
	(1612342412480176129, '您有新的运输任务！', '运输车辆：辽A12345\n运输路线：皇姑区营业部——沈阳分拣中心', 2, 1024985621531327777, 201, 0, NULL, 1612342411944931329, '2023-02-24 14:56:02', 0, '2023-02-24 14:56:02', 0, 0),
	(1612342415290359810, '您有新的运输任务！', '运输车辆：辽A12345\n运输路线：皇姑区营业部——沈阳分拣中心', 2, 1024986076978217057, 201, 0, NULL, 1612342413622652930, '2023-02-24 14:56:02', 0, '2023-02-24 14:56:02', 0, 0),
	(1612345431833796609, '您有新的运输任务！', '运输车辆：辽B12345\n运输路线：沈阳分拣中心——武昌营业部', 2, 1024987378881793537, 201, 0, NULL, 1612345429738270722, '2023-02-24 15:08:02', 0, '2023-02-24 15:08:02', 0, 0),
	(1612345433582821377, '您有新的运输任务！', '运输车辆：辽B12345\n运输路线：沈阳分拣中心——武昌营业部', 2, 1024997316655995489, 201, 0, NULL, 1612345433102102529, '2023-02-24 15:08:02', 0, '2023-02-24 15:08:02', 0, 0),
	(1612347925381079041, '您有一个新的派件订单', '地址：湖北武汉武昌城建北尚社区19号楼，收件人：王同学，电话：13587654321', 3, 1024995991193013985, 304, 0, NULL, 1612347760193122306, '2023-02-24 15:17:56', 0, '2023-02-24 15:17:56', 0, 0),
	(1612347930384883713, '您有一个新的派件订单', '地址：湖北武汉武昌城建北尚社区19号楼，收件人：王同学，电话：13587654321', 3, 1024995991193013985, 304, 0, NULL, 1612347926304337921, '2023-02-24 15:17:57', 0, '2023-02-24 15:17:57', 0, 0),
	(1612347935833284610, '您有一个新的派件订单', '地址：湖北武汉武昌城建北尚社区19号楼，收件人：王同学，电话：13587654321', 3, 1024995991193013985, 304, 0, NULL, 1612347930892906498, '2023-02-24 15:17:59', 0, '2023-02-24 15:17:59', 0, 0),
	(1612347940061143042, '您有一个新的派件订单', '地址：湖北武汉武昌城建北尚社区19号楼，收件人：王同学，电话：13587654321', 3, 1024995991193013985, 304, 0, NULL, 1612347936353890306, '2023-02-24 15:18:00', 0, '2023-02-24 15:18:00', 0, 0),
	(1612349084669927425, '您有一个派件已签收', '地址：湖北武汉武昌楚天传媒大厦三层302，收件人：王同学，电话：13587654321', 3, 1024995991193013985, 302, 0, NULL, 1612347936353890306, '2023-02-24 15:22:32', 1024995991193013985, '2023-02-24 15:22:32', 1024995991193013985, 0),
	(1612349116529860609, '您有一个派件已签收', '地址：湖北武汉武昌楚天传媒大厦三层302，收件人：王同学，电话：13587654321', 3, 1024995991193013985, 302, 0, NULL, 1612347930892906498, '2023-02-24 15:22:40', 1024995991193013985, '2023-02-24 15:22:40', 1024995991193013985, 0),
	(1612349615245189122, '您有一个新的取件订单', '地址：辽宁沈阳皇姑城建北尚社区19号楼，寄件人：张同学，电话：13512345678', 3, 1024988744815617761, 301, 0, NULL, 1612349612011892737, '2023-02-24 15:24:39', 0, '2023-02-24 15:24:39', 0, 0),
	(1612349689069133826, '您有一个新的取件订单', '地址：辽宁沈阳皇姑城建北尚社区19号楼，寄件人：张同学，电话：13512345678', 3, 1024989856838856577, 301, 0, NULL, 1612349684984393729, '2023-02-24 15:24:57', 0, '2023-02-24 15:24:57', 0, 0),
	(1629147646934978561, '您有新的运输任务！', '运输车辆：辽A12345\n运输路线：皇姑区营业部——沈阳分拣中心', 2, 1024985621531327777, 201, 0, NULL, 1629147646118588417, '2023-02-24 23:54:02', 0, '2023-02-24 23:54:02', 0, 0),
	(1629147648608505857, '您有新的运输任务！', '运输车辆：辽A12345\n运输路线：皇姑区营业部——沈阳分拣中心', 2, 1024986076978217057, 201, 0, NULL, 1629147648177991681, '2023-02-24 23:54:02', 0, '2023-02-24 23:54:02', 0, 0),
	(1629147650319781889, '您有新的运输任务！', '运输车辆：string\n运输路线：沈阳分拣中心——武昌营业部', 2, 1024987378881793537, 201, 0, NULL, 1629147650023485441, '2023-02-24 23:54:03', 0, '2023-02-24 23:54:03', 0, 0),
	(1629147652022669313, '您有新的运输任务！', '运输车辆：string\n运输路线：沈阳分拣中心——武昌营业部', 2, 1024997316655995489, 201, 0, NULL, 1629147651546017794, '2023-02-24 23:54:03', 0, '2023-02-24 23:54:03', 0, 0),
	(1629147655780765697, '您有新的运输任务！', '运输车辆：string\n运输路线：沈阳分拣中心——武昌营业部', 2, 1024987378881793537, 201, 0, NULL, 1629147655320891393, '2023-02-24 23:54:04', 0, '2023-02-24 23:54:04', 0, 0),
	(1629147657060028418, '您有新的运输任务！', '运输车辆：string\n运输路线：沈阳分拣中心——武昌营业部', 2, 1024997316655995489, 201, 0, NULL, 1629147656579182593, '2023-02-24 23:54:04', 0, '2023-02-24 23:54:04', 0, 0);

-- 导出  表 sl_base.sl_truck 结构
CREATE TABLE IF NOT EXISTS `sl_truck` (
  `id` bigint NOT NULL COMMENT 'id',
  `truck_type_id` bigint DEFAULT NULL COMMENT '车辆类型id',
  `brand` varchar(255) DEFAULT NULL COMMENT '品牌',
  `license_plate` varchar(255) DEFAULT NULL COMMENT '车牌号码',
  `device_gps_id` varchar(255) DEFAULT NULL COMMENT 'GPS设备id',
  `allowable_load` decimal(32,2) DEFAULT NULL COMMENT '准载重量',
  `allowable_volume` decimal(32,2) DEFAULT NULL COMMENT '准载体积',
  `truck_license_id` bigint DEFAULT NULL COMMENT '车辆行驶证信息id',
  `current_organ_id` bigint DEFAULT NULL COMMENT '当前所在机构id',
  `run_status` tinyint DEFAULT '1' COMMENT '运输状态 0：已到达 1：运输中',
  `status` tinyint NOT NULL DEFAULT '1' COMMENT '状态 0：禁用 1：正常',
  `work_status` tinyint NOT NULL DEFAULT '0' COMMENT '工作状态：1启用 0停用',
  `picture` varchar(255) CHARACTER SET utf8mb4 COLLATE utf8mb4_0900_ai_ci DEFAULT NULL COMMENT '图片信息',
  `loading_ratio` double DEFAULT NULL COMMENT '满载系数',
  `created` datetime DEFAULT NULL COMMENT '创建时间',
  `updated` datetime DEFAULT NULL COMMENT '更新时间',
  PRIMARY KEY (`id`) USING BTREE,
  UNIQUE KEY `license_plate_index` (`license_plate`) USING BTREE
) ENGINE=InnoDB DEFAULT CHARSET=utf8mb4 COLLATE=utf8mb4_0900_ai_ci ROW_FORMAT=DYNAMIC COMMENT='车辆信息表';

-- 正在导出表  sl_base.sl_truck 的数据：~76 rows (大约)
INSERT INTO `sl_truck` (`id`, `truck_type_id`, `brand`, `license_plate`, `device_gps_id`, `allowable_load`, `allowable_volume`, `truck_license_id`, `current_organ_id`, `run_status`, `status`, `work_status`, `picture`, `loading_ratio`, `created`, `updated`) VALUES
	(1575066537559928833, 1575066321985286145, NULL, '陕K39283', '688668', 10.00, 10.00, 1575084745159421954, 1024772301733870785, 1, 1, 1, 'https://yjy-slwl-oss.oss-cn-hangzhou.aliyuncs.com/492d67ab-c6b1-4e90-89d6-1036c611692e.png,https://yjy-slwl-oss.oss-cn-hangzhou.aliyuncs.com/fc4643ea-2420-4b5c-a0f0-b2a77700a931.png', NULL, '2022-09-28 18:15:01', '2022-09-29 15:07:26'),
	(1575079060036202497, 1575066321985286145, NULL, '陕A34454', '234456', 10.00, 10.00, 1575084497594822658, 1024706903290237921, 1, 1, 1, 'https://yjy-slwl-oss.oss-cn-hangzhou.aliyuncs.com/61032c27-43eb-49cc-86df-ba8cbeb2c27d.png,https://yjy-slwl-oss.oss-cn-hangzhou.aliyuncs.com/3b59ab0c-59fc-4c96-a645-eda33696204b.png', NULL, '2022-09-28 19:04:46', '2022-09-29 16:13:05'),
	(1575257872342528002, 1575257460197634049, NULL, '粤A43412', '123132', 20.00, 20.00, 1575669177708912642, NULL, 1, 1, 0, 'https://yjy-slwl-oss.oss-cn-hangzhou.aliyuncs.com/0b48b3a8-7b49-4941-af9e-9f657dd55dbf.png,https://yjy-slwl-oss.oss-cn-hangzhou.aliyuncs.com/77e83ee4-7423-4cd5-8ebf-83f552894119.png', NULL, '2022-09-29 06:55:18', '2022-09-30 10:09:41'),
	(1575257934065905665, 1575257460197634049, NULL, '粤A11223', '123123', 20.00, 20.00, 1575668857754820610, NULL, 1, 1, 1, 'https://yjy-slwl-oss.oss-cn-hangzhou.aliyuncs.com/6703d31c-bc41-4493-9057-f1709a391473.png,https://yjy-slwl-oss.oss-cn-hangzhou.aliyuncs.com/2d75f166-50c3-42f0-b0f5-1df8f65fc1c7.png', NULL, '2022-09-29 06:55:33', '2022-10-06 10:23:19'),
	(1575258068635955202, 1575066321985286145, NULL, '粤B32121', '123123', 10.00, 10.00, 1575668339930243074, NULL, 1, 1, 0, 'https://yjy-slwl-oss.oss-cn-hangzhou.aliyuncs.com/bd7f1de5-7a7e-4464-a686-b136349514ed.png,https://yjy-slwl-oss.oss-cn-hangzhou.aliyuncs.com/08040155-b879-404a-bd4c-0a1c458e0b8e.png', NULL, '2022-09-29 06:56:05', '2022-09-30 10:06:21'),
	(1575258112063778818, 1575066321985286145, NULL, '粤B35454', '123123', 10.00, 10.00, 1575667743009480705, NULL, 1, 1, 0, 'https://yjy-slwl-oss.oss-cn-hangzhou.aliyuncs.com/fd504dc5-35e3-4965-97a6-49fc8f6061c6.png,https://yjy-slwl-oss.oss-cn-hangzhou.aliyuncs.com/f41b379c-bba6-4ba0-bfb4-6358cf02d5c0.png', NULL, '2022-09-29 06:56:15', '2022-09-30 10:04:18'),
	(1575258289554141186, 1575257668885229569, NULL, '鄂A21212', '123123', 12.00, 12.00, 1575667492349485058, NULL, 1, 1, 0, 'https://yjy-slwl-oss.oss-cn-hangzhou.aliyuncs.com/ee84b38a-c46c-4599-88f0-92f8c0357eda.png,https://yjy-slwl-oss.oss-cn-hangzhou.aliyuncs.com/dd78ffd3-7fd5-49db-9fb8-3bfc414a4434.png', NULL, '2022-09-29 06:56:58', '2022-09-30 10:03:00'),
	(1575258333778882562, 1575257668885229569, NULL, '鄂A32323', '232323', 12.00, 12.00, 1575667203932364801, NULL, 1, 1, 0, 'https://yjy-slwl-oss.oss-cn-hangzhou.aliyuncs.com/3146c100-3801-4817-af82-3933890b9f3d.png,https://yjy-slwl-oss.oss-cn-hangzhou.aliyuncs.com/041e3b0d-6838-46dd-b3e0-175056c77d0c.png', NULL, '2022-09-29 06:57:08', '2022-09-30 10:02:00'),
	(1575258386480312322, 1575257460197634049, NULL, '鄂W23423', '34234', 20.00, 20.00, 1575666890563330049, NULL, 1, 1, 0, 'https://yjy-slwl-oss.oss-cn-hangzhou.aliyuncs.com/b48c2258-78e3-4aca-aab5-51e83aa71cf5.png,https://yjy-slwl-oss.oss-cn-hangzhou.aliyuncs.com/7a39a663-2116-4be5-a3b1-53c27bbe0d09.png', NULL, '2022-09-29 06:57:21', '2022-09-30 10:00:45'),
	(1575258432936423425, 1575257668885229569, NULL, '鄂W54545', '123123', 12.00, 12.00, 1575666574790959106, NULL, 1, 1, 0, 'https://yjy-slwl-oss.oss-cn-hangzhou.aliyuncs.com/73edd221-708c-484d-a5a0-3a78561ed566.png,https://yjy-slwl-oss.oss-cn-hangzhou.aliyuncs.com/39ddedf0-c0b5-4675-9a9f-a4b6d70a70be.png', NULL, '2022-09-29 06:57:32', '2022-09-30 09:59:31'),
	(1575258557180096513, 1575066321985286145, NULL, '沪A21212', '234234234', 10.00, 10.00, 1575658946316673025, NULL, 1, 1, 0, 'https://yjy-slwl-oss.oss-cn-hangzhou.aliyuncs.com/7d116b81-36ec-4240-b30b-73ccc7ea536e.png,https://yjy-slwl-oss.oss-cn-hangzhou.aliyuncs.com/b758fe1f-ef41-4df7-87ea-9c181b416c5a.png', NULL, '2022-09-29 06:58:02', '2022-09-30 09:29:48'),
	(1575258705310330881, 1575257460197634049, NULL, '沪D34832', '234234234', 20.00, 20.00, 1575288120861863938, 1024772115791985729, 1, 1, 1, 'https://yjy-slwl-oss.oss-cn-hangzhou.aliyuncs.com/0eeeee08-c0ca-4468-b2b5-3db9de2e9252.jpeg,https://yjy-slwl-oss.oss-cn-hangzhou.aliyuncs.com/7b739899-4b70-48d8-8be0-f54ee0da67ec.jpeg', NULL, '2022-09-29 06:58:37', '2023-01-14 16:02:38'),
	(1575258765238546434, 1575257668885229569, NULL, '沪D32222', '123123', 12.00, 12.00, 1575287391048773633, 1024706903290237921, 0, 1, 1, 'https://yjy-slwl-oss.oss-cn-hangzhou.aliyuncs.com/b16a358c-3dca-42cd-951b-98e1593f1b47.jpeg,https://yjy-slwl-oss.oss-cn-hangzhou.aliyuncs.com/9a0da360-81c5-43c7-92ce-2f44040fc0fb.jpeg', NULL, '2022-09-29 06:58:51', '2022-10-13 18:35:45'),
	(1575324652796719106, 1575257668885229569, NULL, '陕A88665', '456456', 12.00, 12.00, 1575326228563177473, NULL, 1, 1, 0, 'https://yjy-slwl-oss.oss-cn-hangzhou.aliyuncs.com/5fdb61de-b47f-4f53-932b-bd279981562c.png,https://yjy-slwl-oss.oss-cn-hangzhou.aliyuncs.com/f3f4214f-ef64-4b54-baf1-c04fc04ff388.png', NULL, '2022-09-29 11:20:40', '2022-09-29 11:26:57'),
	(1575324761915731969, 1575257668885229569, NULL, '陕A66223', '123321', 12.00, 12.00, 1575325680925487106, NULL, 1, 1, 0, 'https://yjy-slwl-oss.oss-cn-hangzhou.aliyuncs.com/0120255a-0e4f-4565-8412-43e0626c8d3b.png,https://yjy-slwl-oss.oss-cn-hangzhou.aliyuncs.com/9e6935b9-7557-4d37-bd15-ac968e42f982.png', NULL, '2022-09-29 11:21:06', '2022-09-29 17:43:06'),
	(1575326402853285890, 1575257460197634049, NULL, '川A44663', '245456', 20.00, 20.00, 1575327216791531522, 1024706655985685345, 1, 1, 1, 'https://yjy-slwl-oss.oss-cn-hangzhou.aliyuncs.com/8663947a-d774-4bd5-908c-9518546d4a3b.png,https://yjy-slwl-oss.oss-cn-hangzhou.aliyuncs.com/7186a53c-708f-48d9-8ea2-bc845ef1c092.png', NULL, '2022-09-29 11:27:37', '2022-09-29 15:47:37'),
	(1575326469345587201, 1575257460197634049, NULL, '川A67894', '125678', 20.00, 20.00, 1575326830299000834, 1024704844486756641, 1, 1, 1, 'https://yjy-slwl-oss.oss-cn-hangzhou.aliyuncs.com/6f6ae970-8216-4878-971a-8f477240d3ab.png,https://yjy-slwl-oss.oss-cn-hangzhou.aliyuncs.com/1d4b1a38-07d6-4804-b6fd-5b1c464e466d.png', NULL, '2022-09-29 11:27:53', '2022-09-30 10:11:50'),
	(1575348410018246657, 1575066321985286145, NULL, '辽A12345', '1234564', 10.00, 10.00, 1575349834030592002, NULL, 0, 1, 1, 'https://yjy-slwl-oss.oss-cn-hangzhou.aliyuncs.com/ef350b53-d17e-4e5e-8f94-019620bc4864.png,https://yjy-slwl-oss.oss-cn-hangzhou.aliyuncs.com/9375bc47-5d6b-4c7d-be11-3a5a2387105b.png', NULL, '2022-09-29 12:55:04', '2022-10-06 14:37:42'),
	(1575348617611128834, 1575066321985286145, NULL, '鄂A12345', '123456', 10.00, 10.00, 1575349401815953410, NULL, 1, 1, 1, 'https://yjy-slwl-oss.oss-cn-hangzhou.aliyuncs.com/349fb543-2817-460e-9bcd-8849d7e3a24d.png,https://yjy-slwl-oss.oss-cn-hangzhou.aliyuncs.com/3e4e507a-ab9b-4c8e-a597-c9fd4f18d762.png', NULL, '2022-09-29 12:55:54', '2022-10-06 09:30:23'),
	(1575354299601203202, 1575257460197634049, NULL, '鄂B12345', '12345', 20.00, 20.00, 1575354489913552897, NULL, 1, 1, 1, 'https://yjy-slwl-oss.oss-cn-hangzhou.aliyuncs.com/924fc07e-164a-474d-8125-707e74ff806e.png,https://yjy-slwl-oss.oss-cn-hangzhou.aliyuncs.com/e7904a87-672c-4079-bb84-4e01c48aba8f.png', NULL, '2022-09-29 13:18:28', '2022-09-30 10:11:37'),
	(1575354690074128386, 0, 'string', 'string', '123', 33.00, 33.00, 0, 1024984540818568481, 1, 0, 1, 'https://yjy-slwl-oss.oss-cn-hangzhou.aliyuncs.com/1d3f97e1-a592-48d8-ab1c-bdda6ee6db6e.png,https://yjy-slwl-oss.oss-cn-hangzhou.aliyuncs.com/b02e439d-5aa0-4073-83a2-31d85c8e2750.png', NULL, '2022-09-29 13:20:01', '2023-02-23 21:29:16'),
	(1580391145201692674, 1575066321985286145, NULL, '豫F16806', '123', 10.00, 10.00, 1580733308242964481, NULL, 1, 1, 0, NULL, NULL, '2022-10-13 10:53:06', '2022-10-14 09:32:44'),
	(1627991740373340162, NULL, NULL, 'a123', '123', 0.00, 0.00, NULL, NULL, 1, 1, 0, NULL, NULL, '2023-02-21 19:20:52', '2023-02-21 19:20:52'),
	(1627994255290601474, 1575066321985286145, NULL, 'a12345', '12345', 10.00, 10.00, NULL, NULL, 1, 1, 0, NULL, NULL, '2023-02-21 19:30:52', '2023-02-21 19:30:52'),
	(1628011284143869954, 1575257668885229569, NULL, 'qq123456', '159753', 12.00, 12.00, NULL, NULL, 1, 1, 0, 'http://sharke77-1316936177.cos.ap-nanjing.myqcloud.com/20220506212224_85aab.jpg', NULL, '2023-02-21 20:38:32', '2023-02-22 20:21:24'),
	(1628360681000079362, NULL, NULL, NULL, NULL, 32.00, 23.00, NULL, NULL, 1, 1, 0, NULL, NULL, '2023-02-22 19:46:54', '2023-02-22 19:46:54'),
	(1628360837040771074, NULL, NULL, NULL, NULL, 33.00, 33.00, NULL, NULL, 1, 1, 0, NULL, NULL, '2023-02-22 19:47:32', '2023-02-22 19:47:32'),
	(1628417107819040770, 1575066321985286145, NULL, '浙DC6666', '123', 10.00, 10.00, NULL, NULL, 1, 1, 0, NULL, NULL, '2023-02-22 23:31:08', '2023-02-22 23:31:08'),
	(1628459870002417666, 0, NULL, NULL, NULL, 0.00, 0.00, NULL, NULL, 1, 1, 0, NULL, NULL, '2023-02-23 02:21:03', '2023-02-23 02:21:03'),
	(1628460076374757378, 1, NULL, NULL, NULL, 1.00, 1.00, NULL, NULL, 1, 1, 0, NULL, NULL, '2023-02-23 02:21:52', '2023-02-23 02:21:52'),
	(1628460397641666562, 1, NULL, NULL, NULL, 1.00, 1.00, NULL, NULL, 1, 1, 0, NULL, NULL, '2023-02-23 02:23:09', '2023-02-23 02:23:09'),
	(1628461156152184834, 0, NULL, NULL, NULL, 3.00, 4.00, NULL, NULL, 1, 1, 0, NULL, NULL, '2023-02-23 02:26:10', '2023-02-23 02:26:10'),
	(1628461431113977857, 1, NULL, NULL, NULL, 3.00, 4.00, NULL, NULL, 1, 1, 0, NULL, NULL, '2023-02-23 02:27:15', '2023-02-23 02:27:15'),
	(1628461487317651457, 3, NULL, NULL, NULL, 3.00, 4.00, NULL, NULL, 1, 1, 0, NULL, NULL, '2023-02-23 02:27:29', '2023-02-23 02:27:29'),
	(1628461538941145089, 3, NULL, NULL, NULL, 3.00, 4.00, NULL, NULL, 1, 1, 0, NULL, NULL, '2023-02-23 02:27:41', '2023-02-23 02:27:41'),
	(1628462066995630082, NULL, NULL, NULL, NULL, 3.00, 4.00, NULL, NULL, 1, 1, 0, NULL, NULL, '2023-02-23 02:29:47', '2023-02-23 02:29:47'),
	(1628462400853839873, NULL, NULL, NULL, NULL, 3.00, 4.00, NULL, NULL, 1, 1, 0, NULL, NULL, '2023-02-23 02:31:06', '2023-02-23 02:31:06'),
	(1628462926412713986, NULL, NULL, NULL, NULL, 4.00, 4.00, NULL, NULL, 1, 1, 0, NULL, NULL, '2023-02-23 02:33:12', '2023-02-23 02:33:12'),
	(1628463745140854786, NULL, NULL, NULL, NULL, 0.00, 0.00, NULL, NULL, 1, 1, 0, NULL, NULL, '2023-02-23 02:36:27', '2023-02-23 02:36:27'),
	(1628464254316777474, NULL, NULL, NULL, NULL, 4.00, 4.00, NULL, NULL, 1, 1, 0, NULL, NULL, '2023-02-23 02:38:28', '2023-02-23 02:38:28'),
	(1628465521852223489, NULL, NULL, NULL, NULL, 4.00, 4.00, NULL, NULL, 1, 1, 0, NULL, NULL, '2023-02-23 02:43:30', '2023-02-23 02:43:30'),
	(1628551152313896961, NULL, NULL, NULL, NULL, 4.00, 4.00, NULL, NULL, 1, 1, 0, NULL, NULL, '2023-02-23 08:23:46', '2023-02-23 08:23:46'),
	(1628595796083019778, NULL, NULL, NULL, NULL, 4.00, 4.00, NULL, NULL, 1, 1, 0, NULL, NULL, '2023-02-23 11:21:10', '2023-02-23 11:21:10'),
	(1628595873237241858, NULL, NULL, NULL, NULL, 4.00, 4.00, NULL, NULL, 1, 1, 0, NULL, NULL, '2023-02-23 11:21:29', '2023-02-23 11:21:29'),
	(1628625183054565378, NULL, NULL, NULL, NULL, 4.00, 4.00, NULL, NULL, 1, 1, 0, NULL, NULL, '2023-02-23 13:17:57', '2023-02-23 13:17:57'),
	(1628625223311495169, NULL, NULL, NULL, NULL, 4.00, 4.00, NULL, NULL, 1, 1, 0, NULL, NULL, '2023-02-23 13:18:06', '2023-02-23 13:18:06'),
	(1628625654905376769, NULL, NULL, NULL, NULL, 4.00, 4.00, NULL, NULL, 1, 1, 0, NULL, NULL, '2023-02-23 13:19:49', '2023-02-23 13:19:49'),
	(1628626028617863170, NULL, NULL, NULL, NULL, 4.00, 4.00, NULL, NULL, 1, 1, 0, NULL, NULL, '2023-02-23 13:21:18', '2023-02-23 13:21:18'),
	(1628626076437123074, NULL, NULL, NULL, NULL, 4.00, 4.00, NULL, NULL, 1, 1, 0, NULL, NULL, '2023-02-23 13:21:30', '2023-02-23 13:21:30'),
	(1628626558371041281, NULL, NULL, NULL, NULL, 4.00, 4.00, NULL, NULL, 1, 1, 0, NULL, NULL, '2023-02-23 13:23:25', '2023-02-23 13:23:25'),
	(1628626967709945858, NULL, NULL, NULL, NULL, 4.00, 4.00, NULL, NULL, 1, 1, 0, NULL, NULL, '2023-02-23 13:25:02', '2023-02-23 13:25:02'),
	(1628627299903016961, NULL, NULL, NULL, NULL, 4.00, 4.00, NULL, NULL, 1, 1, 0, NULL, NULL, '2023-02-23 13:26:21', '2023-02-23 13:26:21'),
	(1628627382107181057, NULL, NULL, NULL, NULL, 4.00, 4.00, NULL, NULL, 1, 1, 0, NULL, NULL, '2023-02-23 13:26:41', '2023-02-23 13:26:41'),
	(1628628036422799362, NULL, NULL, NULL, NULL, 4.00, 4.00, NULL, NULL, 1, 1, 0, NULL, NULL, '2023-02-23 13:29:17', '2023-02-23 13:29:17'),
	(1628628067888467970, NULL, NULL, NULL, NULL, 4.00, 4.00, NULL, NULL, 1, 1, 0, NULL, NULL, '2023-02-23 13:29:24', '2023-02-23 13:29:24'),
	(1628628132912762882, NULL, NULL, NULL, NULL, 4234.00, 432423.00, NULL, NULL, 1, 1, 0, NULL, NULL, '2023-02-23 13:29:40', '2023-02-23 13:29:40'),
	(1628628189930131457, NULL, NULL, NULL, NULL, 4234.00, 432423234234.00, NULL, NULL, 1, 1, 0, NULL, NULL, '2023-02-23 13:29:54', '2023-02-23 13:29:54'),
	(1628640228010430465, NULL, NULL, NULL, NULL, 4234.00, 4324.00, NULL, NULL, 1, 1, 0, NULL, NULL, '2023-02-23 14:17:44', '2023-02-23 14:17:44'),
	(1628704786754375682, 1575066321985286100, NULL, NULL, '66666', 0.00, 0.00, NULL, NULL, 1, 1, 0, NULL, NULL, '2023-02-23 18:34:16', '2023-02-23 18:34:16'),
	(1628704806861869057, NULL, NULL, NULL, '', 0.00, 0.00, NULL, NULL, 1, 1, 0, NULL, NULL, '2023-02-23 18:34:20', '2023-02-23 18:34:20'),
	(1628705106351951874, NULL, NULL, NULL, '', 0.00, 0.00, NULL, NULL, 1, 1, 0, NULL, NULL, '2023-02-23 18:35:32', '2023-02-23 18:35:32'),
	(1628705977966071809, NULL, NULL, NULL, '', 0.00, 0.00, NULL, NULL, 1, 1, 0, NULL, NULL, '2023-02-23 18:39:00', '2023-02-23 18:39:00'),
	(1628708468497649666, 1575066321985286100, NULL, NULL, '88888', 0.00, 0.00, NULL, NULL, 1, 1, 0, NULL, NULL, '2023-02-23 18:48:53', '2023-02-23 18:48:53'),
	(1628708644234792961, 1575066321985286100, NULL, NULL, '888888', 0.00, 0.00, NULL, NULL, 1, 1, 0, NULL, NULL, '2023-02-23 18:49:35', '2023-02-23 18:49:35'),
	(1628708851857035265, 1575066321985286100, NULL, NULL, '888888', 0.00, 0.00, NULL, NULL, 1, 1, 0, NULL, NULL, '2023-02-23 18:50:25', '2023-02-23 18:50:25'),
	(1628709639987728385, 1575066321985286100, NULL, NULL, '74566', 0.00, 0.00, NULL, NULL, 1, 1, 0, NULL, NULL, '2023-02-23 18:53:33', '2023-02-23 18:53:33'),
	(1628744869188538370, 1575066321985286145, NULL, '44455', '44445', 10.00, 10.00, NULL, NULL, 1, 1, 0, NULL, NULL, '2023-02-23 21:13:32', '2023-02-23 21:13:32'),
	(1628745054148956162, 1575066321985286145, NULL, '445', '4545', 10.00, 10.00, NULL, NULL, 1, 1, 0, NULL, NULL, '2023-02-23 21:14:16', '2023-02-23 21:14:16'),
	(1628940282638176257, 1575066321985286145, NULL, '浙7d2s5', '14785', 10.00, 10.00, NULL, NULL, 1, 1, 0, NULL, NULL, '2023-02-24 10:10:02', '2023-02-24 10:10:02'),
	(1628970060103618562, 1575257460197634049, NULL, '11', '11', 31.00, 31.00, NULL, NULL, 1, 1, 0, NULL, NULL, '2023-02-24 12:08:22', '2023-02-24 12:08:22'),
	(1628970141066268674, 1575066321985286145, NULL, '11111', '11111', 10.00, 10.00, NULL, NULL, 1, 1, 0, NULL, NULL, '2023-02-24 12:08:41', '2023-02-24 12:08:41'),
	(1629047459692482561, 0, '', '44', '44', 0.00, 0.00, 0, NULL, 0, 0, 0, '', 0, '2023-02-24 17:15:55', '2023-02-24 17:15:55'),
	(1629047627049406466, 0, '', '4444444444', '444444444', 0.00, 0.00, 0, NULL, 0, 0, 0, '', 0, '2023-02-24 17:16:35', '2023-02-24 17:16:35'),
	(1629047845560061953, 0, '', '浙66666', '66666', 0.00, 0.00, 0, NULL, 0, 0, 0, '', 0, '2023-02-24 17:17:27', '2023-02-24 17:17:27'),
	(1629073611614130178, 1575257460197634049, NULL, '23121212', '234', 31.00, 31.00, NULL, NULL, 1, 1, 0, NULL, NULL, '2023-02-24 18:59:50', '2023-02-24 18:59:50'),
	(1629074877866119170, 1628963092978798594, NULL, '赣A2222', '2222', 100.00, 50.00, NULL, NULL, 1, 1, 0, NULL, NULL, '2023-02-24 19:04:52', '2023-02-24 19:04:52');

-- 导出  表 sl_base.sl_truck_driver 结构
CREATE TABLE IF NOT EXISTS `sl_truck_driver` (
  `id` bigint NOT NULL,
  `user_id` bigint NOT NULL DEFAULT '0' COMMENT '用户id，来自用户表',
  `age` int DEFAULT NULL COMMENT '年龄',
  `picture` varchar(255) DEFAULT NULL COMMENT '图片',
  `driving_age` int DEFAULT NULL COMMENT '驾龄',
  `truck_id` bigint DEFAULT NULL COMMENT '车辆ID',
  `created` datetime DEFAULT NULL COMMENT '创建时间',
  `updated` datetime DEFAULT NULL COMMENT '更新时间',
  PRIMARY KEY (`id`) USING BTREE,
  UNIQUE KEY `user_id` (`user_id`) USING BTREE
) ENGINE=InnoDB DEFAULT CHARSET=utf8mb4 COLLATE=utf8mb4_0900_ai_ci ROW_FORMAT=DYNAMIC COMMENT='司机表';

-- 正在导出表  sl_base.sl_truck_driver 的数据：~26 rows (大约)
INSERT INTO `sl_truck_driver` (`id`, `user_id`, `age`, `picture`, `driving_age`, `truck_id`, `created`, `updated`) VALUES
	(1575080736843444225, 1024742265953811937, 55, NULL, NULL, 1575066537559928833, '2022-09-28 19:11:26', '2022-09-29 11:10:00'),
	(1575080776957767682, 1024742403489234657, 45, NULL, NULL, 1575066537559928833, '2022-09-28 19:11:35', '2022-09-29 11:10:01'),
	(1575082534949957633, 1024740402994968929, 23, NULL, NULL, 0, '2022-09-28 19:18:35', '2022-09-29 11:09:59'),
	(1575082842006564865, 1024738594893428865, 23, NULL, NULL, 1575326469345587201, '2022-09-28 19:19:48', '2022-09-29 11:29:50'),
	(1575082945274523649, 1024742117286706369, 23, NULL, NULL, 1575079060036202497, '2022-09-28 19:20:12', '2022-09-29 11:10:38'),
	(1575083014728003586, 1024741978908228513, 23, NULL, NULL, 1575079060036202497, '2022-09-28 19:20:29', '2022-09-29 11:10:38'),
	(1575083084256980993, 1024738476802799553, 23, NULL, NULL, 1575326469345587201, '2022-09-28 19:20:46', '2022-09-29 11:29:50'),
	(1575085071816011777, 1024740525216987681, 45, NULL, NULL, 0, '2022-09-28 19:28:39', '2022-09-29 11:10:00'),
	(1575322224990957569, 1024976605161836353, 34, NULL, NULL, 1575326402853285890, '2022-09-29 11:11:01', '2022-09-29 11:31:07'),
	(1575322725509836802, 1024976390379916929, 23, NULL, NULL, 1575326402853285890, '2022-09-29 11:13:00', '2022-09-29 11:31:07'),
	(1575351629087846402, 1024997316655995489, NULL, NULL, NULL, 1575354690074128386, '2022-09-29 13:07:52', '2022-09-29 13:22:05'),
	(1575352172438958082, 1024994711959651169, 34, NULL, NULL, 1575354299601203202, '2022-09-29 13:10:01', '2022-09-29 13:22:18'),
	(1575352971453870081, 1024994498993865153, 32, NULL, NULL, 1575354299601203202, '2022-09-29 13:13:12', '2022-09-29 13:22:18'),
	(1575353581473443842, 1024987378881793537, 32, NULL, NULL, 1575354690074128386, '2022-09-29 13:15:37', '2022-09-29 13:22:05'),
	(1575424188991086594, 1024987310187482529, 42, NULL, NULL, 1575348617611128834, '2022-09-29 17:56:11', '2022-10-06 09:30:12'),
	(1575431288592998402, 1024986455853892225, 32, NULL, NULL, 1575348617611128834, '2022-09-29 18:24:24', '2022-10-06 09:30:18'),
	(1575431736041349122, 1024986076978217057, 32, NULL, NULL, 1575348410018246657, '2022-09-29 18:26:11', '2022-10-06 09:30:36'),
	(1575431811211665409, 1024985621531327777, 32, NULL, NULL, 1575348410018246657, '2022-09-29 18:26:29', '2022-10-06 09:30:37'),
	(1575432255078080514, 1024984516357387297, 32, NULL, NULL, 1575258765238546434, '2022-09-29 18:28:14', '2022-09-30 09:32:41'),
	(1575432611715555330, 1024984365991588705, 32, NULL, NULL, 1575258765238546434, '2022-09-29 18:29:39', '2022-09-30 09:32:42'),
	(1575433061563047937, 1024984230121304705, 32, NULL, NULL, 1575258705310330881, '2022-09-29 18:31:27', '2022-09-30 09:33:14'),
	(1575433423225298946, 1024984140988150081, 32, NULL, NULL, 1575258705310330881, '2022-09-29 18:32:53', '2022-09-30 09:33:14'),
	(1577846001713344514, 1025112013736764417, 36, NULL, NULL, 1575257934065905665, '2022-10-06 10:19:36', '2022-10-06 10:20:48'),
	(1577846629915226114, 1025104550799061921, 39, NULL, NULL, 1575257934065905665, '2022-10-06 10:22:06', '2022-10-06 10:22:16'),
	(1577846802615693313, 1025104059952247329, 39, NULL, NULL, 1575257872342528002, '2022-10-06 10:22:47', '2022-10-06 10:23:03'),
	(1628787332330622978, 1577846001713344514, 37, NULL, NULL, NULL, '2023-02-24 00:02:16', '2023-02-24 00:03:12');

-- 导出  表 sl_base.sl_truck_driver_license 结构
CREATE TABLE IF NOT EXISTS `sl_truck_driver_license` (
  `id` bigint NOT NULL,
  `user_id` bigint NOT NULL COMMENT '用户id',
  `allowable_type` varchar(255) DEFAULT NULL COMMENT '准驾车型',
  `initial_certificate_date` date DEFAULT NULL COMMENT '初次领证日期',
  `valid_period` varchar(255) DEFAULT NULL COMMENT '有效期限',
  `license_number` varchar(255) DEFAULT NULL COMMENT '驾驶证号',
  `driver_age` int DEFAULT NULL COMMENT '驾龄',
  `license_type` varchar(255) DEFAULT NULL COMMENT '驾驶证类型',
  `qualification_certificate` varchar(255) DEFAULT NULL COMMENT '从业资格证信息',
  `pass_certificate` varchar(255) DEFAULT NULL COMMENT '入场证信息',
  `picture` varchar(255) DEFAULT NULL COMMENT '图片',
  `created` datetime DEFAULT NULL COMMENT '创建时间',
  `updated` datetime DEFAULT NULL COMMENT '更新时间',
  PRIMARY KEY (`id`) USING BTREE,
  UNIQUE KEY `user_id` (`user_id`) USING BTREE
) ENGINE=InnoDB DEFAULT CHARSET=utf8mb4 COLLATE=utf8mb4_0900_ai_ci ROW_FORMAT=DYNAMIC COMMENT='司机驾驶证表';

-- 正在导出表  sl_base.sl_truck_driver_license 的数据：~25 rows (大约)
INSERT INTO `sl_truck_driver_license` (`id`, `user_id`, `allowable_type`, `initial_certificate_date`, `valid_period`, `license_number`, `driver_age`, `license_type`, `qualification_certificate`, `pass_certificate`, `picture`, `created`, `updated`) VALUES
	(1575080045827665921, 1024742403489234657, '小车', '2020-02-04', '10', '123444444454545', 2, 'c', NULL, '正确', 'https://yjy-slwl-oss.oss-cn-hangzhou.aliyuncs.com/2623d6d6-9780-4217-b76a-0697876e38dc.png,https://yjy-slwl-oss.oss-cn-hangzhou.aliyuncs.com/11d3ea94-0133-4a8e-8344-39f5268e4275.png', '2022-09-28 19:08:41', '2022-09-28 19:11:52'),
	(1575081086816169986, 1024742265953811937, 'A', '2010-02-11', '10', '33444434343434', 5, 'c', '合格', '正确', 'https://yjy-slwl-oss.oss-cn-hangzhou.aliyuncs.com/97bb1947-9e59-45f6-acab-26189a4a501d.png,https://yjy-slwl-oss.oss-cn-hangzhou.aliyuncs.com/ed63e107-5b70-4e64-af85-37625b9ac6ba.png', '2022-09-28 19:12:49', '2022-09-28 19:12:49'),
	(1575081429251731457, 1024742117286706369, 'C', '2020-01-14', '8', '2333333333', 3, 'c', '合格', '正确', 'https://yjy-slwl-oss.oss-cn-hangzhou.aliyuncs.com/b34c4c21-09cd-41a3-a925-9e8c0d4f0b90.png,https://yjy-slwl-oss.oss-cn-hangzhou.aliyuncs.com/451d7f41-550b-444c-a82c-872e270983fb.png', '2022-09-28 19:14:11', '2022-09-28 19:14:11'),
	(1575081607371239426, 1024741978908228513, 'A', '2020-12-28', '6', '34455676767', 4, 'A', '合格', '正确', 'https://yjy-slwl-oss.oss-cn-hangzhou.aliyuncs.com/0422871e-d0b5-441d-97cd-a6373bd58e2e.png,https://yjy-slwl-oss.oss-cn-hangzhou.aliyuncs.com/954cf3c5-c7ad-469b-ae5d-204249abf918.png', '2022-09-28 19:14:53', '2022-09-28 19:14:53'),
	(1575082166715232258, 1024740525216987681, 'A', '2021-06-01', '6', '4555555544', 1, 'C', '合格', '正确', 'https://yjy-slwl-oss.oss-cn-hangzhou.aliyuncs.com/b6317d0b-f0b4-4727-836a-e8aa7a0b5665.png,https://yjy-slwl-oss.oss-cn-hangzhou.aliyuncs.com/bc87e034-e3a1-4b59-81b4-526d4debf046.png', '2022-09-28 19:17:07', '2022-09-28 19:17:07'),
	(1575082510019014658, 1024740402994968929, 'A', '2003-02-12', '20', '2333333', 8, 'C', '合格', '正确', 'https://yjy-slwl-oss.oss-cn-hangzhou.aliyuncs.com/c7c89af3-6414-4587-b673-7c718ae36978.png,https://yjy-slwl-oss.oss-cn-hangzhou.aliyuncs.com/d17af0c7-ddfa-4f87-b8c6-75061509ef7f.png', '2022-09-28 19:18:29', '2022-09-28 19:18:29'),
	(1575082791414870018, 1024738594893428865, 'A', '2011-02-01', '8', '233434343434', 4, 'C', '合格', '正确', 'https://yjy-slwl-oss.oss-cn-hangzhou.aliyuncs.com/f27c838f-699d-429b-917a-b0b2251c4b17.png,https://yjy-slwl-oss.oss-cn-hangzhou.aliyuncs.com/ceacba71-4f04-4ee6-bfe4-c4c8e828f78e.png', '2022-09-28 19:19:36', '2022-09-28 19:19:36'),
	(1575083244156432386, 1024738476802799553, 'A', '2020-01-28', '8', '2222233434', 2, 'A', '合格', '正确', 'https://yjy-slwl-oss.oss-cn-hangzhou.aliyuncs.com/70d146a6-3895-4c6d-8ea6-dec6b5f6310b.png,https://yjy-slwl-oss.oss-cn-hangzhou.aliyuncs.com/a3853786-03fa-4f49-b008-23c23ded6b6d.png', '2022-09-28 19:21:24', '2022-09-29 18:21:11'),
	(1575322523856089090, 1024976605161836353, 'A', '2015-06-09', '10', '344555555556', 6, 'A', '合格', '正确', 'https://yjy-slwl-oss.oss-cn-hangzhou.aliyuncs.com/4c72453d-df0c-4d75-a5ce-16e1d5855260.png,https://yjy-slwl-oss.oss-cn-hangzhou.aliyuncs.com/146b5337-d8e7-4570-9bb4-324e735d2bf7.png', '2022-09-29 11:12:12', '2022-09-29 11:12:12'),
	(1575322987343458305, 1024976390379916929, 'A', '2012-07-12', '20', '34554545454', 10, 'C', '合格', '正确', 'https://yjy-slwl-oss.oss-cn-hangzhou.aliyuncs.com/f5ea3305-18ab-476c-83d7-4ea49520c753.png,https://yjy-slwl-oss.oss-cn-hangzhou.aliyuncs.com/4bcab31e-39f5-45f9-b3ff-66c209d9b4ff.png', '2022-09-29 11:14:03', '2022-09-29 11:14:03'),
	(1575350252706017281, 1024997316655995489, '大卡车', '2022-09-13', '12', '3333', 13, '12', '333', '333', 'https://yjy-slwl-oss.oss-cn-hangzhou.aliyuncs.com/27cb9461-30db-4708-926e-a436256f6459.png,https://yjy-slwl-oss.oss-cn-hangzhou.aliyuncs.com/18d6a8be-ad83-4b89-ae2d-3ea98546f0c6.png', '2022-09-29 13:02:23', '2022-09-29 13:08:02'),
	(1575350885353861121, 1024994711959651169, '33', '2022-09-21', '23', '12', 13, '嗯嗯', 'e嗯嗯', '嗯嗯', 'https://yjy-slwl-oss.oss-cn-hangzhou.aliyuncs.com/7529b34d-d276-4677-9517-669cca018b48.png,https://yjy-slwl-oss.oss-cn-hangzhou.aliyuncs.com/daf04434-61de-4fa4-8cd7-e5eebf636014.png', '2022-09-29 13:04:54', '2022-09-29 13:14:33'),
	(1575351008683175937, 1024994498993865153, '444', '2022-09-07', '333', '1222', 333, '嗯嗯', '问我', '333', 'https://yjy-slwl-oss.oss-cn-hangzhou.aliyuncs.com/76c8423f-1b95-41be-b53f-35e22eaebee8.png,https://yjy-slwl-oss.oss-cn-hangzhou.aliyuncs.com/363fcf97-d624-4f8c-8c33-48ace2c2edc0.png', '2022-09-29 13:05:24', '2022-09-29 13:13:19'),
	(1575351117126905858, 1024987378881793537, '444', '2022-09-06', '22', '333', 22, '33', '222', '333', 'https://yjy-slwl-oss.oss-cn-hangzhou.aliyuncs.com/48fb65b7-1ac1-4daf-9492-5b05e39a956d.png,https://yjy-slwl-oss.oss-cn-hangzhou.aliyuncs.com/59bca21d-a624-4968-8443-365eb6f68334.png', '2022-09-29 13:05:50', '2022-09-29 13:13:39'),
	(1575427195585634305, 1024987310187482529, '一汽', '2017-08-08', '6', '412825198008233319', 5, 'A2驾驶证', '道路运输从业资格证', '合格', 'https://yjy-slwl-oss.oss-cn-hangzhou.aliyuncs.com/c2b93be4-9d22-4b34-9529-528eae32897a.png,https://yjy-slwl-oss.oss-cn-hangzhou.aliyuncs.com/af938b4d-9aba-42bd-af1c-73fa933bbcdc.png', '2022-09-29 18:08:08', '2022-09-29 18:08:08'),
	(1575431257492234241, 1024986455853892225, '一汽大众', '2010-09-08', '6', '412825199003123311', 12, 'A2驾驶证', '道路运输从业资格证', '合格', 'https://yjy-slwl-oss.oss-cn-hangzhou.aliyuncs.com/c348d5b3-971d-4969-99c4-52997f7311c5.png,https://yjy-slwl-oss.oss-cn-hangzhou.aliyuncs.com/0d1c22bb-9c45-4a9c-8a3d-eab5776adbaf.png', '2022-09-29 18:24:17', '2022-09-29 18:24:17'),
	(1575431715787055105, 1024986076978217057, '大', '2010-07-16', '6', '412825199002233101', 12, 'A2驾驶证', '道路运输从业资格证', '合格', 'https://yjy-slwl-oss.oss-cn-hangzhou.aliyuncs.com/84bd8305-6d20-43f6-9c58-48affb948427.png,http://a-1-1316936108.cos.ap-shanghai.myqcloud.com/%E5%B1%8F%E5%B9%95%E6%88%AA%E5%9B%BE%202021-05-10%20185349.png', '2022-09-29 18:26:06', '2023-02-24 13:43:50'),
	(1575432113646149634, 1024985621531327777, '卡车', '2010-09-13', '6', '412825199004243201', 12, 'A2驾驶证', '道路运输从业资格证', '合格', 'https://yjy-slwl-oss.oss-cn-hangzhou.aliyuncs.com/995a607d-9edd-4709-916a-029d266ffc9d.png,https://yjy-slwl-oss.oss-cn-hangzhou.aliyuncs.com/8361e643-0e83-4207-8714-c0fed7cf29c5.png', '2022-09-29 18:27:41', '2022-09-29 18:27:41'),
	(1575432548163461122, 1024984516357387297, '中型全挂', '2010-09-13', '6', '412825199005173310', 12, 'A2驾驶证', '道路运输从业资格证', '合格', 'https://yjy-slwl-oss.oss-cn-hangzhou.aliyuncs.com/00b03c92-4dbd-49a9-8c30-b42d9df35a60.png,https://yjy-slwl-oss.oss-cn-hangzhou.aliyuncs.com/972a5e05-57bb-4696-a0d8-ddf0b8d1d891.png', '2022-09-29 18:29:24', '2022-09-29 18:29:24'),
	(1575432898186518530, 1024984365991588705, '半挂汽车列车', '2010-07-13', '6', '412825199003163210', 12, 'A2驾驶证', '道路运输从业资格证', '合格', 'https://yjy-slwl-oss.oss-cn-hangzhou.aliyuncs.com/dda60489-e630-4d35-9033-a8bb127f23b8.png,https://yjy-slwl-oss.oss-cn-hangzhou.aliyuncs.com/c5e81099-a955-4189-874e-6913e395c02d.png', '2022-09-29 18:30:48', '2022-09-29 18:30:48'),
	(1575433364651843586, 1024984230121304705, '重型牵引车', '2010-06-24', '6', '412825199008023100', 12, 'A2驾驶证', '道路运输从业资格证', '合格', 'https://yjy-slwl-oss.oss-cn-hangzhou.aliyuncs.com/ffc5a244-7d1f-45d7-8523-45a028c30cc5.png,https://yjy-slwl-oss.oss-cn-hangzhou.aliyuncs.com/0956cc55-ef5a-4b4b-84f4-8ac414bb3069.png', '2022-09-29 18:32:39', '2022-09-29 18:32:39'),
	(1575433715320823810, 1024984140988150081, '中型全挂', '2010-09-21', '6', '412825199003143110', 12, 'A2驾驶证', '道路运输从业资格证', '合格', 'https://yjy-slwl-oss.oss-cn-hangzhou.aliyuncs.com/9685109a-6d3a-41f7-b121-f6e8b61fc025.png,https://yjy-slwl-oss.oss-cn-hangzhou.aliyuncs.com/ba554937-d979-4aae-a3d5-e3818cd13c0f.png', '2022-09-29 18:34:03', '2022-09-29 18:34:03'),
	(1577835937715777537, 1025104059952247329, '大型货车', '2014-10-01', '10', '234234123', 5, 'A型货车', '货车驾驶员证', '293948', 'https://yjy-slwl-oss.oss-cn-hangzhou.aliyuncs.com/f140bf91-1f62-4b3a-8a07-fc8e2dc6ccb0.png,https://yjy-slwl-oss.oss-cn-hangzhou.aliyuncs.com/a1cab86d-0658-4e03-9a50-3ae6e617e6a1.png', '2022-10-06 09:39:37', '2022-10-06 09:39:37'),
	(1577838430252232706, 1025104550799061921, 'A类货车', '2010-02-15', '10', '12312312435666645', 10, 'A类驾照', '0驾照', '货车准入证', 'https://yjy-slwl-oss.oss-cn-hangzhou.aliyuncs.com/cb272ec1-e19b-4f02-8395-ae25d0a9d5d6.png,https://yjy-slwl-oss.oss-cn-hangzhou.aliyuncs.com/791694bf-24c7-408b-872e-f14efeafae0e.png', '2022-10-06 09:49:31', '2022-10-06 10:21:47'),
	(1577846258727710722, 1025112013736764417, 'A类货车', '2010-01-16', '12', '1231234342', 10, 'A类驾照', '驾驶证', '货车准入证', 'http://a-1-1316936108.cos.ap-shanghai.myqcloud.com/%E5%B1%8F%E5%B9%95%E6%88%AA%E5%9B%BE%202021-05-13%20205705.png,http://a-1-1316936108.cos.ap-shanghai.myqcloud.com/%E6%8D%95%E8%8E%B7.PNG', '2022-10-06 10:20:38', '2023-02-24 13:56:28');

-- 导出  表 sl_base.sl_truck_license 结构
CREATE TABLE IF NOT EXISTS `sl_truck_license` (
  `id` bigint NOT NULL COMMENT 'id',
  `truck_id` bigint NOT NULL COMMENT '车辆id',
  `engine_number` varchar(255) DEFAULT NULL COMMENT '发动机编号',
  `registration_date` date DEFAULT NULL COMMENT '注册时间',
  `mandatory_scrap` date DEFAULT NULL COMMENT '国家强制报废日期',
  `expiration_date` date DEFAULT NULL COMMENT '检验有效期',
  `overall_quality` decimal(32,2) DEFAULT NULL COMMENT '整备质量',
  `allowable_weight` decimal(32,2) DEFAULT NULL COMMENT '核定载质量',
  `outside_dimensions` varchar(255) DEFAULT NULL COMMENT '外廓尺寸',
  `validity_period` date DEFAULT NULL COMMENT '行驶证有效期',
  `transport_certificate_number` varchar(255) CHARACTER SET utf8mb4 COLLATE utf8mb4_0900_ai_ci DEFAULT NULL COMMENT '行驶证号',
  `picture` varchar(255) DEFAULT NULL COMMENT '图片信息',
  `created` datetime DEFAULT NULL COMMENT '创建时间',
  `updated` datetime DEFAULT NULL COMMENT '更新时间',
  PRIMARY KEY (`id`) USING BTREE,
  KEY `truck_id` (`truck_id`) USING BTREE
) ENGINE=InnoDB DEFAULT CHARSET=utf8mb4 COLLATE=utf8mb4_0900_ai_ci ROW_FORMAT=DYNAMIC COMMENT='车辆行驶证表';

-- 正在导出表  sl_base.sl_truck_license 的数据：~22 rows (大约)
INSERT INTO `sl_truck_license` (`id`, `truck_id`, `engine_number`, `registration_date`, `mandatory_scrap`, `expiration_date`, `overall_quality`, `allowable_weight`, `outside_dimensions`, `validity_period`, `transport_certificate_number`, `picture`, `created`, `updated`) VALUES
	(1575084497594822658, 1575079060036202497, '343444444', '2020-02-04', '2029-09-05', '2022-09-29', 10.00, 10.00, NULL, '2029-07-04', '234343434343434', 'https://yjy-slwl-oss.oss-cn-hangzhou.aliyuncs.com/7d1c7f0b-a457-49ba-b55b-00010347d146.png,https://yjy-slwl-oss.oss-cn-hangzhou.aliyuncs.com/a1ca7661-20f2-404d-b7ef-43c33cef21f8.png', '2022-09-28 19:26:23', '2022-09-29 09:41:04'),
	(1575084745159421954, 1575066537559928833, '5656767766767', '2010-06-15', '2025-07-10', '2022-09-20', 10.00, 10.00, NULL, '2028-06-06', '46556767', 'https://yjy-slwl-oss.oss-cn-hangzhou.aliyuncs.com/fda5fccc-e4c3-4704-8a00-57e02f9dda64.png,https://yjy-slwl-oss.oss-cn-hangzhou.aliyuncs.com/440b7443-51c5-461f-ba1a-6869ebd85052.png', '2022-09-28 19:27:22', '2022-09-29 09:40:39'),
	(1575287391048773633, 1575258765238546434, 'ssas', '2022-09-13', '2025-09-27', '2022-09-05', 20.00, 15.00, NULL, '2024-10-18', '123123123', 'https://yjy-slwl-oss.oss-cn-hangzhou.aliyuncs.com/6656e182-1a44-4978-8f3e-ee8d92f69583.jpeg,https://yjy-slwl-oss.oss-cn-hangzhou.aliyuncs.com/4dfdbedd-e274-4fc4-aa6d-587465d6812d.jpeg', '2022-09-29 08:52:36', '2022-09-29 09:22:47'),
	(1575288120861863938, 1575258705310330881, '123123123', '2027-09-25', '2030-09-20', '2027-09-25', 20.00, 20.00, NULL, '2025-09-27', '123123123', 'https://yjy-slwl-oss.oss-cn-hangzhou.aliyuncs.com/c4782be0-1aeb-494a-b344-e6bcbfc6e294.png,https://yjy-slwl-oss.oss-cn-hangzhou.aliyuncs.com/057180f5-ae81-4886-a35c-1453cc2be910.png', '2022-09-29 08:55:30', '2022-09-29 08:55:30'),
	(1575325680925487106, 1575324761915731969, '6767343434433', '2020-01-06', '2022-09-28', '2022-09-21', 10.00, 10.00, NULL, '2022-09-20', '45656555555', 'https://yjy-slwl-oss.oss-cn-hangzhou.aliyuncs.com/98dacef3-70c0-419f-8b92-8631ff5f10ad.png,https://yjy-slwl-oss.oss-cn-hangzhou.aliyuncs.com/5cd7748c-2712-457b-a899-c09ee9253da6.png', '2022-09-29 11:24:45', '2022-09-29 11:24:45'),
	(1575326228563177473, 1575324652796719106, '45454544545', '2022-09-06', '2022-09-23', '2022-09-21', 10.00, 10.00, NULL, '2022-09-07', '3454545454', 'https://yjy-slwl-oss.oss-cn-hangzhou.aliyuncs.com/b5c7b5a9-ffbe-4c79-9b46-79c0ce963e36.png,https://yjy-slwl-oss.oss-cn-hangzhou.aliyuncs.com/a6162413-0620-4a24-b648-8bc9ec82d6f8.png', '2022-09-29 11:26:56', '2022-09-29 11:27:00'),
	(1575326830299000834, 1575326469345587201, '345455656', '2018-12-31', '2023-12-21', '2022-09-05', 10.00, 10.00, NULL, '2022-09-15', '56667667677', 'https://yjy-slwl-oss.oss-cn-hangzhou.aliyuncs.com/6ea518de-648d-4238-b460-eaeb05dbb6b8.png,https://yjy-slwl-oss.oss-cn-hangzhou.aliyuncs.com/014e61db-d962-440a-adb7-04afcf76a492.png', '2022-09-29 11:29:19', '2022-09-29 11:29:19'),
	(1575327216791531522, 1575326402853285890, '4545542', '2022-09-06', '2022-08-29', '2022-09-13', 10.00, 10.00, NULL, '2022-09-15', '234344545', 'https://yjy-slwl-oss.oss-cn-hangzhou.aliyuncs.com/ac06c7bd-221d-404b-a2ef-7e850f7c5eae.png,https://yjy-slwl-oss.oss-cn-hangzhou.aliyuncs.com/13621ae1-84f6-47d8-90e1-c2e018d8ea0c.png', '2022-09-29 11:30:51', '2022-09-29 11:30:51'),
	(1575349401815953410, 1575348617611128834, '1234567', '2022-06-16', '2024-03-07', '2022-07-14', 12.00, 12.00, NULL, '2022-09-15', '1234567', 'https://yjy-slwl-oss.oss-cn-hangzhou.aliyuncs.com/9c051527-a9a6-4bff-aeb4-8ba5e193aa1a.png,https://yjy-slwl-oss.oss-cn-hangzhou.aliyuncs.com/46b028a3-106e-4df5-9a93-b692209768c1.png', '2022-09-29 12:59:01', '2022-09-29 12:59:01'),
	(1575349834030592002, 1575348410018246657, '222', '2022-09-06', '2022-09-14', '2022-09-14', 12.00, 12.00, NULL, '2022-09-14', '333', 'https://yjy-slwl-oss.oss-cn-hangzhou.aliyuncs.com/faf975da-6c27-470f-b341-de6fac535f9e.png,https://yjy-slwl-oss.oss-cn-hangzhou.aliyuncs.com/cb70f2d9-caf9-42ed-99fd-49ace9d7f0bc.png', '2022-09-29 13:00:44', '2022-09-30 16:05:48'),
	(1575354489913552897, 1575354299601203202, '333', '2022-09-08', '2022-09-07', '2022-09-29', 12.00, 12.00, NULL, '2022-09-14', '222', 'https://yjy-slwl-oss.oss-cn-hangzhou.aliyuncs.com/43e959f3-df0e-428a-841c-91fb3a44b03d.png,https://yjy-slwl-oss.oss-cn-hangzhou.aliyuncs.com/3cac7ec9-9f98-4e00-bc3e-23d5cd97c871.png', '2022-09-29 13:19:14', '2022-09-29 13:20:35'),
	(1575355065288175618, 1575354690074128386, '22', '2022-09-07', '2022-09-14', '2022-09-14', 23.00, 12.00, NULL, '2022-09-14', '22', 'https://yjy-slwl-oss.oss-cn-hangzhou.aliyuncs.com/21e1a376-00dc-419b-be16-35306fb5e9b6.png,https://yjy-slwl-oss.oss-cn-hangzhou.aliyuncs.com/cee0cd8c-51cc-4ed9-af89-63d7fce8c92c.png', '2022-09-29 13:21:31', '2022-09-29 13:21:31'),
	(1575658946316673025, 1575258557180096513, '673256', '2020-09-15', '2026-09-24', '2022-09-14', 3.00, 8.00, NULL, '2023-09-21', '3290096234464', 'https://yjy-slwl-oss.oss-cn-hangzhou.aliyuncs.com/c9aeeec6-2d34-4525-954d-e513a4eab908.png,https://yjy-slwl-oss.oss-cn-hangzhou.aliyuncs.com/1e57f2db-a426-4e30-b8e2-e8c940846b6b.png', '2022-09-30 09:29:02', '2022-09-30 09:29:02'),
	(1575666574790959106, 1575258432936423425, '267875', '2020-09-15', '2026-09-19', '2024-09-27', 5.00, 10.00, NULL, '2025-09-26', '3290096234464', 'https://yjy-slwl-oss.oss-cn-hangzhou.aliyuncs.com/024226ba-644d-4f3b-8b76-d0e0e7a60a61.png,https://yjy-slwl-oss.oss-cn-hangzhou.aliyuncs.com/31757cad-1803-4e4b-9366-37e5a2f09447.png', '2022-09-30 09:59:21', '2022-09-30 09:59:21'),
	(1575666890563330049, 1575258386480312322, '036217', '2020-09-01', '2026-09-25', '2023-09-12', 8.00, 10.00, NULL, '2026-09-23', '3290096234464', 'https://yjy-slwl-oss.oss-cn-hangzhou.aliyuncs.com/7694c630-6f8d-4236-9a87-b6f23b3f4374.png,https://yjy-slwl-oss.oss-cn-hangzhou.aliyuncs.com/3d4323f8-adc6-456e-baa5-40060a4fe5a4.png', '2022-09-30 10:00:36', '2022-09-30 10:00:36'),
	(1575667203932364801, 1575258333778882562, '047287', '2020-09-25', '2026-09-07', '2023-09-13', 8.00, 10.00, NULL, '2026-09-24', '3290096234464', 'https://yjy-slwl-oss.oss-cn-hangzhou.aliyuncs.com/92879f12-c4ff-4647-ab92-c57598f1d1fc.png,https://yjy-slwl-oss.oss-cn-hangzhou.aliyuncs.com/0a3700df-22b7-4cd0-8e5c-db93407d6bd5.png', '2022-09-30 10:01:51', '2022-09-30 10:01:51'),
	(1575667492349485058, 1575258289554141186, '187367', '2020-09-29', '2026-09-25', '2023-09-20', 8.00, 10.00, NULL, '2026-09-24', '3290096234464', 'https://yjy-slwl-oss.oss-cn-hangzhou.aliyuncs.com/d9d0747f-1778-4a40-ac0e-bd0d5f4c6c3e.png,https://yjy-slwl-oss.oss-cn-hangzhou.aliyuncs.com/6053f59d-b23e-432c-af9b-1e662240bbd9.png', '2022-09-30 10:02:59', '2022-09-30 10:02:59'),
	(1575667743009480705, 1575258112063778818, '06124', '2020-09-21', '2026-09-18', '2023-09-12', 9.00, 10.00, NULL, '2026-09-18', '3290096234464', 'https://yjy-slwl-oss.oss-cn-hangzhou.aliyuncs.com/b4781e1c-78a7-4f39-ae8d-d75892064257.png,https://yjy-slwl-oss.oss-cn-hangzhou.aliyuncs.com/81b4b4dd-7fb4-49d7-adcf-9f699b80aaed.png', '2022-09-30 10:03:59', '2022-09-30 10:03:59'),
	(1575668339930243074, 1575258068635955202, '056178', '2020-09-16', '2026-09-17', '2026-09-14', 8.00, 10.00, NULL, '2026-09-10', '3290096234464', 'https://yjy-slwl-oss.oss-cn-hangzhou.aliyuncs.com/ef1874a0-8a85-4b0b-a19e-96f62019063b.png,https://yjy-slwl-oss.oss-cn-hangzhou.aliyuncs.com/f33d2306-574d-4454-9e2a-b77551b6f476.png', '2022-09-30 10:06:21', '2022-10-09 19:46:13'),
	(1575668857754820610, 1575257934065905665, '328108', '2020-09-14', '2026-09-17', '2023-09-19', 10.00, 10.00, NULL, '2026-09-24', '3290096234464', 'https://yjy-slwl-oss.oss-cn-hangzhou.aliyuncs.com/6c83c182-3b88-442d-be02-6d9a5679d054.png,https://yjy-slwl-oss.oss-cn-hangzhou.aliyuncs.com/dfd946e5-40e8-4328-a2c3-de8d85ef5e6b.png', '2022-09-30 10:08:25', '2022-09-30 10:08:25'),
	(1575669177708912642, 1575257872342528002, '187389', '2020-09-10', '2026-09-17', '2023-09-06', 10.00, 10.00, NULL, '2026-09-18', '3290096234464', 'https://yjy-slwl-oss.oss-cn-hangzhou.aliyuncs.com/e841f0cc-5c31-4d38-8595-ef77c5b6a441.png,https://yjy-slwl-oss.oss-cn-hangzhou.aliyuncs.com/b77d949c-1246-40c3-90b6-e234a95812c0.png', '2022-09-30 10:09:41', '2022-09-30 10:09:41'),
	(1580733308242964481, 1580391145201692674, '234234234', '2023-10-20', '2022-10-04', '2023-10-20', 20.00, 20.00, NULL, '2024-10-17', '123123123', 'https://yjy-slwl-oss.oss-cn-hangzhou.aliyuncs.com/53f88b02-41ee-4b72-b6ec-35a06c194c31.png,https://yjy-slwl-oss.oss-cn-hangzhou.aliyuncs.com/d3b4bbef-b685-4f1d-94c0-ad94d621617b.png', '2022-10-14 09:32:44', '2022-10-14 09:32:44');

-- 导出  表 sl_base.sl_truck_plan 结构
CREATE TABLE IF NOT EXISTS `sl_truck_plan` (
  `id` bigint NOT NULL COMMENT 'id',
  `truck_id` bigint NOT NULL DEFAULT '0' COMMENT '车辆id',
  `transport_trips_id` bigint NOT NULL DEFAULT '0' COMMENT '车次id',
  `driver_ids` varchar(500) DEFAULT NULL COMMENT '司机id',
  `status` int DEFAULT '1' COMMENT '状态 0：禁用 1：正常，2-完成',
  `plan_departure_time` datetime DEFAULT NULL COMMENT '计划发车时间',
  `plan_arrival_time` datetime DEFAULT NULL COMMENT '计划到达时间',
  `schedule_status` tinyint DEFAULT '0' COMMENT '计划调度状态，0-待分配，1-已分配，2已调度',
  `created` datetime DEFAULT CURRENT_TIMESTAMP,
  `updated` datetime DEFAULT CURRENT_TIMESTAMP COMMENT '更新时间',
  PRIMARY KEY (`id`)
) ENGINE=InnoDB DEFAULT CHARSET=utf8mb4 COLLATE=utf8mb4_0900_ai_ci ROW_FORMAT=DYNAMIC COMMENT='车辆计划表';

-- 正在导出表  sl_base.sl_truck_plan 的数据：~153 rows (大约)
INSERT INTO `sl_truck_plan` (`id`, `truck_id`, `transport_trips_id`, `driver_ids`, `status`, `plan_departure_time`, `plan_arrival_time`, `schedule_status`, `created`, `updated`) VALUES
	(1575381065912889346, 1575066537559928833, 1575380709212499970, '1024742265953811937,1024742403489234657', 2, '2023-02-24 15:11:00', '2023-02-24 17:11:00', 2, '2023-02-24 15:04:50', '2023-02-24 15:08:10'),
	(1575381900579385346, 1575066537559928833, 1575380709212499970, '1024742265953811937,1024742403489234657', 1, '2023-02-24 15:11:00', '2023-02-24 17:11:00', 2, '2023-02-24 15:08:09', '2023-02-24 15:08:09'),
	(1575381903968382978, 1575066537559928833, 1575380709212499970, '1024742265953811937,1024742403489234657', 1, '2023-02-24 15:11:00', '2023-02-24 17:11:00', 2, '2023-02-24 15:08:10', '2023-02-24 15:08:10'),
	(1575384961829908481, 1575079060036202497, 1575384927172374530, '1024741978908228513,1024742117286706369', 2, '2023-02-24 15:16:00', '2023-02-24 17:16:00', 2, '2023-02-24 15:20:19', '2023-02-24 15:25:16'),
	(1575386209828286465, 1575079060036202497, 1575384927172374530, '1024741978908228513,1024742117286706369', 1, '2023-02-24 15:16:00', '2023-02-24 17:16:00', 2, '2023-02-24 15:25:16', '2023-02-24 15:25:16'),
	(1575388591643504641, 1575326469345587201, 1575388278979112962, '1024738476802799553,1024738594893428865', 2, '2023-02-24 15:36:00', '2023-02-24 17:36:00', 2, '2023-02-24 15:34:44', '2023-02-24 15:36:37'),
	(1575389063624339458, 1575326469345587201, 1575388278979112962, '1024738476802799553,1024738594893428865', 1, '2023-02-24 15:36:00', '2023-02-24 17:36:00', 2, '2023-02-24 15:36:37', '2023-02-24 15:36:37'),
	(1575389594459648001, 1575326402853285890, 1575389564906582018, '1024976390379916929,1024976605161836353', 2, '2023-02-24 15:40:00', '2023-02-24 17:40:00', 2, '2023-02-24 15:38:43', '2023-02-24 15:40:36'),
	(1575390068667658241, 1575326402853285890, 1575389564906582018, '1024976390379916929,1024976605161836353', 1, '2023-02-24 15:40:00', '2023-02-24 17:40:00', 2, '2023-02-24 15:40:36', '2023-02-24 15:40:36'),
	(1575390508847280129, 1575354690074128386, 1575390444624097282, '1024987378881793537,1024997316655995489', 1, '2023-02-24 15:51:00', '2023-02-24 15:53:00', 2, '2023-02-24 15:42:21', '2023-02-24 15:42:21'),
	(1575390934745296898, 1575354299601203202, 1575390893930524674, '1024994498993865153,1024994711959651169', 1, '2023-02-24 15:48:00', '2023-02-24 15:50:00', 2, '2023-02-24 15:44:03', '2023-02-24 15:44:03'),
	(1575391641540046850, 1575326402853285890, 1575391626708987906, '1024976390379916929,1024976605161836353', 2, '2023-02-24 15:50:00', '2023-02-24 17:50:00', 2, '2023-02-24 15:46:51', '2023-02-24 15:48:07'),
	(1575391958872698881, 1575326402853285890, 1575391626708987906, '1024976390379916929,1024976605161836353', 1, '2023-02-24 15:50:00', '2023-02-24 17:50:00', 2, '2023-02-24 15:48:07', '2023-02-24 15:48:07'),
	(1575394476063272961, 1575079060036202497, 1575394266385821697, '1024741978908228513,1024742117286706369', 2, '2023-02-24 16:01:00', '2023-02-24 18:01:00', 2, '2023-02-24 15:58:07', '2023-02-24 16:03:47'),
	(1575395901291966465, 1575079060036202497, 1575394266385821697, '1024741978908228513,1024742117286706369', 1, '2023-02-24 16:01:00', '2023-02-24 18:01:00', 2, '2023-02-24 16:03:47', '2023-02-24 16:03:47'),
	(1575397471735853057, 1575079060036202497, 1575392365757935618, '1024741978908228513,1024742117286706369', 2, '2023-02-24 15:53:00', '2023-02-24 17:53:00', 2, '2023-02-24 16:10:01', '2023-02-24 16:32:19'),
	(1575403082458828801, 1575079060036202497, 1575392365757935618, '1024741978908228513,1024742117286706369', 1, '2023-02-24 15:53:00', '2023-02-24 17:53:00', 2, '2023-02-24 16:32:19', '2023-02-24 16:32:19'),
	(1575403084249796610, 1575079060036202497, 1575392365757935618, '1024741978908228513,1024742117286706369', 1, '2023-02-24 15:53:00', '2023-02-24 17:53:00', 2, '2023-02-24 16:32:20', '2023-02-24 16:32:20'),
	(1575405438824816641, 1575354690074128386, 1575405029456551938, '1024987378881793537,1024997316655995489', 2, '2023-02-24 18:45:00', '2023-02-24 18:47:00', 2, '2023-02-24 16:41:41', '2023-02-24 16:47:13'),
	(1575406835544825857, 1575354690074128386, 1575405029456551938, '1024987378881793537,1024997316655995489', 1, '2023-02-24 18:45:00', '2023-02-24 18:47:00', 2, '2023-02-24 16:47:14', '2023-02-24 16:47:14'),
	(1575408211725328386, 1575354299601203202, 1575390893930524674, '1024994498993865153,1024994711959651169', 1, '2023-02-24 18:50:00', '2023-02-24 18:52:00', 2, '2023-02-24 16:52:42', '2023-02-24 16:52:42'),
	(1575412640352509954, 1575354690074128386, 1575408709283028994, '1024987378881793537,1024997316655995489', 2, '2023-02-24 16:59:00', '2023-02-24 17:00:00', 2, '2023-02-24 17:10:18', '2023-02-24 17:33:55'),
	(1575414161328775169, 1575354690074128386, 1575414137962307585, '1024987378881793537,1024997316655995489', 1, '2023-02-24 19:25:00', '2023-02-24 19:27:00', 2, '2023-02-24 17:16:20', '2023-02-24 17:16:20'),
	(1575417465026846721, 1575354690074128386, 1575414137962307585, '1024987378881793537,1024997316655995489', 1, '2023-02-24 19:32:00', '2023-02-24 19:34:00', 2, '2023-02-24 17:29:28', '2023-02-24 17:29:28'),
	(1575418585853927426, 1575354690074128386, 1575414137962307585, '1024987378881793537,1024997316655995489', 1, '2023-02-24 19:32:00', '2023-02-24 19:34:00', 2, '2023-02-24 17:33:55', '2023-02-24 17:33:55'),
	(1575730975837208577, 1575258765238546434, 1575730935672553473, '1024984365991588705,1024984516357387297', 2, '2023-02-24 14:21:00', '2023-02-24 15:21:00', 2, '2023-02-24 14:15:15', '2023-02-24 14:18:37'),
	(1575731826836324354, 1575258765238546434, 1575730935672553473, '1024984365991588705,1024984516357387297', 1, '2023-02-24 14:21:00', '2023-02-24 15:21:00', 2, '2023-02-24 14:18:38', '2023-02-24 14:18:38'),
	(1575732752158507009, 1575258765238546434, 1575732727919624194, '1024984365991588705,1024984516357387297', 2, '2023-02-24 14:30:00', '2023-02-24 15:30:00', 2, '2023-02-24 14:22:18', '2023-02-24 14:24:38'),
	(1575733337209389058, 1575258765238546434, 1575732727919624194, '1024984365991588705,1024984516357387297', 1, '2023-02-24 14:30:00', '2023-02-24 15:30:00', 2, '2023-02-24 14:24:38', '2023-02-24 14:24:38'),
	(1575761251963453441, 1575258705310330881, 1575405029456551938, '1024984140988150081,1024984230121304705', 2, '2023-02-24 18:45:00', '2023-02-24 18:47:00', 2, '2023-02-24 16:15:33', '2023-02-24 15:01:02'),
	(1575770678707830785, 1575258765238546434, 1575770655211339777, '1024984365991588705,1024984516357387297', 2, '2023-02-24 17:01:00', '2023-02-24 18:01:00', 2, '2023-02-24 16:53:01', '2023-02-24 16:56:11'),
	(1575771476854521857, 1575258765238546434, 1575770655211339777, '1024984365991588705,1024984516357387297', 1, '2023-02-24 17:01:00', '2023-02-24 18:01:00', 2, '2023-02-24 16:56:11', '2023-02-24 16:56:11'),
	(1575771777661616130, 1575258765238546434, 1575771752554512386, '1024984365991588705,1024984516357387297', 2, '2023-02-24 17:10:00', '2023-02-24 18:10:00', 2, '2023-02-24 16:57:23', '2023-02-24 16:59:41'),
	(1575772356412653569, 1575258765238546434, 1575771752554512386, '1024984365991588705,1024984516357387297', 1, '2023-02-24 17:10:00', '2023-02-24 18:10:00', 2, '2023-02-24 16:59:41', '2023-02-24 16:59:41'),
	(1575773543388102657, 1575258765238546434, 1575773516540362754, '1024984365991588705,1024984516357387297', 2, '2023-02-24 17:11:00', '2023-02-24 18:11:00', 2, '2023-02-24 17:04:24', '2023-02-24 17:05:57'),
	(1575773933928136705, 1575258765238546434, 1575773516540362754, '1024984365991588705,1024984516357387297', 1, '2023-02-24 17:11:00', '2023-02-24 18:11:00', 2, '2023-02-24 17:05:57', '2023-02-24 17:05:57'),
	(1575774188904071169, 1575258765238546434, 1575774159397142530, '1024984365991588705,1024984516357387297', 2, '2023-02-24 17:15:00', '2023-02-24 18:15:00', 2, '2023-02-24 17:06:58', '2023-02-24 17:07:46'),
	(1575774392323620866, 1575258765238546434, 1575774159397142530, '1024984365991588705,1024984516357387297', 1, '2023-02-24 17:15:00', '2023-02-24 18:15:00', 2, '2023-02-24 17:07:46', '2023-02-24 17:07:46'),
	(1575778969588547586, 1575258765238546434, 1575778950076645377, '1024984365991588705,1024984516357387297', 2, '2023-02-24 17:31:00', '2023-02-24 18:31:00', 2, '2023-02-24 17:25:58', '2023-02-24 17:28:20'),
	(1575779567696297985, 1575258765238546434, 1575778950076645377, '1024984365991588705,1024984516357387297', 1, '2023-02-24 17:31:00', '2023-02-24 18:31:00', 2, '2023-02-24 17:28:20', '2023-02-24 17:28:20'),
	(1575780032853000194, 1575258765238546434, 1575780018642698241, '1024984365991588705,1024984516357387297', 1, '2023-02-24 17:35:00', '2023-02-24 18:35:00', 2, '2023-02-24 17:30:11', '2023-02-24 17:30:11'),
	(1575780760950620161, 1575258765238546434, 1575780741270945794, '1024984365991588705,1024984516357387297', 2, '2023-02-24 17:38:00', '2023-02-24 18:38:00', 2, '2023-02-24 17:33:05', '2023-02-24 17:34:51'),
	(1575781207648190465, 1575258765238546434, 1575780741270945794, '1024984365991588705,1024984516357387297', 1, '2023-02-24 17:38:00', '2023-02-24 18:38:00', 2, '2023-02-24 17:34:51', '2023-02-24 17:34:51'),
	(1575781494022684673, 1575258765238546434, 1575781471822233602, '1024984365991588705,1024984516357387297', 2, '2023-02-24 17:41:00', '2023-02-24 18:41:00', 2, '2023-02-24 17:35:59', '2023-02-24 17:36:55'),
	(1575781728207454210, 1575258765238546434, 1575781471822233602, '1024984365991588705,1024984516357387297', 1, '2023-02-24 17:41:00', '2023-02-24 18:41:00', 2, '2023-02-24 17:36:55', '2023-02-24 17:36:55'),
	(1575782330924744705, 1575258765238546434, 1575782309340856321, '1024984365991588705,1024984516357387297', 2, '2023-02-24 17:43:00', '2023-02-24 18:43:00', 2, '2023-02-24 17:39:19', '2023-02-24 17:41:22'),
	(1575782849726595073, 1575258765238546434, 1575782309340856321, '1024984365991588705,1024984516357387297', 1, '2023-02-24 17:43:00', '2023-02-24 18:43:00', 2, '2023-02-24 17:41:23', '2023-02-24 17:41:23'),
	(1575783197346316289, 1575258765238546434, 1575783173547835394, '1024984365991588705,1024984516357387297', 2, '2023-02-24 17:47:00', '2023-02-24 18:47:00', 2, '2023-02-24 17:42:46', '2023-02-24 17:44:42'),
	(1575783687761117185, 1575258765238546434, 1575783173547835394, '1024984365991588705,1024984516357387297', 1, '2023-02-24 17:47:00', '2023-02-24 18:47:00', 2, '2023-02-24 17:44:42', '2023-02-24 17:44:42'),
	(1577906883436802050, 1575348410018246657, 1577906847218987010, '1024985621531327777,1024986076978217057', 1, '2023-02-24 15:23:00', '2023-02-24 16:23:00', 2, '2023-02-24 14:21:32', '2023-02-24 14:21:32'),
	(1577907265860857857, 1575258765238546434, 1577907234575544322, '1024984365991588705,1024984516357387297', 2, '2023-02-24 14:32:00', '2023-02-24 15:32:00', 2, '2023-02-24 14:23:03', '2023-02-24 14:31:49'),
	(1577909475508285441, 1575258765238546434, 1577907234575544322, '1024984365991588705,1024984516357387297', 1, '2023-02-24 14:32:00', '2023-02-24 15:32:00', 2, '2023-02-24 14:31:50', '2023-02-24 14:31:50'),
	(1577909816941408257, 1575258765238546434, 1577909795688869890, '1024984365991588705,1024984516357387297', 2, '2023-02-24 14:42:00', '2023-02-24 15:42:00', 2, '2023-02-24 14:33:11', '2023-02-24 14:35:06'),
	(1577910299269591041, 1575258765238546434, 1577909795688869890, '1024984365991588705,1024984516357387297', 1, '2023-02-24 14:42:00', '2023-02-24 15:42:00', 2, '2023-02-24 14:35:06', '2023-02-24 14:35:06'),
	(1577910969003470849, 1575258765238546434, 1577910938905145345, '1024984365991588705,1024984516357387297', 2, '2023-02-24 14:48:00', '2023-02-24 15:48:00', 2, '2023-02-24 14:37:46', '2023-02-24 14:38:59'),
	(1577911277372895233, 1575258765238546434, 1577910938905145345, '1024984365991588705,1024984516357387297', 1, '2023-02-24 14:48:00', '2023-02-24 15:48:00', 2, '2023-02-24 14:38:59', '2023-02-24 14:38:59'),
	(1577911600409800706, 1575258765238546434, 1577911577890582529, '1024984365991588705,1024984516357387297', 2, '2023-02-24 14:50:00', '2023-02-24 15:50:00', 2, '2023-02-24 14:40:16', '2023-02-24 14:41:50'),
	(1577911992883408898, 1575258765238546434, 1577911577890582529, '1024984365991588705,1024984516357387297', 1, '2023-02-24 14:50:00', '2023-02-24 15:50:00', 2, '2023-02-24 14:41:50', '2023-02-24 14:41:50'),
	(1579286749193236482, 1575348617611128834, 1579286722370662402, '1024986455853892225,1024987310187482529', 1, '2023-02-24 09:00:00', '2023-02-24 10:00:00', 2, '2023-02-24 09:44:37', '2023-02-24 09:44:37'),
	(1579294148657889282, 1575258765238546434, 1579294115522887682, '1024984365991588705,1024984516357387297', 2, '2023-02-24 10:24:00', '2023-02-24 11:24:00', 2, '2023-02-24 10:14:02', '2023-02-24 10:17:13'),
	(1579294956061409282, 1575258765238546434, 1579294115522887682, '1024984365991588705,1024984516357387297', 1, '2023-02-24 10:24:00', '2023-02-24 11:24:00', 2, '2023-02-24 10:17:14', '2023-02-24 10:17:14'),
	(1579303855385702402, 1575258765238546434, 1579303785751867394, '1024984365991588705,1024984516357387297', 2, '2023-02-24 11:00:00', '2023-02-24 12:00:00', 2, '2023-02-24 10:52:36', '2023-02-24 10:56:14'),
	(1579329803808108545, 1575258765238546434, 1579329723390717954, '1024984365991588705,1024984516357387297', 1, '2023-02-24 12:35:00', '2023-02-24 14:05:00', 2, '2023-02-24 12:35:42', '2023-02-24 12:35:42'),
	(1579331751043100674, 1575257934065905665, 1579329723390717954, '1025104550799061921,1025112013736764417', 1, '2023-02-24 12:35:00', '2023-02-24 14:05:00', 2, '2023-02-24 12:43:27', '2023-02-24 12:43:27'),
	(1579771131549413378, 1575258765238546434, 1579771099806920706, '1024984365991588705,1024984516357387297', 2, '2023-02-24 17:58:00', '2023-02-24 18:58:00', 2, '2023-02-24 17:49:23', '2023-02-24 17:51:44'),
	(1579773594172092418, 1575258765238546434, 1579773574811185154, '1024984365991588705,1024984516357387297', 2, '2023-02-24 18:11:00', '2023-02-24 19:11:00', 2, '2023-02-24 17:59:10', '2023-02-24 18:01:59'),
	(1580446346542002178, 1575258765238546434, 1580446306310238209, '1024984365991588705,1024984516357387297', 2, '2023-02-24 14:41:00', '2023-02-24 15:41:00', 2, '2023-02-24 14:32:27', '2023-02-24 14:41:19'),
	(1580449039306141698, 1575258765238546434, 1580449016245858305, '1024984365991588705,1024984516357387297', 2, '2023-02-24 14:53:00', '2023-02-24 15:53:00', 2, '2023-02-24 14:43:09', '2023-02-24 14:45:03'),
	(1580455884196360194, 1575326469345587201, 1575380709212499970, '1024738476802799553,1024738594893428865', 1, '2023-02-24 15:11:00', '2023-02-24 17:11:00', 2, '2023-02-24 15:10:21', '2023-02-24 15:10:21'),
	(1580455884234108929, 1575066537559928833, 1575380709212499970, '1024742265953811937,1024742403489234657', 1, '2023-02-24 15:11:00', '2023-02-24 17:11:00', 2, '2023-02-24 15:10:21', '2023-02-24 15:10:21'),
	(1580507224096321537, 1575258765238546434, 1580503340909015041, '1024984365991588705,1024984516357387297', 1, '2023-02-24 18:28:00', '2023-02-24 19:28:00', 2, '2023-02-24 18:34:21', '2023-02-24 18:34:21'),
	(1582267345885032450, 1575258705310330881, 1582266795202277377, '1024984140988150081,1024984230121304705', 2, '2023-02-24 15:11:00', '2023-02-24 15:12:00', 2, '2023-02-24 15:08:27', '2023-02-24 15:44:24'),
	(1582276400967938049, 1575258705310330881, 1582266795202277377, '1024984140988150081,1024984230121304705', 1, '2023-02-24 15:11:00', '2023-02-24 15:12:00', 2, '2023-02-24 15:44:26', '2023-02-24 15:44:26'),
	(1589441737102680066, 1575348410018246657, 1589441690214555649, '1024985621531327777,1024986076978217057', 1, '2023-02-24 11:18:00', '2023-02-24 11:38:00', 1, '2023-02-24 10:16:55', '2023-02-24 10:16:55'),
	(1589448781058760705, 1589446412099084290, 1589442786093916162, '1024986455853892225,1024987310187482529', 2, '2023-02-24 10:20:00', '2023-02-24 10:40:00', 2, '2023-02-24 10:44:55', '2023-02-24 11:06:09'),
	(1589454266013016066, 1589446412099084290, 1589451706543857665, '1024986455853892225,1024987310187482529', 2, '2023-02-24 10:46:00', '2023-02-24 11:06:00', 2, '2023-02-24 11:06:42', '2023-02-24 11:22:44'),
	(1589461254600089602, 1589446412099084290, 1589461229396516865, '1024986455853892225,1024987310187482529', 2, '2023-02-24 11:34:00', '2023-02-24 11:54:00', 2, '2023-02-24 11:34:29', '2023-02-24 11:40:55'),
	(1589464458960265217, 1589446412099084290, 1589461229396516865, '1024986455853892225,1024987310187482529', 2, '2023-02-24 11:34:00', '2023-02-24 11:54:00', 2, '2023-02-24 11:47:12', '2023-02-24 14:58:02'),
	(1589464773063303169, 1589446412099084290, 1589464750053351426, '1024986455853892225,1024987310187482529', 2, '2023-02-24 11:48:00', '2023-02-24 12:38:00', 2, '2023-02-24 11:48:27', '2023-02-24 14:50:50'),
	(1589508859015159809, 1589446412099084290, 1589464750053351426, '1024986455853892225,1024987310187482529', 2, '2023-02-24 14:48:00', '2023-02-24 15:38:00', 2, '2023-02-24 14:43:38', '2023-02-24 14:51:43'),
	(1589511154264137729, 1589446412099084290, 1589464750053351426, '1024986455853892225,1024987310187482529', 2, '2023-02-24 14:56:00', '2023-02-24 15:46:00', 2, '2023-02-24 14:52:46', '2023-02-24 15:00:34'),
	(1589511899055087617, 1589446412099084290, 1589511877194375169, '1024986455853892225,1024987310187482529', 2, '2023-02-24 14:55:00', '2023-02-24 15:15:00', 2, '2023-02-24 14:55:43', '2023-02-24 14:56:25'),
	(1589513274514169858, 1589446412099084290, 1589511877194375169, '1024986455853892225,1024987310187482529', 2, '2023-02-24 14:57:00', '2023-02-24 15:17:00', 2, '2023-02-24 15:01:11', '2023-02-24 15:19:47'),
	(1589513558325944322, 1589446412099084290, 1589513541154463746, '1024986455853892225,1024987310187482529', 2, '2023-02-24 15:02:00', '2023-02-24 15:32:00', 2, '2023-02-24 15:02:19', '2023-02-24 15:10:22'),
	(1589517956879966210, 1589446412099084290, 1589513541154463746, '1024986455853892225,1024987310187482529', 2, '2023-02-24 15:02:00', '2023-02-24 15:32:00', 2, '2023-02-24 15:19:47', '2023-02-24 15:10:15'),
	(1590187003325931521, 1575258705310330881, 1590181322199883777, '1024984140988150081,1024984230121304705', 1, '2023-02-24 11:16:00', '2023-02-24 11:36:00', 2, '2023-02-24 11:38:20', '2023-02-24 11:38:20'),
	(1590635693765251074, 1575348410018246657, 1590635645673361410, '1024985621531327777,1024986076978217057', 2, '2023-02-24 09:01:00', '2023-02-24 10:01:00', 2, '2023-02-24 17:21:17', '2023-02-24 21:21:19'),
	(1605402786857734145, 1575258705310330881, 1590635645673361410, '1024984140988150081,1024984230121304705', 1, '2023-02-24 09:01:00', '2023-02-24 10:01:00', 2, '2023-02-24 11:20:26', '2023-02-24 11:20:26'),
	(1605406757639233538, 1575348410018246657, 1590635645673361410, '1024985621531327777,1024986076978217057', 2, '2023-02-24 09:01:00', '2023-02-24 10:01:00', 2, '2023-02-24 11:36:13', '2023-02-24 21:22:27'),
	(1605407387598528514, 1575348410018246657, 1590635645673361410, '1024985621531327777,1024986076978217057', 2, '2023-02-24 09:01:00', '2023-02-24 10:01:00', 2, '2023-02-24 11:38:43', '2023-02-24 21:21:22'),
	(1605407896761520129, 1575258705310330881, 1590635645673361410, '1024984140988150081,1024984230121304705', 1, '2023-02-24 09:01:00', '2023-02-24 10:01:00', 2, '2023-02-24 11:40:44', '2023-02-24 11:40:44'),
	(1605409187848331266, 1575258705310330881, 1590635645673361410, '1024984140988150081,1024984230121304705', 1, '2023-02-24 09:01:00', '2023-02-24 10:01:00', 2, '2023-02-24 11:45:52', '2023-02-24 11:45:52'),
	(1605412491621552129, 1575258705310330881, 1590635645673361410, '1024984140988150081,1024984230121304705', 1, '2023-02-24 09:01:00', '2023-02-24 10:01:00', 2, '2023-02-24 11:59:00', '2023-02-24 11:59:00'),
	(1605449113683959810, 1575258705310330881, 1590635645673361410, '1024984140988150081,1024984230121304705', 1, '2023-02-24 09:01:00', '2023-02-24 10:01:00', 2, '2023-02-24 14:24:31', '2023-02-24 14:24:31'),
	(1605449695597502466, 1575348410018246657, 1590635645673361410, '1024985621531327777,1024986076978217057', 2, '2023-02-24 09:01:00', '2023-02-24 10:01:00', 2, '2023-02-24 14:26:50', '2023-02-24 21:21:25'),
	(1605449822219345922, 1575258705310330881, 1605449798336630785, '1024984140988150081,1024984230121304705', 1, '2023-02-24 14:27:00', '2023-02-24 14:28:00', 2, '2023-02-24 14:27:20', '2023-02-24 14:27:20'),
	(1605452451880181762, 1575348410018246657, 1590635645673361410, '1024985621531327777,1024986076978217057', 2, '2023-02-24 09:01:00', '2023-02-24 10:01:00', 2, '2023-02-24 14:37:47', '2023-02-24 21:21:27'),
	(1605452731812225025, 1575258705310330881, 1590635645673361410, '1024984140988150081,1024984230121304705', 1, '2023-02-24 09:01:00', '2023-02-24 10:01:00', 2, '2023-02-24 14:38:54', '2023-02-24 14:38:54'),
	(1605453054547140609, 1575348410018246657, 1590635645673361410, '1024985621531327777,1024986076978217057', 2, '2023-02-24 09:01:00', '2023-02-24 10:01:00', 2, '2023-02-24 14:40:11', '2023-02-24 21:21:30'),
	(1605453506827329538, 1575348410018246657, 1590635645673361410, '1024985621531327777,1024986076978217057', 2, '2023-02-24 09:01:00', '2023-02-24 10:01:00', 2, '2023-02-24 14:41:59', '2023-02-24 21:21:33'),
	(1605454103831629826, 1575348410018246657, 1590635645673361410, '1024985621531327777,1024986076978217057', 2, '2023-02-24 09:01:00', '2023-02-24 10:01:00', 2, '2023-02-24 14:44:21', '2023-02-24 21:21:35'),
	(1605454489192046594, 1575258705310330881, 1590635645673361410, '1024984140988150081,1024984230121304705', 1, '2023-02-24 09:01:00', '2023-02-24 10:01:00', 2, '2023-02-24 14:45:53', '2023-02-24 14:45:53'),
	(1605454704070086657, 1575348410018246657, 1590635645673361410, '1024985621531327777,1024986076978217057', 2, '2023-02-24 09:01:00', '2023-02-24 10:01:00', 2, '2023-02-24 14:46:44', '2023-02-24 21:21:39'),
	(1605456929954013186, 1575258705310330881, 1590635645673361410, '1024984140988150081,1024984230121304705', 1, '2023-02-24 09:01:00', '2023-02-24 10:01:00', 2, '2023-02-24 14:55:35', '2023-02-24 14:55:35'),
	(1605457426878025729, 1575348410018246657, 1590635645673361410, '1024985621531327777,1024986076978217057', 2, '2023-02-24 09:01:00', '2023-02-24 10:01:00', 2, '2023-02-24 14:57:33', '2023-02-24 21:21:43'),
	(1605457649444921346, 1575258705310330881, 1590635645673361410, '1024984140988150081,1024984230121304705', 1, '2023-02-24 09:01:00', '2023-02-24 10:01:00', 2, '2023-02-24 14:58:26', '2023-02-24 14:58:26'),
	(1605457886447915009, 1575348410018246657, 1590635645673361410, '1024985621531327777,1024986076978217057', 2, '2023-02-24 09:01:00', '2023-02-24 10:01:00', 2, '2023-02-24 14:59:23', '2023-02-24 21:21:46'),
	(1605458261963952129, 1575348410018246657, 1590635645673361410, '1024985621531327777,1024986076978217057', 2, '2023-02-24 09:01:00', '2023-02-24 10:01:00', 2, '2023-02-24 15:00:52', '2023-02-24 21:21:49'),
	(1605458574679023618, 1575258705310330881, 1590635645673361410, '1024984140988150081,1024984230121304705', 1, '2023-02-24 09:01:00', '2023-02-24 10:01:00', 2, '2023-02-24 15:02:07', '2023-02-24 15:02:07'),
	(1605459915924819970, 1575348410018246657, 1590635645673361410, '1024985621531327777,1024986076978217057', 2, '2023-02-24 09:01:00', '2023-02-24 10:01:00', 2, '2023-02-24 15:07:27', '2023-02-24 21:21:52'),
	(1605460205436653569, 1575258705310330881, 1605449798336630785, '1024984140988150081,1024984230121304705', 1, '2023-02-24 14:27:00', '2023-02-24 14:28:00', 2, '2023-02-24 15:08:36', '2023-02-24 15:08:36'),
	(1605460991193370626, 1575258705310330881, 1590635645673361410, '1024984140988150081,1024984230121304705', 1, '2023-02-24 09:01:00', '2023-02-24 10:01:00', 2, '2023-02-24 15:11:43', '2023-02-24 15:11:43'),
	(1605461286846013441, 1575348410018246657, 1590635645673361410, '1024985621531327777,1024986076978217057', 2, '2023-02-24 09:01:00', '2023-02-24 10:01:00', 2, '2023-02-24 15:12:53', '2023-02-24 21:21:55'),
	(1605461650756063233, 1575258705310330881, 1590635645673361410, '1024984140988150081,1024984230121304705', 1, '2023-02-24 09:01:00', '2023-02-24 10:01:00', 2, '2023-02-24 15:14:20', '2023-02-24 15:14:20'),
	(1605462266497015810, 1575348410018246657, 1590635645673361410, '1024985621531327777,1024986076978217057', 2, '2023-02-24 09:01:00', '2023-02-24 10:01:00', 2, '2023-02-24 15:16:47', '2023-02-24 21:22:24'),
	(1605462372155379714, 1575258705310330881, 1605449798336630785, '1024984140988150081,1024984230121304705', 1, '2023-02-24 14:27:00', '2023-02-24 14:28:00', 2, '2023-02-24 15:17:12', '2023-02-24 15:17:12'),
	(1605464475087478786, 1575348410018246657, 1590635645673361410, '1024985621531327777,1024986076978217057', 2, '2023-02-24 09:01:00', '2023-02-24 10:01:00', 2, '2023-02-24 15:25:34', '2023-02-24 21:22:21'),
	(1605465166102908930, 1575258705310330881, 1605449798336630785, '1024984140988150081,1024984230121304705', 1, '2023-02-24 14:27:00', '2023-02-24 14:28:00', 2, '2023-02-24 15:28:18', '2023-02-24 15:28:18'),
	(1605468349735182338, 1575348410018246657, 1590635645673361410, '1024985621531327777,1024986076978217057', 2, '2023-02-24 09:01:00', '2023-02-24 10:01:00', 2, '2023-02-24 15:40:57', '2023-02-24 21:22:17'),
	(1605470009366749186, 1575258705310330881, 1605449798336630785, '1024984140988150081,1024984230121304705', 1, '2023-02-24 14:27:00', '2023-02-24 14:28:00', 2, '2023-02-24 15:47:33', '2023-02-24 15:47:33'),
	(1605470074399084545, 1575348410018246657, 1590635645673361410, '1024985621531327777,1024986076978217057', 2, '2023-02-24 09:01:00', '2023-02-24 10:01:00', 2, '2023-02-24 15:47:49', '2023-02-24 21:22:14'),
	(1605471599305412609, 1575348410018246657, 1590635645673361410, '1024985621531327777,1024986076978217057', 2, '2023-02-24 09:01:00', '2023-02-24 10:01:00', 2, '2023-02-24 15:53:52', '2023-02-24 21:22:11'),
	(1605472367190548482, 1575348410018246657, 1590635645673361410, '1024985621531327777,1024986076978217057', 2, '2023-02-24 09:01:00', '2023-02-24 10:01:00', 2, '2023-02-24 15:56:55', '2023-02-24 21:22:08'),
	(1605472433938702338, 1575258705310330881, 1590635645673361410, '1024984140988150081,1024984230121304705', 1, '2023-02-24 09:01:00', '2023-02-24 10:01:00', 2, '2023-02-24 15:57:11', '2023-02-24 15:57:11'),
	(1605472481078136833, 1575348410018246657, 1605449798336630785, '1024985621531327777,1024986076978217057', 2, '2023-02-24 14:27:00', '2023-02-24 14:28:00', 2, '2023-02-24 15:57:22', '2023-02-24 21:22:43'),
	(1605472793726099457, 1575348410018246657, 1590635645673361410, '1024985621531327777,1024986076978217057', 2, '2023-02-24 09:01:00', '2023-02-24 10:01:00', 2, '2023-02-24 15:58:37', '2023-02-24 21:22:04'),
	(1605473027046842370, 1575258705310330881, 1590635645673361410, '1024984140988150081,1024984230121304705', 1, '2023-02-24 09:01:00', '2023-02-24 10:01:00', 2, '2023-02-24 15:59:33', '2023-02-24 15:59:33'),
	(1605473071745191937, 1575348410018246657, 1605449798336630785, '1024985621531327777,1024986076978217057', 2, '2023-02-24 14:27:00', '2023-02-24 14:28:00', 2, '2023-02-24 15:59:43', '2023-02-24 21:22:38'),
	(1605479063443021825, 1575258705310330881, 1590635645673361410, '1024984140988150081,1024984230121304705', 1, '2023-02-24 09:01:00', '2023-02-24 10:01:00', 2, '2023-02-24 16:23:32', '2023-02-24 16:23:32'),
	(1605479139305398273, 1575348410018246657, 1605449798336630785, '1024985621531327777,1024986076978217057', 2, '2023-02-24 14:27:00', '2023-02-24 14:28:00', 2, '2023-02-24 16:23:50', '2023-02-24 21:22:34'),
	(1605479288957816834, 1575348410018246657, 1590635645673361410, '1024985621531327777,1024986076978217057', 2, '2023-02-24 09:01:00', '2023-02-24 10:01:00', 2, '2023-02-24 16:24:26', '2023-02-24 21:22:02'),
	(1605479946973159425, 1575258705310330881, 1590635645673361410, '1024984140988150081,1024984230121304705', 1, '2023-02-24 09:01:00', '2023-02-24 10:01:00', 2, '2023-02-24 16:27:02', '2023-02-24 16:27:02'),
	(1605480274719920129, 1575348410018246657, 1590635645673361410, '1024985621531327777,1024986076978217057', 2, '2023-02-24 09:01:00', '2023-02-24 10:01:00', 2, '2023-02-24 16:28:21', '2023-02-24 21:21:59'),
	(1605480838413754370, 1575258705310330881, 1605449798336630785, '1024984140988150081,1024984230121304705', 1, '2023-02-24 14:27:00', '2023-02-24 14:28:00', 2, '2023-02-24 16:30:35', '2023-02-24 16:30:35'),
	(1605481536538529793, 1575348410018246657, 1605449798336630785, '1024985621531327777,1024986076978217057', 2, '2023-02-24 14:27:00', '2023-02-24 14:28:00', 2, '2023-02-24 16:33:21', '2023-02-24 21:22:31'),
	(1605490690896764930, 1575258705310330881, 1605449798336630785, '1024984140988150081,1024984230121304705', 1, '2023-02-24 14:27:00', '2023-02-24 14:28:00', 2, '2023-02-24 17:09:44', '2023-02-24 17:09:44'),
	(1606217538517323778, 1575348410018246657, 1605449798336630785, '1024985621531327777,1024986076978217057', 2, '2023-02-24 14:27:00', '2023-02-24 14:28:00', 2, '2023-02-24 17:17:58', '2023-02-24 21:22:47'),
	(1608087420329103361, 1575348410018246657, 1575405029456551938, '1024985621531327777,1024986076978217057', 2, '2023-02-24 22:09:00', '2023-02-24 22:11:00', 2, '2023-02-24 21:08:12', '2023-02-24 21:24:32'),
	(1608090719178559490, 1575348410018246657, 1575405029456551938, '1024985621531327777,1024986076978217057', 2, '2023-02-24 22:09:00', '2023-02-24 22:11:00', 2, '2023-02-24 21:21:19', '2023-02-24 21:19:56'),
	(1608095054717358082, 1575354690074128386, 1575414137962307585, '1024987378881793537,1024997316655995489', 2, '2023-02-24 22:40:00', '2023-02-24 22:42:00', 2, '2023-02-24 21:38:33', '2023-02-24 21:44:27'),
	(1608096543355539457, 1575354690074128386, 1575414137962307585, '1024987378881793537,1024997316655995489', 2, '2023-02-24 22:40:00', '2023-02-24 22:42:00', 2, '2023-02-24 21:44:28', '2023-02-24 21:19:51'),
	(1608738882783633410, 1575258705310330881, 1608736945820491778, '1024984140988150081,1024984230121304705', 2, '2023-02-24 16:09:00', '2023-02-24 16:10:00', 2, '2023-02-24 16:16:53', '2023-02-24 21:20:00'),
	(1608739623279616002, 1575258705310330881, 1608736945820491778, '1024984140988150081,1024984230121304705', 2, '2023-02-24 16:09:00', '2023-02-24 16:10:00', 2, '2023-02-24 16:19:50', '2023-02-24 21:20:11'),
	(1608756519412523009, 1575258705310330881, 1608736945820491778, '1024984140988150081,1024984230121304705', 2, '2023-02-24 16:09:00', '2023-02-24 16:10:00', 2, '2023-02-24 17:26:58', '2023-02-24 21:20:06'),
	(1610989468312756225, 1575354690074128386, 1575414137962307585, '1024987378881793537,1024997316655995489', 2, '2023-02-24 21:25:00', '2023-02-24 03:40:00', 2, '2023-02-24 21:19:55', '2023-02-24 21:33:13'),
	(1610990518172213250, 1575348410018246657, 1610990483325935617, '1024985621531327777,1024986076978217057', 2, '2023-02-24 21:26:00', '2023-02-24 21:56:00', 2, '2023-02-24 21:24:05', '2023-02-24 21:32:29'),
	(1610992635855331330, 1575348410018246657, 1610990483325935617, '1024985621531327777,1024986076978217057', 2, '2023-02-24 21:26:00', '2023-02-24 21:56:00', 2, '2023-02-24 21:32:30', '2023-02-24 14:50:54'),
	(1610992996150239233, 1575354690074128386, 1610992974738317314, '1024987378881793537,1024997316655995489', 2, '2023-02-24 21:36:00', '2023-02-24 03:26:00', 2, '2023-02-24 21:33:56', '2023-02-24 14:50:54'),
	(1612342255906807810, 1575348410018246657, 1612342219433140225, '1024985621531327777,1024986076978217057', 2, '2023-02-24 14:59:00', '2023-02-24 15:29:00', 2, '2023-02-24 14:55:24', '2023-02-24 15:06:45'),
	(1612345116002705409, 1575348410018246657, 1612342219433140225, '1024985621531327777,1024986076978217057', 1, '2023-02-24 14:59:00', '2023-02-24 15:29:00', 2, '2023-02-24 15:06:46', '2023-02-24 15:06:46'),
	(1612345332869193730, 1575354690074128386, 1612345298891137025, '1024987378881793537,1024997316655995489', 2, '2023-02-24 15:10:00', '2023-02-24 20:10:00', 2, '2023-02-24 15:07:38', '2023-02-24 15:18:27'),
	(1612347822587076609, 1575354690074128386, 1612345298891137025, '1024987378881793537,1024997316655995489', 1, '2023-02-24 15:10:00', '2023-02-24 20:10:00', 2, '2023-02-24 15:17:32', '2023-02-24 15:17:32'),
	(1612348062102806529, 1575354690074128386, 1612345298891137025, '1024987378881793537,1024997316655995489', 1, '2023-02-24 15:10:00', '2023-02-24 20:10:00', 2, '2023-02-24 15:18:29', '2023-02-24 15:18:29');

-- 导出  表 sl_base.sl_truck_return_register 结构
CREATE TABLE IF NOT EXISTS `sl_truck_return_register` (
  `id` bigint NOT NULL COMMENT '主键',
  `truck_id` bigint NOT NULL COMMENT '车辆id',
  `transport_task_id` bigint NOT NULL COMMENT '运输任务id',
  `out_storage_time` datetime NOT NULL COMMENT '出库时间',
  `into_storage_time` datetime NOT NULL COMMENT '入库时间',
  `is_break_rules` tinyint(1) NOT NULL DEFAULT '0' COMMENT '车辆是否违章，1-是，0-否',
  `break_rules_type` int DEFAULT NULL COMMENT '违章类型，1-闯红灯，2-无证驾驶，3-超载，4-酒后驾驶，5-超速行驶，6-其他',
  `break_rules_description` varchar(50) CHARACTER SET utf8mb4 COLLATE utf8mb4_0900_ai_ci DEFAULT NULL COMMENT '违章说明，类型为“其他”时填写',
  `penalty_amount` decimal(12,2) DEFAULT NULL COMMENT '罚款金额',
  `deduct_points` int DEFAULT NULL COMMENT '扣分',
  `is_fault` tinyint(1) NOT NULL DEFAULT '0' COMMENT '车辆是否故障，1-是，0-否',
  `is_available` tinyint(1) DEFAULT '1' COMMENT '车辆是否可用，1-是，0-否',
  `fault_type` int DEFAULT NULL COMMENT '故障类型，1-发动机启动困难，2-不着车，3-漏油，4-漏水，5-照明失灵，6-有异响，7-排烟异常，8-温度异常，9-其他',
  `fault_description` varchar(50) CHARACTER SET utf8mb4 COLLATE utf8mb4_0900_ai_ci DEFAULT NULL COMMENT '故障说明，类型为“其他”时填写',
  `fault_images` varchar(1000) CHARACTER SET utf8mb4 COLLATE utf8mb4_0900_ai_ci DEFAULT NULL COMMENT '故障图片',
  `is_accident` tinyint(1) NOT NULL DEFAULT '0' COMMENT '车辆是否发生事故，1-是，0-否',
  `accident_type` int DEFAULT NULL COMMENT '事故类型，1-直行事故，2-追尾事故，3-超车事故，4-左转弯事故，5-右转弯事故，6-弯道事故，7-坡道事故，8-会车事故，9-其他',
  `accident_description` varchar(50) CHARACTER SET utf8mb4 COLLATE utf8mb4_0900_ai_ci DEFAULT NULL COMMENT '事故说明，类型为“其他”时填写',
  `accident_images` varchar(1000) CHARACTER SET utf8mb4 COLLATE utf8mb4_0900_ai_ci DEFAULT NULL COMMENT '事故图片',
  `created` datetime DEFAULT NULL COMMENT '创建时间',
  `updated` datetime DEFAULT NULL COMMENT '修改时间',
  PRIMARY KEY (`id`) USING BTREE,
  KEY `truck_id` (`truck_id`) USING BTREE,
  KEY `transport_task_id` (`transport_task_id`) USING BTREE
) ENGINE=InnoDB DEFAULT CHARSET=utf8mb4 COLLATE=utf8mb4_0900_ai_ci COMMENT='回车登记表';

-- 正在导出表  sl_base.sl_truck_return_register 的数据：~6 rows (大约)
INSERT INTO `sl_truck_return_register` (`id`, `truck_id`, `transport_task_id`, `out_storage_time`, `into_storage_time`, `is_break_rules`, `break_rules_type`, `break_rules_description`, `penalty_amount`, `deduct_points`, `is_fault`, `is_available`, `fault_type`, `fault_description`, `fault_images`, `is_accident`, `accident_type`, `accident_description`, `accident_images`, `created`, `updated`) VALUES
	(1608091528649871362, 1575348410018246657, 1608087623835418626, '2023-02-24 21:23:35', '2023-02-24 21:24:27', 0, NULL, NULL, NULL, NULL, 0, 1, NULL, NULL, '', 0, NULL, NULL, '', '2023-02-24 21:24:32', '2023-02-24 21:24:32'),
	(1608096539161235458, 1575354690074128386, 1608095170466250753, '2023-02-24 21:43:56', '2023-02-24 21:44:22', 0, NULL, NULL, NULL, NULL, 0, 1, NULL, NULL, '', 0, NULL, NULL, '', '2023-02-24 21:44:27', '2023-02-24 21:44:27'),
	(1610992624123863041, 1575348410018246657, 1610990752659484673, '2023-02-24 21:30:49', '2023-02-24 21:32:22', 0, NULL, NULL, NULL, NULL, 0, 1, NULL, NULL, '', 0, NULL, NULL, '', '2023-02-24 21:32:27', '2023-02-24 21:32:27'),
	(1612345107198861314, 1575348410018246657, 1612342410790383617, '2023-02-24 15:01:33', '2023-02-24 15:06:40', 0, NULL, NULL, NULL, NULL, 0, 1, NULL, NULL, '', 0, NULL, NULL, '', '2023-02-24 15:06:44', '2023-02-24 15:06:44'),
	(1612347812940177410, 1575354690074128386, 1612345429397417985, '2023-02-24 15:16:11', '2023-02-24 15:17:19', 0, NULL, NULL, NULL, NULL, 0, 1, NULL, NULL, '', 0, NULL, NULL, '', '2023-02-24 15:17:29', '2023-02-24 15:17:29'),
	(1612348054125240322, 1575354690074128386, 1612345429397417985, '2023-02-24 15:16:11', '2023-02-24 15:17:19', 0, NULL, NULL, NULL, NULL, 0, 1, NULL, NULL, '', 0, NULL, NULL, '', '2023-02-24 15:18:27', '2023-02-24 15:18:27');

-- 导出  表 sl_base.sl_truck_trips 结构
CREATE TABLE IF NOT EXISTS `sl_truck_trips` (
  `id` bigint NOT NULL COMMENT 'id',
  `transport_line_id` bigint DEFAULT NULL COMMENT '运输路线id',
  `name` varchar(255) NOT NULL COMMENT '车次名称',
  `period` tinyint NOT NULL COMMENT '周期，1为天，2为周，3为月',
  `departure_time` varchar(255) DEFAULT NULL COMMENT '发车时间',
  `estimated_time` decimal(20,6) DEFAULT NULL COMMENT '预计时间（分钟）',
  `status` tinyint NOT NULL DEFAULT '1' COMMENT '状态  0：禁用   1：正常',
  `created` datetime DEFAULT NULL COMMENT '创建时间',
  `updated` datetime DEFAULT NULL COMMENT '更新时间',
  PRIMARY KEY (`id`) USING BTREE
) ENGINE=InnoDB DEFAULT CHARSET=utf8mb4 COLLATE=utf8mb4_0900_ai_ci ROW_FORMAT=DYNAMIC COMMENT='车次信息表';

-- 正在导出表  sl_base.sl_truck_trips 的数据：~80 rows (大约)
INSERT INTO `sl_truck_trips` (`id`, `transport_line_id`, `name`, `period`, `departure_time`, `estimated_time`, `status`, `created`, `updated`) VALUES
	(1575369780982788098, 0, '九点', 1, '541', 100.000000, 0, '2023-02-24 14:19:59', '2023-02-24 15:26:22'),
	(1575370048357085185, 1, '九点发车', 1, '541', 100.000000, 0, '2023-02-24 14:21:03', '2023-02-24 15:56:30'),
	(1575380709212499970, 4, '3点发出', 1, '911', 120.000000, 1, '2023-02-24 15:03:25', '2023-02-24 15:03:25'),
	(1575384927172374530, 2, '3点18发车', 1, '916', 120.000000, 0, '2023-02-24 15:20:11', '2023-02-24 15:57:52'),
	(1575388278979112962, 0, '3点36发车', 1, '936', 120.000000, 1, '2023-02-24 15:33:30', '2023-02-24 15:33:30'),
	(1575389564906582018, 8, '3点40发车', 1, '940', 120.000000, 0, '2023-02-24 15:38:36', '2023-02-24 15:46:22'),
	(1575390444624097282, 34, '0001', 2, '1109', 2.000000, 0, '2023-02-24 15:42:06', '2023-02-24 16:41:20'),
	(1575390893930524674, 31, '0002', 2, '1130', 2.000000, 1, '2023-02-24 15:43:53', '2023-02-24 16:48:40'),
	(1575391626708987906, 9, '3点50发车', 1, '950', 120.000000, 1, '2023-02-24 15:46:48', '2023-02-24 15:46:48'),
	(1575392365757935618, 11, '3点52发车', 1, '960', 120.000000, 1, '2023-02-24 15:49:44', '2023-02-24 15:59:59'),
	(1575394266385821697, 10, '4点发车', 1, '961', 120.000000, 0, '2023-02-24 15:57:17', '2023-02-24 16:09:52'),
	(1575405029456551938, 22, '0003', 1, '1275', 30.000000, 0, '2023-02-24 16:40:03', '2023-02-24 14:50:18'),
	(1575408709283028994, 39, '0004', 2, '1157', 1.000000, 0, '2023-02-24 16:54:41', '2023-02-24 17:14:44'),
	(1575414137962307585, 39, '00004', 1, '1285', 300.000000, 0, '2023-02-24 17:16:15', '2023-02-24 15:07:13'),
	(1575730935672553473, 18, '14:20发车', 1, '861', 60.000000, 0, '2023-02-24 14:15:05', '2023-02-24 14:21:20'),
	(1575732727919624194, 11, '14:30发车', 1, '870', 60.000000, 0, '2023-02-24 14:22:13', '2023-02-24 16:52:20'),
	(1575770655211339777, 10, '17:00发车', 1, '1021', 60.000000, 0, '2023-02-24 16:52:55', '2023-02-24 16:56:45'),
	(1575771752554512386, 19, '17:10发车', 1, '1030', 60.000000, 0, '2023-02-24 16:57:17', '2023-02-24 17:00:08'),
	(1575773516540362754, 18, '17点10分发车', 1, '1031', 60.000000, 0, '2023-02-24 17:04:17', '2023-02-24 17:06:13'),
	(1575774159397142530, 11, '17:15发车', 1, '1035', 60.000000, 0, '2023-02-24 17:06:51', '2023-02-24 17:22:55'),
	(1575778950076645377, 10, '17:30发车', 1, '1051', 60.000000, 0, '2023-02-24 17:25:53', '2023-02-24 17:29:23'),
	(1575780018642698241, 10, '17:35发车', 1, '1055', 60.000000, 0, '2023-02-24 17:30:08', '2023-02-24 17:32:43'),
	(1575780741270945794, 10, '17:37发车', 1, '1058', 60.000000, 0, '2023-02-24 17:33:00', '2023-02-24 17:35:21'),
	(1575781471822233602, 19, '17:40发车', 1, '1061', 60.000000, 0, '2023-02-24 17:35:54', '2023-02-24 17:38:30'),
	(1575782309340856321, 18, '17:43发车', 1, '1063', 60.000000, 0, '2023-02-24 17:39:14', '2023-02-24 17:42:11'),
	(1575783173547835394, 11, '17:47发车', 1, '1067', 60.000000, 0, '2023-02-24 17:42:40', '2023-02-24 14:20:36'),
	(1577906847218987010, 64, '昌平北京线', 1, '984', 60.000000, 0, '2023-02-24 14:21:23', '2023-02-24 15:13:11'),
	(1577907234575544322, 10, '14:31发车', 1, '872', 60.000000, 0, '2023-02-24 14:22:55', '2023-02-24 14:32:32'),
	(1577909795688869890, 19, '14:42发车', 1, '882', 60.000000, 0, '2023-02-24 14:33:06', '2023-02-24 14:36:51'),
	(1577910938905145345, 18, '14:47发车', 1, '888', 60.000000, 0, '2023-02-24 14:37:39', '2023-02-24 14:39:27'),
	(1577911577890582529, 11, '14:50发车', 1, '890', 60.000000, 0, '2023-02-24 14:40:11', '2023-02-24 08:53:55'),
	(1579286722370662402, 51, '出发时间九点', 1, '540', 60.000000, 0, '2023-02-24 09:44:31', '2023-02-24 10:43:09'),
	(1579294115522887682, 10, '10:23发车', 1, '624', 60.000000, 0, '2023-02-24 10:13:54', '2023-02-24 10:28:52'),
	(1579303785751867394, 19, '10:23发车', 1, '660', 60.000000, 0, '2023-02-24 10:52:19', '2023-02-24 10:56:47'),
	(1579329723390717954, 44, '123', 1, '966', 90.000000, 1, '2023-02-24 12:35:23', '2023-02-24 16:06:11'),
	(1579377766634844161, 19, '15:50发车', 1, '950', 60.000000, 0, '2023-02-24 15:46:18', '2023-02-24 15:47:13'),
	(1579380310887067650, 11, '17:00发车', 1, '1021', 60.000000, 0, '2023-02-24 15:56:24', '2023-02-24 15:56:32'),
	(1579380757194567682, 19, '17:00发车', 1, '1020', 60.000000, 0, '2023-02-24 15:58:11', '2023-02-24 15:58:26'),
	(1579381160766304258, 11, '1', 1, '960', 2.000000, 0, '2023-02-24 15:59:47', '2023-02-24 15:59:51'),
	(1579381675143163906, 45, '11', 1, '974', 2.000000, 0, '2023-02-24 16:01:50', '2023-02-24 17:52:27'),
	(1579381915409674241, 44, '12', 1, '963', 2.000000, 1, '2023-02-24 16:02:47', '2023-02-24 16:10:25'),
	(1579382724306366466, 44, '22', 1, '972', 3.000000, 0, '2023-02-24 16:06:00', '2023-02-24 17:52:20'),
	(1579384296612524034, 44, '3', 1, '972', 1.000000, 0, '2023-02-24 16:12:15', '2023-02-24 17:52:21'),
	(1579384722787364866, 44, '4', 1, '974', 1.000000, 0, '2023-02-24 16:13:56', '2023-02-24 17:52:23'),
	(1579410709243719682, 44, '1', 1, '1020', 1.000000, 0, '2023-02-24 17:57:12', '2023-02-24 18:00:05'),
	(1579410923803340802, 44, '2', 1, '1077', 3.000000, 0, '2023-02-24 17:58:03', '2023-02-24 18:00:00'),
	(1579410923916587010, 44, '2', 1, '1077', 3.000000, 0, '2023-02-24 17:58:03', '2023-02-24 18:00:04'),
	(1579771099806920706, 10, '17：58发车', 1, '1078', 60.000000, 0, '2023-02-24 17:49:16', '2023-02-24 17:55:45'),
	(1579773574811185154, 19, '18:10发车', 1, '1091', 60.000000, 0, '2023-02-24 17:59:06', '2023-02-24 09:26:47'),
	(1580385960685432834, 44, '九点出发', 1, '572', 60.000000, 0, '2023-02-24 10:32:30', '2023-02-24 10:22:40'),
	(1580446306310238209, 10, '14:41发车', 1, '881', 60.000000, 0, '2023-02-24 14:32:17', '2023-02-24 14:41:52'),
	(1580449016245858305, 19, '14：52发车', 1, '893', 60.000000, 0, '2023-02-24 14:43:03', '2023-02-24 18:34:12'),
	(1580503196893392897, 10, '18:28发车', 1, '1108', 60.000000, 0, '2023-02-24 18:18:21', '2023-02-24 18:33:54'),
	(1580503340909015041, 10, '18:28发车', 1, '1108', 60.000000, 1, '2023-02-24 18:18:55', '2023-02-24 18:18:55'),
	(1582190636637040641, 23, '0007', 2, '733', 5.000000, 1, '2023-02-24 10:03:38', '2023-02-24 10:03:38'),
	(1582266795202277377, 37, '0001', 2, '911', 1.000000, 0, '2023-02-24 15:06:16', '2023-02-24 11:38:04'),
	(1589441690214555649, 64, '十一点出发', 1, '678', 20.000000, 0, '2023-02-24 10:16:44', '2023-02-24 15:13:09'),
	(1589442309658730497, 94, '测试线路', 1, '619', 20.000000, 0, '2023-02-24 10:19:12', '2023-02-24 10:22:55'),
	(1589442631416373249, 66, '测试用', 1, '620', 20.000000, 0, '2023-02-24 10:20:28', '2023-02-24 10:44:58'),
	(1589442786093916162, 66, '测试用', 1, '620', 20.000000, 0, '2023-02-24 10:21:05', '2023-02-24 11:34:11'),
	(1589451706543857665, 66, '150', 1, '646', 20.000000, 0, '2023-02-24 10:56:32', '2023-02-24 11:34:09'),
	(1589461229396516865, 66, '55', 1, '716', 20.000000, 0, '2023-02-24 11:34:23', '2023-02-24 11:48:06'),
	(1589464750053351426, 66, '25', 1, '896', 50.000000, 0, '2023-02-24 11:48:22', '2023-02-24 14:55:23'),
	(1589511877194375169, 66, '额', 1, '897', 20.000000, 0, '2023-02-24 14:55:38', '2023-02-24 15:02:03'),
	(1589513541154463746, 66, '855', 1, '902', 30.000000, 0, '2023-02-24 15:02:15', '2023-02-24 15:09:29'),
	(1590181322199883777, 44, '5', 3, '676', 20.000000, 0, '2023-02-24 11:15:46', '2023-02-24 11:49:24'),
	(1590634242196328449, 5, '五点出发', 1, '1033', 60.000000, 1, '2023-02-24 17:15:31', '2023-02-24 17:15:31'),
	(1590635645673361410, 96, '九点发车', 1, '541', 60.000000, 0, '2023-02-24 17:21:05', '2023-02-24 18:39:02'),
	(1605449798336630785, 95, '213', 1, '867', 1.000000, 0, '2023-02-24 14:27:14', '2023-02-24 18:40:32'),
	(1607262046977773569, 62, '十点出发', 2, '628', 60.000000, 1, '2023-02-24 14:28:28', '2023-02-24 14:28:28'),
	(1607668200508329985, 91, '现在出发', 1, '1042', 100.000000, 1, '2023-02-24 17:22:23', '2023-02-24 17:22:23'),
	(1608736945820491778, 7, '1', 1, '969', 3600.000000, 1, '2023-02-24 16:09:11', '2023-02-24 10:59:40'),
	(1610989043605921794, 31, '00004', 1, '1285', 30000.000000, 0, '2023-02-24 21:18:13', '2023-02-24 21:18:40'),
	(1610989754351706113, 22, '0002', 1, '1283', 30.000000, 0, '2023-02-24 21:21:03', '2023-02-24 21:23:43'),
	(1610990483325935617, 22, '002', 1, '900', 30.000000, 1, '2023-02-24 21:23:57', '2023-02-24 14:50:35'),
	(1610992974738317314, 39, '0001', 1, '1296', 350.000000, 1, '2023-02-24 21:33:51', '2023-02-24 21:33:51'),
	(1612271913653854210, 7, 'ssdsd', 1, '615', 1000.000000, 0, '2023-02-24 10:15:53', '2023-02-24 10:41:05'),
	(1612286133187469313, 7, '时代大厦多所多', 1, '1393', 222.000000, 0, '2023-02-24 11:12:24', '2023-02-24 11:13:29'),
	(1612342219433140225, 22, '005', 1, '899', 30.000000, 1, '2023-02-24 14:55:16', '2023-02-24 14:55:16'),
	(1612345298891137025, 39, '0002', 1, '910', 300.000000, 1, '2023-02-24 15:07:30', '2023-02-24 15:07:30');

-- 导出  表 sl_base.sl_truck_trips_truck_driver 结构
CREATE TABLE IF NOT EXISTS `sl_truck_trips_truck_driver` (
  `id` bigint NOT NULL COMMENT 'id',
  `truck_id` bigint DEFAULT NULL COMMENT '车辆id',
  `transport_trips_id` bigint DEFAULT NULL COMMENT '车次id',
  `driver_id` bigint DEFAULT NULL COMMENT '司机id',
  `created` datetime DEFAULT NULL COMMENT '创建时间',
  `updated` datetime DEFAULT NULL COMMENT '更新时间',
  PRIMARY KEY (`id`) USING BTREE
) ENGINE=InnoDB DEFAULT CHARSET=utf8mb4 COLLATE=utf8mb4_0900_ai_ci ROW_FORMAT=DYNAMIC COMMENT='车次与车辆和司机关联表';

-- 正在导出表  sl_base.sl_truck_trips_truck_driver 的数据：~20 rows (大约)
INSERT INTO `sl_truck_trips_truck_driver` (`id`, `truck_id`, `transport_trips_id`, `driver_id`, `created`, `updated`) VALUES
	(1575391641544241154, 1575326402853285890, 1575391626708987906, 1024976605161836353, '2023-02-24 15:46:51', '2023-02-24 15:46:51'),
	(1575391641544241155, 1575326402853285890, 1575391626708987906, 1024976390379916929, '2023-02-24 15:46:51', '2023-02-24 15:46:51'),
	(1575397471740047361, 1575079060036202497, 1575392365757935618, 1024742117286706369, '2023-02-24 16:10:01', '2023-02-24 16:10:01'),
	(1575397471740047362, 1575079060036202497, 1575392365757935618, 1024741978908228513, '2023-02-24 16:10:01', '2023-02-24 16:10:01'),
	(1575408211737911297, 1575354299601203202, 1575390893930524674, 1024994711959651169, '2023-02-24 16:52:42', '2023-02-24 16:52:42'),
	(1575408211742105602, 1575354299601203202, 1575390893930524674, 1024994498993865153, '2023-02-24 16:52:42', '2023-02-24 16:52:42'),
	(1579331751592554498, 1575257934065905665, 1579329723390717954, 1025112013736764417, '2023-02-24 12:43:27', '2023-02-24 12:43:27'),
	(1579331751596748802, 1575257934065905665, 1579329723390717954, 1025104550799061921, '2023-02-24 12:43:27', '2023-02-24 12:43:27'),
	(1580455884380909570, 1575326469345587201, 1575380709212499970, 1024738594893428865, '2023-02-24 15:10:21', '2023-02-24 15:10:21'),
	(1580455884389298177, 1575326469345587201, 1575380709212499970, 1024738476802799553, '2023-02-24 15:10:21', '2023-02-24 15:10:21'),
	(1580455884389298178, 1575066537559928833, 1575380709212499970, 1024742265953811937, '2023-02-24 15:10:21', '2023-02-24 15:10:21'),
	(1580455884389298179, 1575066537559928833, 1575380709212499970, 1024742403489234657, '2023-02-24 15:10:21', '2023-02-24 15:10:21'),
	(1580507224108904449, 1575258765238546434, 1580503340909015041, 1024984516357387297, '2023-02-24 18:34:21', '2023-02-24 18:34:21'),
	(1580507224108904450, 1575258765238546434, 1580503340909015041, 1024984365991588705, '2023-02-24 18:34:21', '2023-02-24 18:34:21'),
	(1608756519425105921, 1575258705310330881, 1608736945820491778, 1024984230121304705, '2023-02-24 17:26:58', '2023-02-24 17:26:58'),
	(1608756519454466049, 1575258705310330881, 1608736945820491778, 1024984140988150081, '2023-02-24 17:26:58', '2023-02-24 17:26:58'),
	(1612342255915196418, 1575348410018246657, 1612342219433140225, 1024986076978217057, '2023-02-24 14:55:24', '2023-02-24 14:55:24'),
	(1612342255919390721, 1575348410018246657, 1612342219433140225, 1024985621531327777, '2023-02-24 14:55:24', '2023-02-24 14:55:24'),
	(1612345332873388033, 1575354690074128386, 1612345298891137025, 1024997316655995489, '2023-02-24 15:07:38', '2023-02-24 15:07:38'),
	(1612345332873388034, 1575354690074128386, 1612345298891137025, 1024987378881793537, '2023-02-24 15:07:38', '2023-02-24 15:07:38');

-- 导出  表 sl_base.sl_truck_type 结构
CREATE TABLE IF NOT EXISTS `sl_truck_type` (
  `id` bigint NOT NULL COMMENT 'id',
  `name` varchar(255) NOT NULL COMMENT '车辆类型名称',
  `allowable_load` decimal(32,2) DEFAULT NULL COMMENT '准载重量，单位：吨',
  `allowable_volume` decimal(32,2) DEFAULT NULL COMMENT '准载体积，单位：立方米',
  `measure_long` decimal(32,2) DEFAULT NULL COMMENT '长，单位：米',
  `measure_width` decimal(32,2) DEFAULT NULL COMMENT '宽，单位：米',
  `measure_high` decimal(32,2) DEFAULT NULL COMMENT '高，单位：米',
  `status` tinyint NOT NULL DEFAULT '1' COMMENT '状态 0：禁用 1：正常',
  `created` datetime DEFAULT NULL COMMENT '创建时间',
  `updated` datetime DEFAULT NULL COMMENT '更新时间',
  PRIMARY KEY (`id`) USING BTREE,
  UNIQUE KEY `name_index` (`name`) USING BTREE
) ENGINE=InnoDB DEFAULT CHARSET=utf8mb4 COLLATE=utf8mb4_0900_ai_ci ROW_FORMAT=DYNAMIC COMMENT='车辆类型表';

-- 正在导出表  sl_base.sl_truck_type 的数据：~101 rows (大约)
INSERT INTO `sl_truck_type` (`id`, `name`, `allowable_load`, `allowable_volume`, `measure_long`, `measure_width`, `measure_high`, `status`, `created`, `updated`) VALUES
	(1575066321985286145, '4.2米箱式货车', 10.00, 10.00, 0.00, 0.00, 0.00, 1, '2022-09-28 18:14:09', '2022-09-28 18:14:09'),
	(1575257460197634049, '12.8米箱式货车', 31.00, 31.00, 12.00, 3.00, 3.00, 1, '2022-09-29 06:53:40', '2023-02-23 23:02:39'),
	(1575257668885229569, '6.8米箱式货车1', 12111111111321340000.00, 12.00, 6.00, 3.00, 3.00, 1, '2022-09-29 06:54:30', '2023-02-23 22:57:05'),
	(1627738563371667457, '12', 12.00, 12.00, 12.00, 12.00, 21.00, 0, '2023-02-21 02:34:50', '2023-02-21 02:41:05'),
	(1627740578311114753, '80米', 2.00, 2.00, 2.00, 2.00, 2.00, 0, '2023-02-21 02:42:50', '2023-02-21 02:42:55'),
	(1627745179097698306, '同意同意·', 2.00, 2.00, 2.00, 2.00, 2.00, 0, '2023-02-21 03:01:07', '2023-02-21 03:01:15'),
	(1627754337305956354, 'test', 8.00, 8.00, 88.00, 88.00, 88.00, 0, '2023-02-21 03:37:31', '2023-02-21 03:43:23'),
	(1627754632614318081, 'qwer', 6.00, 6.00, 6.00, 6.00, 6.00, 0, '2023-02-21 03:38:41', '2023-02-21 03:43:20'),
	(1627909463228354562, '1111', NULL, NULL, NULL, NULL, NULL, 0, '2023-02-21 13:53:56', '2023-02-21 14:25:28'),
	(1627910011419693057, 'wfe', 11.00, 11.00, 11.00, 11.00, 11.00, 0, '2023-02-21 13:56:06', '2023-02-21 14:39:50'),
	(1627914747623575553, '11', 11.00, 11.00, 11.00, 1.00, 11.00, 0, '2023-02-21 14:14:56', '2023-02-21 14:39:47'),
	(1627917721477386242, '大卡车111133333', 1.00, 1.00, 1.00, 1.00, 1.00, 0, '2023-02-21 14:26:45', '2023-02-21 14:39:20'),
	(1627919733526958082, '22+2', 22.00, 22.00, 32.00, 22.00, 22.00, 0, '2023-02-21 14:34:44', '2023-02-21 14:38:11'),
	(1627921191764824066, '188', 1.00, 1.00, 1.00, 1.00, 1.00, 0, '2023-02-21 14:40:32', '2023-02-21 16:08:13'),
	(1627921244181041154, '2', 2.00, 2.00, 2.00, 2.00, 2.00, 0, '2023-02-21 14:40:45', '2023-02-21 15:09:33'),
	(1627921304587407361, '3', 3.00, 3.00, 3.00, 3.00, 3.00, 0, '2023-02-21 14:40:59', '2023-02-21 15:09:31'),
	(1627921957397270530, '22', 22.00, 22.00, 2.00, 2.00, 2.00, 0, '2023-02-21 14:43:35', '2023-02-21 15:09:29'),
	(1627925361376956418, '大河', 8.80, 8.80, 8.00, 80.00, 8.00, 0, '2023-02-21 14:57:06', '2023-02-21 15:09:27'),
	(1627928819521884161, '黑滴很', 88.00, 20.00, 15.00, 5.00, 10.00, 0, '2023-02-21 15:10:51', '2023-02-21 16:07:44'),
	(1627929711730036737, '三水', 99.00, 88.00, 55.00, 20.00, 15.00, 0, '2023-02-21 15:14:23', '2023-02-21 15:15:33'),
	(1627929873957326850, '55', 55.00, 55.00, 0.00, 0.00, 0.00, 0, '2023-02-21 15:15:02', '2023-02-21 15:15:08'),
	(1627931323181633537, '权威的', 1.00, 1.00, 0.00, 0.00, 0.00, 0, '2023-02-21 15:20:48', '2023-02-21 16:07:22'),
	(1627931394816151553, '111', 11.00, 11.00, 0.00, 0.00, 0.00, 0, '2023-02-21 15:21:05', '2023-02-21 15:22:21'),
	(1627931428819374082, '85', 585.00, 58.00, 0.00, 0.00, 0.00, 0, '2023-02-21 15:21:13', '2023-02-21 15:22:19'),
	(1627931454803087362, '8725', 72854.00, 2754.00, 0.00, 0.00, 0.00, 0, '2023-02-21 15:21:19', '2023-02-21 15:22:18'),
	(1627931479968911361, '527', 527.00, 527.00, 0.00, 0.00, 0.00, 0, '2023-02-21 15:21:25', '2023-02-21 15:22:16'),
	(1627931585245941761, '45', 5.00, 5.00, 0.00, 0.00, 0.00, 0, '2023-02-21 15:21:50', '2023-02-21 15:22:15'),
	(1627938597702799362, '远', 100.00, 100.00, 1.00, 1.00, 1.00, 0, '2023-02-21 15:49:42', '2023-02-21 15:52:57'),
	(1627944119915057154, '顶顶顶12121', 12.00, 12.00, 12.00, 12.00, 12.00, 0, '2023-02-21 16:11:39', '2023-02-22 16:00:19'),
	(1627944245471547393, '啊啊', 11.00, 11.00, 12.00, 12.00, 12.00, 0, '2023-02-21 16:12:09', '2023-02-22 19:02:59'),
	(1627944983941681153, '33', 33.00, 33.00, 33.00, 33.00, 33.00, 0, '2023-02-21 16:15:05', '2023-02-21 17:49:29'),
	(1627961773740593154, '陆流的', 66.00, 66.00, 1.00, 2.00, 3.00, 0, '2023-02-21 17:21:48', '2023-02-21 17:49:26'),
	(1627970250881961986, '', NULL, NULL, 0.00, 0.00, 0.00, 0, '2023-02-21 17:55:29', '2023-02-21 23:00:23'),
	(1627970703069876225, '大卡车', 33.00, 33.00, 33.00, 33.00, 33.00, 0, '2023-02-21 17:57:17', '2023-02-21 19:55:55'),
	(1627971348963332098, '火车', 222.00, 22.00, 2222.00, 2.00, 222.00, 0, '2023-02-21 17:59:51', '2023-02-21 23:00:17'),
	(1627972895357079554, '222', 222.00, 222.00, 0.02, 0.00, 0.00, 0, '2023-02-21 18:05:59', '2023-02-21 23:00:03'),
	(1627972974637813762, '333', 222222.00, 2.00, 3.00, 3.00, 3.00, 0, '2023-02-21 18:06:18', '2023-02-21 22:18:38'),
	(1627973719604924417, '5', 5.00, 5.00, 5.00, 5.00, 5.00, 0, '2023-02-21 18:09:16', '2023-02-21 18:09:25'),
	(1627983686042980355, '9999', 11.00, 11.00, 0.00, 0.00, 0.00, 0, '2023-02-21 18:48:52', '2023-02-21 22:18:34'),
	(1627983990826274818, '99', 99.00, 99.00, 9.00, 9.00, 9.00, 0, '2023-02-21 18:50:05', '2023-02-21 22:11:39'),
	(1627984487163432962, '文文文文文文文文文文文文文文文文文文文文文文文文文文文文文文文文', 3321.00, 3213.00, 213.00, 213.00, 2313.00, 0, '2023-02-21 18:52:03', '2023-02-21 21:25:09'),
	(1627986515528847362, '11232132113123213', 11.00, 11.00, 0.00, 0.00, 0.00, 0, '2023-02-21 19:00:06', '2023-02-21 19:55:46'),
	(1627991355327844354, '3213123331232111111111111111', 3.00, 3.00, 3.00, 3.00, 3.00, 0, '2023-02-21 19:19:20', '2023-02-21 19:55:31'),
	(1628039819000614914, '文文文文文文文文', 3.00, 1232.00, 323.00, 233.00, 21.00, 0, '2023-02-21 22:31:55', '2023-02-22 08:55:23'),
	(1628265286160945153, '8', 8.00, 8.00, 34.00, 141.00, 41.00, 0, '2023-02-22 13:27:51', '2023-02-22 14:34:23'),
	(1628278833343434753, '66', 12.00, 13.00, 1.00, 1.00, 1.00, 0, '2023-02-22 14:21:40', '2023-02-22 14:24:49'),
	(1628327217995517954, '34', 34.00, 34.00, 0.00, 0.00, 0.00, 0, '2023-02-22 17:33:56', '2023-02-22 17:56:16'),
	(1628336036611952642, '呜呜呜11', 22.00, 22.00, 2.00, 2.00, 2.00, 0, '2023-02-22 18:08:59', '2023-02-23 14:17:27'),
	(1628337993586118658, '火1', 22.00, 22.00, 2.00, 2.00, 2.00, 0, '2023-02-22 18:16:45', '2023-02-22 19:48:14'),
	(1628361290013020162, '托马斯', 32.00, 23.00, 0.00, 0.00, 0.00, 0, '2023-02-22 19:49:20', '2023-02-23 14:14:17'),
	(1628361537464373250, '321', 12.00, 21.00, 0.00, 0.00, 0.00, 0, '2023-02-22 19:50:19', '2023-02-23 13:31:31'),
	(1628361597870739457, 'sfasdf', 22.00, 23.00, 0.00, 0.00, 0.00, 0, '2023-02-22 19:50:33', '2023-02-22 20:03:29'),
	(1628405056363106305, '1', 12.00, 12.00, 3.00, 2.00, 1.00, 0, '2023-02-22 22:43:14', '2023-02-22 23:22:17'),
	(1628407161454923778, '阿萨德', 12.00, 2.00, 0.00, 0.00, 0.00, 0, '2023-02-22 22:51:36', '2023-02-22 23:18:30'),
	(1628639561929789442, '火', 22.00, 2.00, 2.00, 2.00, 2.00, 0, '2023-02-23 14:15:05', '2023-02-23 14:17:22'),
	(1628640132145418242, '哈哈', 1.00, 1.00, 0.00, 0.00, 0.00, 0, '2023-02-23 14:17:21', '2023-02-23 14:17:24'),
	(1628640828223721474, 'xiangche234234', 4.00, 4.00, 12312312323.00, 131231230.00, 123123.00, 0, '2023-02-23 14:20:07', '2023-02-23 21:42:43'),
	(1628640862596042754, 'xiangche23423424342348888', 4.00, 4.00, 0.00, 0.00, 0.00, 0, '2023-02-23 14:20:15', '2023-02-23 17:54:57'),
	(1628640915448467458, '9', 9.00, 9.00, 9.00, 9.00, 9.00, 0, '2023-02-23 14:20:28', '2023-02-23 17:53:03'),
	(1628729381284810753, 'xiangche', 4.00, 4.00, 1.00, 1.00, 1.00, 0, '2023-02-23 20:11:59', '2023-02-23 21:07:35'),
	(1628732896543576066, '1233245345123123', 111.00, 111.00, 111.00, 111.00, 90909090909090.00, 0, '2023-02-23 20:25:58', '2023-02-23 21:07:17'),
	(1628747221798817793, '黄包车', 1111.00, 1111.00, 111.00, 111.00, 111.00, 0, '2023-02-23 21:22:53', '2023-02-23 21:27:55'),
	(1628747519971889153, '滑板车', 1.00, 2.00, 3.00, 45.00, 5.00, 0, '2023-02-23 21:24:04', '2023-02-23 21:41:18'),
	(1628760692414287873, '123', 3123.00, 2131.00, 123.00, 231.00, 3123.00, 0, '2023-02-23 22:16:25', '2023-02-23 22:25:04'),
	(1628765653667745793, 'xiangche234234234', 4.00, 4.00, 1.00, 1.00, 1.00, 0, '2023-02-23 22:36:08', '2023-02-23 22:47:11'),
	(1628950611145330689, 'string', 1.00, 1.00, 0.00, 0.00, 0.00, 0, '2023-02-24 10:51:05', '2023-02-24 13:32:36'),
	(1628950659342077954, 'string1', 12.00, 12.00, 2.00, 2.00, 3.00, 0, '2023-02-24 10:51:16', '2023-02-24 13:32:42'),
	(1628962232282451969, 'a', 100.00, 90.00, 50.00, 8.00, 10.00, 0, '2023-02-24 11:37:15', '2023-02-24 13:32:27'),
	(1628962568770490369, '43214324', 11.00, 11.00, 1.00, 1.00, 1.00, 1, '2023-02-24 11:38:36', '2023-02-24 11:38:36'),
	(1628962645035520002, '7678676767676786767', 11.00, 11.00, 1.00, 1.00, 1.00, 0, '2023-02-24 11:38:54', '2023-02-24 17:00:49'),
	(1628963092978798594, 'asd', 100.00, 50.00, 30.00, 8.00, 10.00, 1, '2023-02-24 11:40:41', '2023-02-24 11:40:41'),
	(1628963468830380034, '1111111111', 11.00, 1.00, 0.00, 0.00, 0.00, 1, '2023-02-24 11:42:10', '2023-02-24 11:42:10'),
	(1628964110521143297, '王一帆', 80.00, 80.00, 1.00, 2.00, 3.00, 1, '2023-02-24 11:44:43', '2023-02-24 11:44:43'),
	(1628964394429386753, '111111111111111111111', 11.00, 1.00, 2.00, 0.00, 0.00, 1, '2023-02-24 11:45:51', '2023-02-24 11:45:51'),
	(1628965314428997633, '111111111', 11.00, 1.00, 1.00, 1.00, 1.00, 1, '2023-02-24 11:49:30', '2023-02-24 11:49:30'),
	(1628969718817296385, 'QQQ', 11.00, 11.00, 1.00, 1.00, 1.00, 0, '2023-02-24 12:07:00', '2023-02-24 13:32:05'),
	(1628984635649757186, '22233', 2.00, 2.00, 2.00, 2.00, 2.00, 0, '2023-02-24 13:06:17', '2023-02-24 13:30:52'),
	(1628984889145102337, 'yhhh', 1.00, 1.00, 1.00, 1.00, 1.00, 0, '2023-02-24 13:07:17', '2023-02-24 14:28:45'),
	(1628991701865009154, 'yhyhyhyhyhyhyhy', 11111.00, 1111.00, 111.00, 111.00, 1111.00, 1, '2023-02-24 13:34:22', '2023-02-24 13:34:22'),
	(1628992044535451650, 'yhyhyhyhyhyyhhhgdhg', 11.00, 11.00, 11.00, 11.00, 11.00, 1, '2023-02-24 13:35:43', '2023-02-24 13:35:43'),
	(1628992170821750785, '去西湖的车', 1111.00, 111.00, 1111.00, 11111.00, 111.00, 1, '2023-02-24 13:36:13', '2023-02-25 08:27:55'),
	(1629004814530187266, '11111111111111', 1.00, 1.00, 1.00, 1.00, 1.00, 0, '2023-02-24 14:26:28', '2023-02-24 17:00:20'),
	(1629004877889343489, '去幼儿园的车', 1.00, 1.00, 1.00, 1.00, 1.00, 1, '2023-02-24 14:26:43', '2023-02-25 08:27:28'),
	(1629011534266568706, '111111111111111111111111111', 1.00, 1.00, 1.00, 1.00, 1.00, 0, '2023-02-24 14:53:10', '2023-02-24 19:36:53'),
	(1629012324838346753, '1111122222', 11.00, 11.00, 1.00, 1.00, 1.00, 0, '2023-02-24 14:56:18', '2023-02-24 19:36:07'),
	(1629014864913043457, '陈鹏', 21.00, 22.00, 1.00, 2.00, 2.00, 0, '2023-02-24 15:06:24', '2023-02-24 15:53:21'),
	(1629017334171111426, '啥呀', 1.00, 1.00, 1.00, 1.00, 1.00, 0, '2023-02-24 15:16:13', '2023-02-24 15:57:12'),
	(1629017512353533954, '成', 1.00, 1.00, 0.00, 0.00, 0.00, 0, '2023-02-24 15:16:55', '2023-02-24 15:45:45'),
	(1629017543387189249, '白胜伟233', 22.00, 2.00, 2.00, 2.00, 2.00, 0, '2023-02-24 15:17:03', '2023-02-24 15:45:57'),
	(1629017599624417282, '白白', 1.00, 1.00, 0.00, 0.00, 0.00, 0, '2023-02-24 15:17:16', '2023-02-24 15:19:17'),
	(1629017862754078721, '6白白白', 6.00, 6.00, 6.00, 6.00, 6.00, 0, '2023-02-24 15:18:19', '2023-02-24 15:54:52'),
	(1629018562322042882, '卢本伟牛逼', 66.00, 6.00, 6.00, 6.00, 6.00, 0, '2023-02-24 15:21:06', '2023-02-24 15:50:43'),
	(1629018872146890754, '啊', 1.00, 1.00, 1.00, 1.00, 1.00, 0, '2023-02-24 15:22:19', '2023-02-24 15:48:18'),
	(1629019347369922561, '正则', 1.00, 1.00, 1.00, 1.00, 1.00, 0, '2023-02-24 15:24:13', '2023-02-24 15:39:22'),
	(1629019531504062466, '卡丁车', 1.00, 1.00, 1.00, 0.00, 0.00, 1, '2023-02-24 15:24:57', '2023-02-25 08:27:10'),
	(1629019886803554306, '99饿了吗', 64.00, 78.00, 2.00, 2.00, 2.00, 0, '2023-02-24 15:26:21', '2023-02-24 17:00:03'),
	(1629020499113218050, '白', 1.00, 1.00, 0.00, 0.00, 0.00, 0, '2023-02-24 15:28:47', '2023-02-24 15:45:48'),
	(1629022174364372994, '的的', 1.00, 1.00, 1.00, 1.00, 1.00, 0, '2023-02-24 15:35:27', '2023-02-24 15:39:15'),
	(1629027552254824450, '白白白', 11.00, 11.00, 0.00, 0.00, 0.00, 0, '2023-02-24 15:56:49', '2023-02-24 16:06:45'),
	(1629030368742543361, '嗷嗷嗷11', 11.00, 11.00, 1.00, 1.00, 1.00, 0, '2023-02-24 16:08:00', '2023-02-24 16:18:20'),
	(1629276162926120961, '黄包车’', 11.00, 11.00, 1.00, 1.00, 1.00, 1, '2023-02-25 08:24:42', '2023-02-25 08:25:11');

-- 导出  表 sl_base.sl_truck_type_goods_type 结构
CREATE TABLE IF NOT EXISTS `sl_truck_type_goods_type` (
  `id` bigint NOT NULL,
  `truck_type_id` bigint NOT NULL COMMENT '车辆类型id',
  `goods_type_id` bigint NOT NULL COMMENT '货物类型id',
  `created` datetime DEFAULT NULL COMMENT '创建时间',
  `updated` datetime DEFAULT NULL COMMENT '更新时间',
  PRIMARY KEY (`id`) USING BTREE,
  KEY `truck_type_id` (`truck_type_id`) USING BTREE,
  KEY `goods_type_id` (`goods_type_id`) USING BTREE
) ENGINE=InnoDB DEFAULT CHARSET=utf8mb4 COLLATE=utf8mb4_0900_ai_ci ROW_FORMAT=DYNAMIC COMMENT='车辆类型与货物类型关联表';

-- 正在导出表  sl_base.sl_truck_type_goods_type 的数据：~0 rows (大约)

-- 导出  表 sl_base.sl_work_history_scheduling 结构
CREATE TABLE IF NOT EXISTS `sl_work_history_scheduling` (
  `id` bigint NOT NULL COMMENT '历史记录id',
  `user_id` bigint NOT NULL COMMENT '员工id',
  `name` varchar(50) NOT NULL COMMENT '员工姓名',
  `phone` varchar(20) NOT NULL COMMENT '员工手机号',
  `employee_number` varchar(50) NOT NULL COMMENT '员工编号',
  `work_day` int NOT NULL COMMENT '上班日 1-31',
  `work_month` varchar(50) NOT NULL DEFAULT '' COMMENT '上班月 1-12',
  `user_type` tinyint NOT NULL COMMENT '1:员工，2：快递员，3：司机',
  `work_pattern_type` tinyint NOT NULL COMMENT '工作模式类型1：礼拜制，2：连续制',
  `work_pattern_id` bigint NOT NULL COMMENT '工作模式id，如果没有工作模式，则该用户是都有模式',
  `created` datetime NOT NULL COMMENT '创建时间',
  `updated` datetime NOT NULL COMMENT '更新时间',
  PRIMARY KEY (`id`) USING BTREE
) ENGINE=InnoDB DEFAULT CHARSET=utf8mb4 COLLATE=utf8mb4_0900_ai_ci ROW_FORMAT=DYNAMIC COMMENT='工作历史表';

-- 正在导出表  sl_base.sl_work_history_scheduling 的数据：~2,983 rows (大约)
INSERT INTO `sl_work_history_scheduling` (`id`, `user_id`, `name`, `phone`, `employee_number`, `work_day`, `work_month`, `user_type`, `work_pattern_type`, `work_pattern_id`, `created`, `updated`) VALUES
	(1575545945097969665, 1024738476802799553, '周一', '13571250987', 'xbsj001', 29, '2022-09', 3, 1, 1575259393138438146, '2022-09-28 17:44:52', '2022-09-29 11:16:37'),
	(1575545945471262721, 1024738594893428865, '周二', '18500224566', 'xbsj002', 29, '2022-09', 3, 1, 1575259393138438146, '2022-09-28 17:45:20', '2022-09-29 11:16:37'),
	(1575545945471262722, 1024741978908228513, '吴用', '18500766555', 'xnsj001', 29, '2022-09', 3, 1, 1575259393138438146, '2022-09-28 17:58:47', '2022-09-29 11:16:37'),
	(1575545945475457026, 1024742117286706369, '吴西', '18346766666', 'xnsj002', 29, '2022-09', 3, 1, 1575259393138438146, '2022-09-28 17:59:20', '2022-09-29 11:16:37'),
	(1575545945475457027, 1024742265953811937, '成功', '18950867777', 'cdsj001', 29, '2022-09', 3, 1, 1575259393138438146, '2022-09-28 17:59:55', '2022-09-29 11:17:58'),
	(1575545945483845634, 1024742403489234657, '成仁', '18394867666', 'cdsj002', 29, '2022-09', 3, 1, 1575259393138438146, '2022-09-28 18:00:28', '2022-09-29 11:17:58'),
	(1575545945483845635, 1024976390379916929, '西王', '18355544444', 'xasj001', 29, '2022-09', 3, 1, 1575259393138438146, '2022-09-29 09:30:15', '2022-09-29 11:17:58'),
	(1575545945488039937, 1024976605161836353, '西米', '17655555555', 'xasj002', 29, '2022-09', 3, 1, 1575259393138438146, '2022-09-29 09:31:06', '2022-09-29 11:17:58'),
	(1575545945488039938, 1024976781221941281, '贝林', '13434343434', 'blkdy001', 29, '2022-09', 2, 1, 1575259393138438146, '2022-09-29 09:31:48', '2022-09-29 11:17:58'),
	(1575545945488039939, 1024976941658263777, '贝小贝', '13433434544', 'blkdy002', 29, '2022-09', 2, 1, 1575259393138438146, '2022-09-29 09:32:27', '2022-09-29 11:17:57'),
	(1575545945492234242, 1024977078208025057, '长小名', '18364636473', 'casj001', 29, '2022-09', 2, 1, 1575259393138438146, '2022-09-29 09:32:59', '2022-09-29 11:17:57'),
	(1575545945492234243, 1024977221418341025, '长城', '13445657565', 'casj002', 29, '2022-09', 2, 1, 1575259393138438146, '2022-09-29 09:33:33', '2022-09-29 11:17:57'),
	(1575545945492234244, 1024977388880122881, '金元宝', '18374673467', 'jnkdy001', 29, '2022-09', 2, 1, 1575259393138438146, '2022-09-29 09:34:13', '2022-09-29 11:17:56'),
	(1575545945492234245, 1024977522992993473, '金开', '18374734736', 'jnkdy002', 29, '2022-09', 2, 1, 1575259393138438146, '2022-09-29 09:34:45', '2022-09-29 11:17:55'),
	(1575545945496428546, 1024977621806601633, '青青', '18273827382', 'qykdy001', 29, '2022-09', 2, 1, 1575259393138438146, '2022-09-29 09:35:08', '2022-09-29 11:18:18'),
	(1575545945496428547, 1024977719693268993, '青风', '18273872382', 'qykdy002', 29, '2022-09', 2, 1, 1575259393138438146, '2022-09-29 09:35:32', '2022-09-29 11:18:18'),
	(1575545945496428548, 1024984140988150081, '华亮', '18837473473', 'hdsj001', 29, '2022-09', 3, 1, 1575259393138438146, '2022-09-29 10:01:03', '2022-09-29 11:18:18'),
	(1575545945890693121, 1024984230121304705, '华明', '13454545454', 'hdsj002', 29, '2022-09', 3, 1, 1575259393138438146, '2022-09-29 10:01:24', '2022-09-29 11:18:18'),
	(1575545945890693122, 1024984365991588705, '海明月', '18566666667', 'shsj001', 29, '2022-09', 3, 1, 1575259393138438146, '2022-09-29 10:01:57', '2022-09-29 11:18:17'),
	(1575545945890693123, 1024984516357387297, '海阔', '18734736473', 'shsj002', 29, '2022-09', 3, 1, 1575259393138438146, '2022-09-29 10:02:32', '2022-09-29 11:18:17'),
	(1575545945894887426, 1024984720745821569, '周生生', '18776676767', 'hkkdy001', 29, '2022-09', 2, 1, 1575259393138438146, '2022-09-29 10:03:21', '2022-09-29 11:18:17'),
	(1575545945894887427, 1024984891772761697, '周生辰', '13434343434', 'hkkdy002', 29, '2022-09', 2, 1, 1575259393138438146, '2022-09-29 10:04:02', '2022-09-29 11:18:17'),
	(1575545945894887428, 1024985344870841121, '刘徽', '18737373647', 'pdkdy001', 29, '2022-09', 2, 1, 1575259393138438146, '2022-09-29 10:05:50', '2022-09-29 11:18:17'),
	(1575545945894887429, 1024985481462545409, '萧晏', '18737473647', 'pdkdy002', 29, '2022-09', 2, 1, 1575259393138438146, '2022-09-29 10:06:22', '2022-09-29 11:18:17'),
	(1575545945899081730, 1024985621531327777, '平秦王', '18723736473', 'hbsj001', 29, '2022-09', 3, 1, 1575259393138438146, '2022-09-29 10:06:56', '2022-09-29 11:18:48'),
	(1575545945899081731, 1024986076978217057, '长孙杰', '13987675455', 'hbsj002', 29, '2022-09', 3, 1, 1575259393138438146, '2022-09-29 10:08:44', '2022-09-29 11:18:48'),
	(1575545945899081732, 1024986455853892225, '漼时宜', '17898989565', 'bjsj002', 29, '2022-09', 3, 1, 1575259393138438146, '2022-09-29 10:10:15', '2022-09-29 11:18:48'),
	(1575545945899081733, 1024987310187482529, '宏晓誉', '18737437483', 'bjsj001', 29, '2022-09', 3, 1, 1575259393138438146, '2022-09-29 10:13:38', '2022-09-29 11:18:48'),
	(1575545945903276033, 1024987378881793537, '司沈阳', '13311111222', 'sysj001', 29, '2022-09', 3, 1, 1575259393138438146, '2022-09-29 10:13:57', '2022-09-29 11:18:48'),
	(1575545945903276034, 1024987860782158145, '顺意', '18734736473', 'sykdy001', 29, '2022-09', 2, 1, 1575259393138438146, '2022-09-29 10:15:50', '2022-09-29 11:18:48'),
	(1575545945903276035, 1024987931753976513, '顺心', '17647657465', 'sykdy002', 29, '2022-09', 2, 1, 1575259393138438146, '2022-09-29 10:16:07', '2022-09-29 11:18:48'),
	(1575545945903276036, 1024988097613534273, '景昌', '18784574758', 'cpkdy001', 29, '2022-09', 2, 1, 1575259393138438146, '2022-09-29 10:16:46', '2022-09-29 11:18:48'),
	(1575545945907470338, 1024988171324232993, '景元', '18783748374', 'cpkdy002', 29, '2022-09', 2, 1, 1575259393138438146, '2022-09-29 10:17:04', '2022-09-29 11:18:48'),
	(1575545945907470339, 1024988319861315553, '李和平', '13355554444', 'hpkdy001', 29, '2022-09', 2, 1, 1575347921490882562, '2022-09-29 10:17:39', '2022-09-29 16:06:11'),
	(1575545945907470340, 1024988498702245281, '李平和', '17788889999', 'hpkdy002', 29, '2022-09', 2, 1, 1575347921490882562, '2022-09-29 10:18:22', '2022-09-29 16:05:52'),
	(1575545945907470341, 1024988744815617761, '李姑皇4', '17766667777', 'gukdy001', 29, '2022-09', 2, 1, 1575347921490882562, '2022-09-29 10:19:20', '2022-09-29 16:03:36'),
	(1575545945911664642, 1024989856838856577, '李皇姑1', '18877776666', 'hgkdy002', 29, '2022-09', 2, 1, 1575347921490882562, '2022-09-29 10:23:46', '2022-09-29 16:02:55'),
	(1575545945911664643, 1024994498993865153, '司华中', '18877776666', 'hzsj', 29, '2022-09', 3, 1, 1575347921490882562, '2022-09-29 10:42:12', '2022-09-29 12:54:04'),
	(1575545945911664644, 1024994711959651169, '司武汉', '17788887777', 'whsj', 29, '2022-09', 3, 1, 1575347921490882562, '2022-09-29 10:43:03', '2022-09-29 15:55:24'),
	(1575545945911664645, 1024995063794648993, '李江汉', '17799990000', 'jhkdy001', 29, '2022-09', 2, 1, 1575347921490882562, '2022-09-29 10:44:27', '2022-09-29 12:54:04'),
	(1575545945915858946, 1024995257768626273, '李汉江2', '17788882222', 'jhkdy002', 29, '2022-09', 2, 1, 1575347921490882562, '2022-09-29 10:45:13', '2022-09-29 14:23:53'),
	(1575545945915858947, 1024995991193013985, '李武昌', '18877778888', 'wckdy001', 29, '2022-09', 2, 1, 1575347921490882562, '2022-09-29 10:48:08', '2022-09-29 12:54:04'),
	(1575545945915858948, 1024996147695079329, '李昌武', '18877776666', 'wckdy002', 29, '2022-09', 2, 1, 1575347921490882562, '2022-09-29 10:48:45', '2022-09-29 12:54:04'),
	(1575545945915858949, 1024997316655995489, '司东北', '17788887777', 'dbsj', 29, '2022-09', 3, 1, 1575347921490882562, '2022-09-29 10:53:24', '2022-09-29 12:54:03'),
	(1575545945915858950, 1025074399029692449, '王和平', '17788887777', 'hpkdy003', 29, '2022-09', 2, 1, 1575347921490882562, '2022-09-29 15:59:42', '2022-09-29 16:01:07'),
	(1575908350001213442, 1024738476802799553, '周一', '13571250987', 'xbsj001', 30, '2022-09', 3, 1, 1575259393138438146, '2022-09-28 17:44:52', '2022-09-29 11:16:37'),
	(1575908350017990658, 1024738594893428865, '周二', '18500224566', 'xbsj002', 30, '2022-09', 3, 1, 1575259393138438146, '2022-09-28 17:45:20', '2022-09-29 11:16:37'),
	(1575908350022184961, 1024741978908228513, '吴用', '18500766555', 'xnsj001', 30, '2022-09', 3, 1, 1575259393138438146, '2022-09-28 17:58:47', '2022-09-29 11:16:37'),
	(1575908350022184962, 1024742117286706369, '吴西', '18346766666', 'xnsj002', 30, '2022-09', 3, 1, 1575259393138438146, '2022-09-28 17:59:20', '2022-09-29 11:16:37'),
	(1575908350412255234, 1024742265953811937, '成功', '18950867777', 'cdsj001', 30, '2022-09', 3, 1, 1575259393138438146, '2022-09-28 17:59:55', '2022-09-29 11:17:58'),
	(1575908350429032449, 1024742403489234657, '成仁', '18394867666', 'cdsj002', 30, '2022-09', 3, 1, 1575259393138438146, '2022-09-28 18:00:28', '2022-09-29 11:17:58'),
	(1575908350848462849, 1024976390379916929, '西王', '18355544444', 'xasj001', 30, '2022-09', 3, 1, 1575259393138438146, '2022-09-29 09:30:15', '2022-09-29 11:17:58'),
	(1575908351255310338, 1024976605161836353, '西米', '17655555555', 'xasj002', 30, '2022-09', 3, 1, 1575259393138438146, '2022-09-29 09:31:06', '2022-09-29 11:17:58'),
	(1575908351259504642, 1024976781221941281, '贝林', '13434343434', 'blkdy001', 30, '2022-09', 2, 1, 1575259393138438146, '2022-09-29 09:31:48', '2022-09-29 11:17:58'),
	(1575908351263698945, 1024976941658263777, '贝小贝', '13433434544', 'blkdy002', 30, '2022-09', 2, 1, 1575259393138438146, '2022-09-29 09:32:27', '2022-09-29 11:17:57'),
	(1575908351263698946, 1024977078208025057, '长小名', '18364636473', 'casj001', 30, '2022-09', 2, 1, 1575259393138438146, '2022-09-29 09:32:59', '2022-09-29 11:17:57'),
	(1575908351267893250, 1024977221418341025, '长城', '13445657565', 'casj002', 30, '2022-09', 2, 1, 1575259393138438146, '2022-09-29 09:33:33', '2022-09-29 11:17:57'),
	(1575908351267893251, 1024977388880122881, '金元宝', '18374673467', 'jnkdy001', 30, '2022-09', 2, 1, 1575259393138438146, '2022-09-29 09:34:13', '2022-09-29 11:17:56'),
	(1575908351272087553, 1024977522992993473, '金开', '18374734736', 'jnkdy002', 30, '2022-09', 2, 1, 1575259393138438146, '2022-09-29 09:34:45', '2022-09-29 11:17:55'),
	(1575908351272087554, 1024977621806601633, '青青', '18273827382', 'qykdy001', 30, '2022-09', 2, 1, 1575259393138438146, '2022-09-29 09:35:08', '2022-09-29 11:18:18'),
	(1575908351670546433, 1024977719693268993, '青风', '18273872382', 'qykdy002', 30, '2022-09', 2, 1, 1575259393138438146, '2022-09-29 09:35:32', '2022-09-29 11:18:18'),
	(1575908351678935041, 1024984140988150081, '华亮', '18837473473', 'hdsj001', 30, '2022-09', 3, 1, 1575259393138438146, '2022-09-29 10:01:03', '2022-09-29 11:18:18'),
	(1575908351683129346, 1024984230121304705, '华明', '13454545454', 'hdsj002', 30, '2022-09', 3, 1, 1575259393138438146, '2022-09-29 10:01:24', '2022-09-29 11:18:18'),
	(1575908351683129347, 1024984365991588705, '海明月', '18566666667', 'shsj001', 30, '2022-09', 3, 1, 1575259393138438146, '2022-09-29 10:01:57', '2022-09-29 11:18:17'),
	(1575908351687323649, 1024984516357387297, '海阔', '18734736473', 'shsj002', 30, '2022-09', 3, 1, 1575259393138438146, '2022-09-29 10:02:32', '2022-09-29 11:18:17'),
	(1575908351687323650, 1024984720745821569, '周生生', '18776676767', 'hkkdy001', 30, '2022-09', 2, 1, 1575259393138438146, '2022-09-29 10:03:21', '2022-09-29 11:18:17'),
	(1575908352089976833, 1024984891772761697, '周生辰', '13434343434', 'hkkdy002', 30, '2022-09', 2, 1, 1575259393138438146, '2022-09-29 10:04:02', '2022-09-29 11:18:17'),
	(1575908352094171138, 1024985344870841121, '刘徽', '18737373647', 'pdkdy001', 30, '2022-09', 2, 1, 1575259393138438146, '2022-09-29 10:05:50', '2022-09-29 11:18:17'),
	(1575908352094171139, 1024985481462545409, '萧晏', '18737473647', 'pdkdy002', 30, '2022-09', 2, 1, 1575259393138438146, '2022-09-29 10:06:22', '2022-09-29 11:18:17'),
	(1575908352098365442, 1024985621531327777, '平秦王', '18723736473', 'hbsj001', 30, '2022-09', 3, 1, 1575259393138438146, '2022-09-29 10:06:56', '2022-09-29 11:18:48'),
	(1575908352098365443, 1024986076978217057, '长孙杰', '13987675455', 'hbsj002', 30, '2022-09', 3, 1, 1575259393138438146, '2022-09-29 10:08:44', '2022-09-29 11:18:48'),
	(1575908352102559745, 1024986455853892225, '漼时宜', '17898989565', 'bjsj002', 30, '2022-09', 3, 1, 1575259393138438146, '2022-09-29 10:10:15', '2022-09-29 11:18:48'),
	(1575908352102559746, 1024987310187482529, '宏晓誉', '18737437483', 'bjsj001', 30, '2022-09', 3, 1, 1575259393138438146, '2022-09-29 10:13:38', '2022-09-29 11:18:48'),
	(1575908352102559747, 1024987378881793537, '司沈阳', '13311111222', 'sysj001', 30, '2022-09', 3, 1, 1575259393138438146, '2022-09-29 10:13:57', '2022-09-29 11:18:48'),
	(1575908352106754050, 1024987860782158145, '顺意', '18734736473', 'sykdy001', 30, '2022-09', 2, 1, 1575259393138438146, '2022-09-29 10:15:50', '2022-09-29 11:18:48'),
	(1575908352106754051, 1024987931753976513, '顺心', '17647657465', 'sykdy002', 30, '2022-09', 2, 1, 1575259393138438146, '2022-09-29 10:16:07', '2022-09-29 11:18:48'),
	(1575908352110948353, 1024988097613534273, '景昌', '18784574758', 'cpkdy001', 30, '2022-09', 2, 1, 1575259393138438146, '2022-09-29 10:16:46', '2022-09-29 11:18:48'),
	(1575908352110948354, 1024988171324232993, '景元', '18783748374', 'cpkdy002', 30, '2022-09', 2, 1, 1575259393138438146, '2022-09-29 10:17:04', '2022-09-29 11:18:48'),
	(1575908352513601538, 1024988319861315553, '李和平', '13355554444', 'hpkdy001', 30, '2022-09', 2, 1, 1575347921490882562, '2022-09-29 10:17:39', '2022-09-29 16:06:11'),
	(1575908352513601539, 1024988498702245281, '李平和', '17788889999', 'hpkdy002', 30, '2022-09', 2, 1, 1575347921490882562, '2022-09-29 10:18:22', '2022-09-29 16:05:52'),
	(1575908352517795842, 1024988744815617761, '李姑皇', '17766667777', 'gukdy001', 30, '2022-09', 2, 1, 1575347921490882562, '2022-09-29 10:19:20', '2022-09-30 18:26:28'),
	(1575908352517795843, 1024989856838856577, '李皇姑', '18877776666', 'hgkdy002', 30, '2022-09', 2, 1, 1575347921490882562, '2022-09-29 10:23:46', '2022-09-30 18:28:37'),
	(1575908352517795844, 1024994498993865153, '司华中', '18877776666', 'hzsj', 30, '2022-09', 3, 1, 1575347921490882562, '2022-09-29 10:42:12', '2022-09-29 12:54:04'),
	(1575908352521990146, 1024994711959651169, '司武汉', '17788887777', 'whsj', 30, '2022-09', 3, 1, 1575347921490882562, '2022-09-29 10:43:03', '2022-09-29 15:55:24'),
	(1575908352521990147, 1024995063794648993, '李江汉', '17799990000', 'jhkdy001', 30, '2022-09', 2, 1, 1575347921490882562, '2022-09-29 10:44:27', '2022-09-29 12:54:04'),
	(1575908352521990148, 1024995257768626273, '李汉江', '17788882222', 'jhkdy002', 30, '2022-09', 1, 1, 1575347921490882562, '2022-09-29 10:45:13', '2022-09-30 17:50:34'),
	(1575908352526184450, 1024995991193013985, '李武昌', '18877778888', 'wckdy001', 30, '2022-09', 2, 1, 1575347921490882562, '2022-09-29 10:48:08', '2022-09-29 12:54:04'),
	(1575908352526184451, 1024996147695079329, '李昌武', '18877776666', 'wckdy002', 30, '2022-09', 2, 1, 1575347921490882562, '2022-09-29 10:48:45', '2022-09-29 12:54:04'),
	(1575908352526184452, 1024997316655995489, '司东北', '17788887777', 'dbsj', 30, '2022-09', 3, 1, 1575347921490882562, '2022-09-29 10:53:24', '2022-09-29 12:54:03'),
	(1575908352530378754, 1025074399029692449, '王和平', '17788887777', 'hpkdy003', 30, '2022-09', 2, 1, 1575347921490882562, '2022-09-29 15:59:42', '2022-09-29 16:01:07'),
	(1575908352530378755, 1025112013736764417, '司广州', '18877770000', 'gzsj', 30, '2022-09', 3, 1, 1575347921490882562, '2022-09-29 18:29:10', '2022-09-30 17:55:02'),
	(1576270721924263937, 1024738476802799553, '周一', '13571250987', 'xbsj001', 1, '2022-10', 3, 1, 1575259393138438146, '2022-09-28 17:44:52', '2022-09-29 11:16:37'),
	(1576270721932652545, 1024738594893428865, '周二', '18500224566', 'xbsj002', 1, '2022-10', 3, 1, 1575259393138438146, '2022-09-28 17:45:20', '2022-09-29 11:16:37'),
	(1576270721936846850, 1024741978908228513, '吴用', '18500766555', 'xnsj001', 1, '2022-10', 3, 1, 1575259393138438146, '2022-09-28 17:58:47', '2022-09-29 11:16:37'),
	(1576270721936846851, 1024742117286706369, '吴西', '18346766666', 'xnsj002', 1, '2022-10', 3, 1, 1575259393138438146, '2022-09-28 17:59:20', '2022-09-29 11:16:37'),
	(1576270721936846852, 1024742265953811937, '成功', '18950867777', 'cdsj001', 1, '2022-10', 3, 1, 1575259393138438146, '2022-09-28 17:59:55', '2022-09-29 11:17:58'),
	(1576270721941041153, 1024742403489234657, '成仁', '18394867666', 'cdsj002', 1, '2022-10', 3, 1, 1575259393138438146, '2022-09-28 18:00:28', '2022-09-29 11:17:58'),
	(1576270721941041154, 1024976390379916929, '西王', '18355544444', 'xasj001', 1, '2022-10', 3, 1, 1575259393138438146, '2022-09-29 09:30:15', '2022-09-29 11:17:58'),
	(1576270721941041155, 1024976605161836353, '西米', '17655555555', 'xasj002', 1, '2022-10', 3, 1, 1575259393138438146, '2022-09-29 09:31:06', '2022-09-29 11:17:58'),
	(1576270721945235458, 1024976781221941281, '贝林', '13434343434', 'blkdy001', 1, '2022-10', 2, 1, 1575259393138438146, '2022-09-29 09:31:48', '2022-09-29 11:17:58'),
	(1576270722146562049, 1024976941658263777, '贝小贝', '13433434544', 'blkdy002', 1, '2022-10', 2, 1, 1575259393138438146, '2022-09-29 09:32:27', '2022-09-29 11:17:57'),
	(1576270722146562050, 1024977078208025057, '长小名', '18364636473', 'casj001', 1, '2022-10', 2, 1, 1575259393138438146, '2022-09-29 09:32:59', '2022-09-29 11:17:57'),
	(1576270722343694338, 1024977221418341025, '长城', '13445657565', 'casj002', 1, '2022-10', 2, 1, 1575259393138438146, '2022-09-29 09:33:33', '2022-09-29 11:17:57'),
	(1576270722343694339, 1024977388880122881, '金元宝', '18374673467', 'jnkdy001', 1, '2022-10', 2, 1, 1575259393138438146, '2022-09-29 09:34:13', '2022-09-29 11:17:56'),
	(1576270722343694340, 1024977522992993473, '金开', '18374734736', 'jnkdy002', 1, '2022-10', 2, 1, 1575259393138438146, '2022-09-29 09:34:45', '2022-09-29 11:17:55'),
	(1576270722347888642, 1024977621806601633, '青青', '18273827382', 'qykdy001', 1, '2022-10', 2, 1, 1575259393138438146, '2022-09-29 09:35:08', '2022-09-29 11:18:18'),
	(1576270722347888643, 1024977719693268993, '青风', '18273872382', 'qykdy002', 1, '2022-10', 2, 1, 1575259393138438146, '2022-09-29 09:35:32', '2022-09-29 11:18:18'),
	(1576270722347888644, 1024984140988150081, '华亮', '18837473473', 'hdsj001', 1, '2022-10', 3, 1, 1575259393138438146, '2022-09-29 10:01:03', '2022-09-29 11:18:18'),
	(1576270722352082945, 1024984230121304705, '华明', '13454545454', 'hdsj002', 1, '2022-10', 3, 1, 1575259393138438146, '2022-09-29 10:01:24', '2022-09-29 11:18:18'),
	(1576270722352082946, 1024984365991588705, '海明月', '18566666667', 'shsj001', 1, '2022-10', 3, 1, 1575259393138438146, '2022-09-29 10:01:57', '2022-09-29 11:18:17'),
	(1576270722352082947, 1024984516357387297, '海阔', '18734736473', 'shsj002', 1, '2022-10', 3, 1, 1575259393138438146, '2022-09-29 10:02:32', '2022-09-29 11:18:17'),
	(1576270722352082948, 1024984720745821569, '周生生', '18776676767', 'hkkdy001', 1, '2022-10', 2, 1, 1575259393138438146, '2022-09-29 10:03:21', '2022-09-29 11:18:17'),
	(1576270722356277250, 1024984891772761697, '周生辰', '13434343434', 'hkkdy002', 1, '2022-10', 2, 1, 1575259393138438146, '2022-09-29 10:04:02', '2022-09-29 11:18:17'),
	(1576270722356277251, 1024985344870841121, '刘徽', '18737373647', 'pdkdy001', 1, '2022-10', 2, 1, 1575259393138438146, '2022-09-29 10:05:50', '2022-09-29 11:18:17'),
	(1576270722356277252, 1024985481462545409, '萧晏', '18737473647', 'pdkdy002', 1, '2022-10', 2, 1, 1575259393138438146, '2022-09-29 10:06:22', '2022-09-29 11:18:17'),
	(1576270722360471553, 1024985621531327777, '平秦王', '18723736473', 'hbsj001', 1, '2022-10', 3, 1, 1575259393138438146, '2022-09-29 10:06:56', '2022-09-29 11:18:48'),
	(1576270722360471554, 1024986076978217057, '长孙杰', '13987675455', 'hbsj002', 1, '2022-10', 3, 1, 1575259393138438146, '2022-09-29 10:08:44', '2022-09-29 11:18:48'),
	(1576270722360471555, 1024986455853892225, '漼时宜', '17898989565', 'bjsj002', 1, '2022-10', 3, 1, 1575259393138438146, '2022-09-29 10:10:15', '2022-09-29 11:18:48'),
	(1576270722360471556, 1024987310187482529, '宏晓誉', '18737437483', 'bjsj001', 1, '2022-10', 3, 1, 1575259393138438146, '2022-09-29 10:13:38', '2022-09-29 11:18:48'),
	(1576270722364665858, 1024987378881793537, '司沈阳', '13311111222', 'sysj001', 1, '2022-10', 3, 1, 1575259393138438146, '2022-09-29 10:13:57', '2022-09-29 11:18:48'),
	(1576270722364665859, 1024987860782158145, '顺意', '18734736473', 'sykdy001', 1, '2022-10', 2, 1, 1575259393138438146, '2022-09-29 10:15:50', '2022-09-29 11:18:48'),
	(1576270722364665860, 1024987931753976513, '顺心', '17647657465', 'sykdy002', 1, '2022-10', 2, 1, 1575259393138438146, '2022-09-29 10:16:07', '2022-09-29 11:18:48'),
	(1576270722368860161, 1024988097613534273, '景昌', '18784574758', 'cpkdy001', 1, '2022-10', 2, 1, 1575259393138438146, '2022-09-29 10:16:46', '2022-09-29 11:18:48'),
	(1576270722368860162, 1024988171324232993, '景元', '18783748374', 'cpkdy002', 1, '2022-10', 2, 1, 1575259393138438146, '2022-09-29 10:17:04', '2022-09-29 11:18:48'),
	(1576270722368860163, 1024988319861315553, '李和平', '13355554444', 'hpkdy001', 1, '2022-10', 2, 1, 1575347921490882562, '2022-09-29 10:17:39', '2022-09-29 16:06:11'),
	(1576270722368860164, 1024988498702245281, '李平和', '17788889999', 'hpkdy002', 1, '2022-10', 2, 1, 1575347921490882562, '2022-09-29 10:18:22', '2022-09-29 16:05:52'),
	(1576270722373054465, 1024988744815617761, '李姑皇', '17766667777', 'gukdy001', 1, '2022-10', 2, 1, 1575347921490882562, '2022-09-29 10:19:20', '2022-09-30 18:26:28'),
	(1576270722373054466, 1024989856838856577, '李皇姑', '18877776666', 'hgkdy002', 1, '2022-10', 2, 1, 1575347921490882562, '2022-09-29 10:23:46', '2022-09-30 18:28:37'),
	(1576270722373054467, 1024994498993865153, '司华中', '18877776666', 'hzsj', 1, '2022-10', 3, 1, 1575347921490882562, '2022-09-29 10:42:12', '2022-09-29 12:54:04'),
	(1576270722373054468, 1024994711959651169, '司武汉', '17788887777', 'whsj', 1, '2022-10', 3, 1, 1575347921490882562, '2022-09-29 10:43:03', '2022-09-29 15:55:24'),
	(1576270722377248769, 1024995063794648993, '李江汉', '17799990000', 'jhkdy001', 1, '2022-10', 2, 1, 1575347921490882562, '2022-09-29 10:44:27', '2022-09-29 12:54:04'),
	(1576270722377248770, 1024995257768626273, '李汉江', '17788882222', 'jhkdy002', 1, '2022-10', 1, 1, 1575347921490882562, '2022-09-29 10:45:13', '2022-09-30 17:50:34'),
	(1576270722377248771, 1024995991193013985, '李武昌', '18877778888', 'wckdy001', 1, '2022-10', 2, 1, 1575347921490882562, '2022-09-29 10:48:08', '2022-09-29 12:54:04'),
	(1576270722377248772, 1024996147695079329, '李昌武', '18877776666', 'wckdy002', 1, '2022-10', 2, 1, 1575347921490882562, '2022-09-29 10:48:45', '2022-09-29 12:54:04'),
	(1576270722381443073, 1024997316655995489, '司东北', '17788887777', 'dbsj', 1, '2022-10', 3, 1, 1575347921490882562, '2022-09-29 10:53:24', '2022-09-29 12:54:03'),
	(1576270722381443074, 1025074399029692449, '王和平', '17788887777', 'hpkdy003', 1, '2022-10', 2, 1, 1575347921490882562, '2022-09-29 15:59:42', '2022-09-29 16:01:07'),
	(1576270722381443075, 1025112013736764417, '司广州', '18877770000', 'gzsj', 1, '2022-10', 3, 1, 1575347921490882562, '2022-09-29 18:29:10', '2022-09-30 17:55:02'),
	(1576633109802446850, 1024988319861315553, '李和平', '13355554444', 'hpkdy001', 2, '2022-10', 2, 1, 1575347921490882562, '2022-09-29 10:17:39', '2022-09-29 16:06:11'),
	(1576633109806641153, 1024988498702245281, '李平和', '17788889999', 'hpkdy002', 2, '2022-10', 2, 1, 1575347921490882562, '2022-09-29 10:18:22', '2022-09-29 16:05:52'),
	(1576633109806641154, 1024988744815617761, '李姑皇', '17766667777', 'gukdy001', 2, '2022-10', 2, 1, 1575347921490882562, '2022-09-29 10:19:20', '2022-09-30 18:26:28'),
	(1576633109806641155, 1024989856838856577, '李皇姑', '18877776666', 'hgkdy002', 2, '2022-10', 2, 1, 1575347921490882562, '2022-09-29 10:23:46', '2022-09-30 18:28:37'),
	(1576633109810835457, 1024994498993865153, '司华中', '18877776666', 'hzsj', 2, '2022-10', 3, 1, 1575347921490882562, '2022-09-29 10:42:12', '2022-09-29 12:54:04'),
	(1576633109810835458, 1024994711959651169, '司武汉', '17788887777', 'whsj', 2, '2022-10', 3, 1, 1575347921490882562, '2022-09-29 10:43:03', '2022-09-29 15:55:24'),
	(1576633109810835459, 1024995063794648993, '李江汉', '17799990000', 'jhkdy001', 2, '2022-10', 2, 1, 1575347921490882562, '2022-09-29 10:44:27', '2022-09-29 12:54:04'),
	(1576633109810835460, 1024995257768626273, '李汉江', '17788882222', 'jhkdy002', 2, '2022-10', 1, 1, 1575347921490882562, '2022-09-29 10:45:13', '2022-09-30 17:50:34'),
	(1576633110205100033, 1024995991193013985, '李武昌', '18877778888', 'wckdy001', 2, '2022-10', 2, 1, 1575347921490882562, '2022-09-29 10:48:08', '2022-09-29 12:54:04'),
	(1576633110205100034, 1024996147695079329, '李昌武', '18877776666', 'wckdy002', 2, '2022-10', 2, 1, 1575347921490882562, '2022-09-29 10:48:45', '2022-09-29 12:54:04'),
	(1576633110205100035, 1024997316655995489, '司东北', '17788887777', 'dbsj', 2, '2022-10', 3, 1, 1575347921490882562, '2022-09-29 10:53:24', '2022-09-29 12:54:03'),
	(1576633110205100036, 1025074399029692449, '王和平', '17788887777', 'hpkdy003', 2, '2022-10', 2, 1, 1575347921490882562, '2022-09-29 15:59:42', '2022-09-29 16:01:07'),
	(1576633110209294338, 1025112013736764417, '司广州', '18877770000', 'gzsj', 2, '2022-10', 3, 1, 1575347921490882562, '2022-09-29 18:29:10', '2022-09-30 17:55:02'),
	(1576995496850157570, 1024738476802799553, '周一', '13571250987', 'xbsj001', 3, '2022-10', 3, 1, 1575259393138438146, '2022-09-28 17:44:52', '2022-09-29 11:16:37'),
	(1576995496854351874, 1024738594893428865, '周二', '18500224566', 'xbsj002', 3, '2022-10', 3, 1, 1575259393138438146, '2022-09-28 17:45:20', '2022-09-29 11:16:37'),
	(1576995497231839234, 1024741978908228513, '吴用', '18500766555', 'xnsj001', 3, '2022-10', 3, 1, 1575259393138438146, '2022-09-28 17:58:47', '2022-09-29 11:16:37'),
	(1576995497231839235, 1024742117286706369, '吴西', '18346766666', 'xnsj002', 3, '2022-10', 3, 1, 1575259393138438146, '2022-09-28 17:59:20', '2022-09-29 11:16:37'),
	(1576995497231839236, 1024742265953811937, '成功', '18950867777', 'cdsj001', 3, '2022-10', 3, 1, 1575259393138438146, '2022-09-28 17:59:55', '2022-09-29 11:17:58'),
	(1576995497236033538, 1024742403489234657, '成仁', '18394867666', 'cdsj002', 3, '2022-10', 3, 1, 1575259393138438146, '2022-09-28 18:00:28', '2022-09-29 11:17:58'),
	(1576995497236033539, 1024976390379916929, '西王', '18355544444', 'xasj001', 3, '2022-10', 3, 1, 1575259393138438146, '2022-09-29 09:30:15', '2022-09-29 11:17:58'),
	(1576995497236033540, 1024976605161836353, '西米', '17655555555', 'xasj002', 3, '2022-10', 3, 1, 1575259393138438146, '2022-09-29 09:31:06', '2022-09-29 11:17:58'),
	(1576995497236033541, 1024976781221941281, '贝林', '13434343434', 'blkdy001', 3, '2022-10', 2, 1, 1575259393138438146, '2022-09-29 09:31:48', '2022-09-29 11:17:58'),
	(1576995497236033542, 1024976941658263777, '贝小贝', '13433434544', 'blkdy002', 3, '2022-10', 2, 1, 1575259393138438146, '2022-09-29 09:32:27', '2022-09-29 11:17:57'),
	(1576995497236033543, 1024977078208025057, '长小名', '18364636473', 'casj001', 3, '2022-10', 2, 1, 1575259393138438146, '2022-09-29 09:32:59', '2022-09-29 11:17:57'),
	(1576995497236033544, 1024977221418341025, '长城', '13445657565', 'casj002', 3, '2022-10', 2, 1, 1575259393138438146, '2022-09-29 09:33:33', '2022-09-29 11:17:57'),
	(1576995497240227842, 1024977388880122881, '金元宝', '18374673467', 'jnkdy001', 3, '2022-10', 2, 1, 1575259393138438146, '2022-09-29 09:34:13', '2022-09-29 11:17:56'),
	(1576995497240227843, 1024977522992993473, '金开', '18374734736', 'jnkdy002', 3, '2022-10', 2, 1, 1575259393138438146, '2022-09-29 09:34:45', '2022-09-29 11:17:55'),
	(1576995497240227844, 1024977621806601633, '青青', '18273827382', 'qykdy001', 3, '2022-10', 2, 1, 1575259393138438146, '2022-09-29 09:35:08', '2022-09-29 11:18:18'),
	(1576995497240227845, 1024977719693268993, '青风', '18273872382', 'qykdy002', 3, '2022-10', 2, 1, 1575259393138438146, '2022-09-29 09:35:32', '2022-09-29 11:18:18'),
	(1576995497240227846, 1024984140988150081, '华亮', '18837473473', 'hdsj001', 3, '2022-10', 3, 1, 1575259393138438146, '2022-09-29 10:01:03', '2022-09-29 11:18:18'),
	(1576995497240227847, 1024984230121304705, '华明', '13454545454', 'hdsj002', 3, '2022-10', 3, 1, 1575259393138438146, '2022-09-29 10:01:24', '2022-09-29 11:18:18'),
	(1576995497240227848, 1024984365991588705, '海明月', '18566666667', 'shsj001', 3, '2022-10', 3, 1, 1575259393138438146, '2022-09-29 10:01:57', '2022-09-29 11:18:17'),
	(1576995497244422146, 1024984516357387297, '海阔', '18734736473', 'shsj002', 3, '2022-10', 3, 1, 1575259393138438146, '2022-09-29 10:02:32', '2022-09-29 11:18:17'),
	(1576995497244422147, 1024984720745821569, '周生生', '18776676767', 'hkkdy001', 3, '2022-10', 2, 1, 1575259393138438146, '2022-09-29 10:03:21', '2022-09-29 11:18:17'),
	(1576995497244422148, 1024984891772761697, '周生辰', '13434343434', 'hkkdy002', 3, '2022-10', 2, 1, 1575259393138438146, '2022-09-29 10:04:02', '2022-09-29 11:18:17'),
	(1576995497244422149, 1024985344870841121, '刘徽', '18737373647', 'pdkdy001', 3, '2022-10', 2, 1, 1575259393138438146, '2022-09-29 10:05:50', '2022-09-29 11:18:17'),
	(1576995497244422150, 1024985481462545409, '萧晏', '18737473647', 'pdkdy002', 3, '2022-10', 2, 1, 1575259393138438146, '2022-09-29 10:06:22', '2022-09-29 11:18:17'),
	(1576995497244422151, 1024985621531327777, '平秦王', '18723736473', 'hbsj001', 3, '2022-10', 3, 1, 1575259393138438146, '2022-09-29 10:06:56', '2022-09-29 11:18:48'),
	(1576995497244422152, 1024986076978217057, '长孙杰', '13987675455', 'hbsj002', 3, '2022-10', 3, 1, 1575259393138438146, '2022-09-29 10:08:44', '2022-09-29 11:18:48'),
	(1576995497248616450, 1024986455853892225, '漼时宜', '17898989565', 'bjsj002', 3, '2022-10', 3, 1, 1575259393138438146, '2022-09-29 10:10:15', '2022-09-29 11:18:48'),
	(1576995497248616451, 1024987310187482529, '宏晓誉', '18737437483', 'bjsj001', 3, '2022-10', 3, 1, 1575259393138438146, '2022-09-29 10:13:38', '2022-09-29 11:18:48'),
	(1576995497248616452, 1024987378881793537, '司沈阳', '13311111222', 'sysj001', 3, '2022-10', 3, 1, 1575259393138438146, '2022-09-29 10:13:57', '2022-09-29 11:18:48'),
	(1576995497248616453, 1024987860782158145, '顺意', '18734736473', 'sykdy001', 3, '2022-10', 2, 1, 1575259393138438146, '2022-09-29 10:15:50', '2022-09-29 11:18:48'),
	(1576995497248616454, 1024987931753976513, '顺心', '17647657465', 'sykdy002', 3, '2022-10', 2, 1, 1575259393138438146, '2022-09-29 10:16:07', '2022-09-29 11:18:48'),
	(1576995497248616455, 1024988097613534273, '景昌', '18784574758', 'cpkdy001', 3, '2022-10', 2, 1, 1575259393138438146, '2022-09-29 10:16:46', '2022-09-29 11:18:48'),
	(1576995497252810753, 1024988171324232993, '景元', '18783748374', 'cpkdy002', 3, '2022-10', 2, 1, 1575259393138438146, '2022-09-29 10:17:04', '2022-09-29 11:18:48'),
	(1576995497252810754, 1024988319861315553, '李和平', '13355554444', 'hpkdy001', 3, '2022-10', 2, 1, 1575347921490882562, '2022-09-29 10:17:39', '2022-09-29 16:06:11'),
	(1576995497252810755, 1024988498702245281, '李平和', '17788889999', 'hpkdy002', 3, '2022-10', 2, 1, 1575347921490882562, '2022-09-29 10:18:22', '2022-09-29 16:05:52'),
	(1576995497252810756, 1024988744815617761, '李姑皇', '17766667777', 'gukdy001', 3, '2022-10', 2, 1, 1575347921490882562, '2022-09-29 10:19:20', '2022-09-30 18:26:28'),
	(1576995497252810757, 1024989856838856577, '李皇姑', '18877776666', 'hgkdy002', 3, '2022-10', 2, 1, 1575347921490882562, '2022-09-29 10:23:46', '2022-09-30 18:28:37'),
	(1576995497252810758, 1024994498993865153, '司华中', '18877776666', 'hzsj', 3, '2022-10', 3, 1, 1575347921490882562, '2022-09-29 10:42:12', '2022-09-29 12:54:04'),
	(1576995497252810759, 1024994711959651169, '司武汉', '17788887777', 'whsj', 3, '2022-10', 3, 1, 1575347921490882562, '2022-09-29 10:43:03', '2022-09-29 15:55:24'),
	(1576995497257005058, 1024995063794648993, '李江汉', '17799990000', 'jhkdy001', 3, '2022-10', 2, 1, 1575347921490882562, '2022-09-29 10:44:27', '2022-09-29 12:54:04'),
	(1576995497257005059, 1024995257768626273, '李汉江', '17788882222', 'jhkdy002', 3, '2022-10', 1, 1, 1575347921490882562, '2022-09-29 10:45:13', '2022-09-30 17:50:34'),
	(1576995497257005060, 1024995991193013985, '李武昌', '18877778888', 'wckdy001', 3, '2022-10', 2, 1, 1575347921490882562, '2022-09-29 10:48:08', '2022-09-29 12:54:04'),
	(1576995497257005061, 1024996147695079329, '李昌武', '18877776666', 'wckdy002', 3, '2022-10', 2, 1, 1575347921490882562, '2022-09-29 10:48:45', '2022-09-29 12:54:04'),
	(1576995497651269633, 1024997316655995489, '司东北', '17788887777', 'dbsj', 3, '2022-10', 3, 1, 1575347921490882562, '2022-09-29 10:53:24', '2022-09-29 12:54:03'),
	(1576995497651269634, 1025074399029692449, '王和平', '17788887777', 'hpkdy003', 3, '2022-10', 2, 1, 1575347921490882562, '2022-09-29 15:59:42', '2022-09-29 16:01:07'),
	(1576995497651269635, 1025112013736764417, '司广州', '18877770000', 'gzsj', 3, '2022-10', 3, 1, 1575347921490882562, '2022-09-29 18:29:10', '2022-09-30 17:55:02'),
	(1577357885529452545, 1024738476802799553, '周一', '13571250987', 'xbsj001', 4, '2022-10', 3, 1, 1575259393138438146, '2022-09-28 17:44:52', '2022-09-29 11:16:37'),
	(1577357885533646850, 1024738594893428865, '周二', '18500224566', 'xbsj002', 4, '2022-10', 3, 1, 1575259393138438146, '2022-09-28 17:45:20', '2022-09-29 11:16:37'),
	(1577357885533646851, 1024741978908228513, '吴用', '18500766555', 'xnsj001', 4, '2022-10', 3, 1, 1575259393138438146, '2022-09-28 17:58:47', '2022-09-29 11:16:37'),
	(1577357885533646852, 1024742117286706369, '吴西', '18346766666', 'xnsj002', 4, '2022-10', 3, 1, 1575259393138438146, '2022-09-28 17:59:20', '2022-09-29 11:16:37'),
	(1577357885533646853, 1024742265953811937, '成功', '18950867777', 'cdsj001', 4, '2022-10', 3, 1, 1575259393138438146, '2022-09-28 17:59:55', '2022-09-29 11:17:58'),
	(1577357885533646854, 1024742403489234657, '成仁', '18394867666', 'cdsj002', 4, '2022-10', 3, 1, 1575259393138438146, '2022-09-28 18:00:28', '2022-09-29 11:17:58'),
	(1577357885537841154, 1024976390379916929, '西王', '18355544444', 'xasj001', 4, '2022-10', 3, 1, 1575259393138438146, '2022-09-29 09:30:15', '2022-09-29 11:17:58'),
	(1577357885537841155, 1024976605161836353, '西米', '17655555555', 'xasj002', 4, '2022-10', 3, 1, 1575259393138438146, '2022-09-29 09:31:06', '2022-09-29 11:17:58'),
	(1577357885537841156, 1024976781221941281, '贝林', '13434343434', 'blkdy001', 4, '2022-10', 2, 1, 1575259393138438146, '2022-09-29 09:31:48', '2022-09-29 11:17:58'),
	(1577357885537841157, 1024976941658263777, '贝小贝', '13433434544', 'blkdy002', 4, '2022-10', 2, 1, 1575259393138438146, '2022-09-29 09:32:27', '2022-09-29 11:17:57'),
	(1577357885542035458, 1024977078208025057, '长小名', '18364636473', 'casj001', 4, '2022-10', 2, 1, 1575259393138438146, '2022-09-29 09:32:59', '2022-09-29 11:17:57'),
	(1577357885542035459, 1024977221418341025, '长城', '13445657565', 'casj002', 4, '2022-10', 2, 1, 1575259393138438146, '2022-09-29 09:33:33', '2022-09-29 11:17:57'),
	(1577357885542035460, 1024977388880122881, '金元宝', '18374673467', 'jnkdy001', 4, '2022-10', 2, 1, 1575259393138438146, '2022-09-29 09:34:13', '2022-09-29 11:17:56'),
	(1577357885542035461, 1024977522992993473, '金开', '18374734736', 'jnkdy002', 4, '2022-10', 2, 1, 1575259393138438146, '2022-09-29 09:34:45', '2022-09-29 11:17:55'),
	(1577357885546229762, 1024977621806601633, '青青', '18273827382', 'qykdy001', 4, '2022-10', 2, 1, 1575259393138438146, '2022-09-29 09:35:08', '2022-09-29 11:18:18'),
	(1577357885546229763, 1024977719693268993, '青风', '18273872382', 'qykdy002', 4, '2022-10', 2, 1, 1575259393138438146, '2022-09-29 09:35:32', '2022-09-29 11:18:18'),
	(1577357885550424066, 1024984140988150081, '华亮', '18837473473', 'hdsj001', 4, '2022-10', 3, 1, 1575259393138438146, '2022-09-29 10:01:03', '2022-09-29 11:18:18'),
	(1577357885550424067, 1024984230121304705, '华明', '13454545454', 'hdsj002', 4, '2022-10', 3, 1, 1575259393138438146, '2022-09-29 10:01:24', '2022-09-29 11:18:18'),
	(1577357885550424068, 1024984365991588705, '海明月', '18566666667', 'shsj001', 4, '2022-10', 3, 1, 1575259393138438146, '2022-09-29 10:01:57', '2022-09-29 11:18:17'),
	(1577357885554618370, 1024984516357387297, '海阔', '18734736473', 'shsj002', 4, '2022-10', 3, 1, 1575259393138438146, '2022-09-29 10:02:32', '2022-09-29 11:18:17'),
	(1577357885554618371, 1024984720745821569, '周生生', '18776676767', 'hkkdy001', 4, '2022-10', 2, 1, 1575259393138438146, '2022-09-29 10:03:21', '2022-09-29 11:18:17'),
	(1577357885554618372, 1024984891772761697, '周生辰', '13434343434', 'hkkdy002', 4, '2022-10', 2, 1, 1575259393138438146, '2022-09-29 10:04:02', '2022-09-29 11:18:17'),
	(1577357885558812674, 1024985344870841121, '刘徽', '18737373647', 'pdkdy001', 4, '2022-10', 2, 1, 1575259393138438146, '2022-09-29 10:05:50', '2022-09-29 11:18:17'),
	(1577357885558812675, 1024985481462545409, '萧晏', '18737473647', 'pdkdy002', 4, '2022-10', 2, 1, 1575259393138438146, '2022-09-29 10:06:22', '2022-09-29 11:18:17'),
	(1577357885558812676, 1024985621531327777, '平秦王', '18723736473', 'hbsj001', 4, '2022-10', 3, 1, 1575259393138438146, '2022-09-29 10:06:56', '2022-09-29 11:18:48'),
	(1577357885558812677, 1024986076978217057, '长孙杰', '13987675455', 'hbsj002', 4, '2022-10', 3, 1, 1575259393138438146, '2022-09-29 10:08:44', '2022-09-29 11:18:48'),
	(1577357885563006978, 1024986455853892225, '漼时宜', '17898989565', 'bjsj002', 4, '2022-10', 3, 1, 1575259393138438146, '2022-09-29 10:10:15', '2022-09-29 11:18:48'),
	(1577357885563006979, 1024987310187482529, '宏晓誉', '18737437483', 'bjsj001', 4, '2022-10', 3, 1, 1575259393138438146, '2022-09-29 10:13:38', '2022-09-29 11:18:48'),
	(1577357885563006980, 1024987378881793537, '司沈阳', '13311111222', 'sysj001', 4, '2022-10', 3, 1, 1575259393138438146, '2022-09-29 10:13:57', '2022-09-29 11:18:48'),
	(1577357885579784194, 1024987860782158145, '顺意', '18734736473', 'sykdy001', 4, '2022-10', 2, 1, 1575259393138438146, '2022-09-29 10:15:50', '2022-09-29 11:18:48'),
	(1577357885579784195, 1024987931753976513, '顺心', '17647657465', 'sykdy002', 4, '2022-10', 2, 1, 1575259393138438146, '2022-09-29 10:16:07', '2022-09-29 11:18:48'),
	(1577357885940494338, 1024988097613534273, '景昌', '18784574758', 'cpkdy001', 4, '2022-10', 2, 1, 1575259393138438146, '2022-09-29 10:16:46', '2022-09-29 11:18:48'),
	(1577357885940494339, 1024988171324232993, '景元', '18783748374', 'cpkdy002', 4, '2022-10', 2, 1, 1575259393138438146, '2022-09-29 10:17:04', '2022-09-29 11:18:48'),
	(1577357885940494340, 1024988319861315553, '李和平', '13355554444', 'hpkdy001', 4, '2022-10', 2, 1, 1575347921490882562, '2022-09-29 10:17:39', '2022-09-29 16:06:11'),
	(1577357885940494341, 1024988498702245281, '李平和', '17788889999', 'hpkdy002', 4, '2022-10', 2, 1, 1575347921490882562, '2022-09-29 10:18:22', '2022-09-29 16:05:52'),
	(1577357885940494342, 1024988744815617761, '李姑皇', '17766667777', 'gukdy001', 4, '2022-10', 2, 1, 1575347921490882562, '2022-09-29 10:19:20', '2022-09-30 18:26:28'),
	(1577357885944688641, 1024989856838856577, '李皇姑', '18877776666', 'hgkdy002', 4, '2022-10', 2, 1, 1575347921490882562, '2022-09-29 10:23:46', '2022-09-30 18:28:37'),
	(1577357885944688642, 1024994498993865153, '司华中', '18877776666', 'hzsj', 4, '2022-10', 3, 1, 1575347921490882562, '2022-09-29 10:42:12', '2022-09-29 12:54:04'),
	(1577357885944688643, 1024994711959651169, '司武汉', '17788887777', 'whsj', 4, '2022-10', 3, 1, 1575347921490882562, '2022-09-29 10:43:03', '2022-09-29 15:55:24'),
	(1577357885948882945, 1024995063794648993, '李江汉', '17799990000', 'jhkdy001', 4, '2022-10', 2, 1, 1575347921490882562, '2022-09-29 10:44:27', '2022-09-29 12:54:04'),
	(1577357885948882946, 1024995257768626273, '李汉江', '17788882222', 'jhkdy002', 4, '2022-10', 1, 1, 1575347921490882562, '2022-09-29 10:45:13', '2022-09-30 17:50:34'),
	(1577357885948882947, 1024995991193013985, '李武昌', '18877778888', 'wckdy001', 4, '2022-10', 2, 1, 1575347921490882562, '2022-09-29 10:48:08', '2022-09-29 12:54:04'),
	(1577357885948882948, 1024996147695079329, '李昌武', '18877776666', 'wckdy002', 4, '2022-10', 2, 1, 1575347921490882562, '2022-09-29 10:48:45', '2022-09-29 12:54:04'),
	(1577357885953077249, 1024997316655995489, '司东北', '17788887777', 'dbsj', 4, '2022-10', 3, 1, 1575347921490882562, '2022-09-29 10:53:24', '2022-09-29 12:54:03'),
	(1577357885953077250, 1025074399029692449, '王和平', '17788887777', 'hpkdy003', 4, '2022-10', 2, 1, 1575347921490882562, '2022-09-29 15:59:42', '2022-09-29 16:01:07'),
	(1577357885953077251, 1025112013736764417, '司广州', '18877770000', 'gzsj', 4, '2022-10', 3, 1, 1575347921490882562, '2022-09-29 18:29:10', '2022-09-30 17:55:02'),
	(1577720272614912002, 1024738476802799553, '周一', '13571250987', 'xbsj001', 5, '2022-10', 3, 1, 1575259393138438146, '2022-09-28 17:44:52', '2022-09-29 11:16:37'),
	(1577720272619106305, 1024738594893428865, '周二', '18500224566', 'xbsj002', 5, '2022-10', 3, 1, 1575259393138438146, '2022-09-28 17:45:20', '2022-09-29 11:16:37'),
	(1577720272619106306, 1024741978908228513, '吴用', '18500766555', 'xnsj001', 5, '2022-10', 3, 1, 1575259393138438146, '2022-09-28 17:58:47', '2022-09-29 11:16:37'),
	(1577720272963039234, 1024742117286706369, '吴西', '18346766666', 'xnsj002', 5, '2022-10', 3, 1, 1575259393138438146, '2022-09-28 17:59:20', '2022-09-29 11:16:37'),
	(1577720272963039235, 1024742265953811937, '成功', '18950867777', 'cdsj001', 5, '2022-10', 3, 1, 1575259393138438146, '2022-09-28 17:59:55', '2022-09-29 11:17:58'),
	(1577720272963039236, 1024742403489234657, '成仁', '18394867666', 'cdsj002', 5, '2022-10', 3, 1, 1575259393138438146, '2022-09-28 18:00:28', '2022-09-29 11:17:58'),
	(1577720272963039237, 1024976390379916929, '西王', '18355544444', 'xasj001', 5, '2022-10', 3, 1, 1575259393138438146, '2022-09-29 09:30:15', '2022-09-29 11:17:58'),
	(1577720272967233537, 1024976605161836353, '西米', '17655555555', 'xasj002', 5, '2022-10', 3, 1, 1575259393138438146, '2022-09-29 09:31:06', '2022-09-29 11:17:58'),
	(1577720272967233538, 1024976781221941281, '贝林', '13434343434', 'blkdy001', 5, '2022-10', 2, 1, 1575259393138438146, '2022-09-29 09:31:48', '2022-09-29 11:17:58'),
	(1577720272967233539, 1024976941658263777, '贝小贝', '13433434544', 'blkdy002', 5, '2022-10', 2, 1, 1575259393138438146, '2022-09-29 09:32:27', '2022-09-29 11:17:57'),
	(1577720272967233540, 1024977078208025057, '长小名', '18364636473', 'casj001', 5, '2022-10', 2, 1, 1575259393138438146, '2022-09-29 09:32:59', '2022-09-29 11:17:57'),
	(1577720272967233541, 1024977221418341025, '长城', '13445657565', 'casj002', 5, '2022-10', 2, 1, 1575259393138438146, '2022-09-29 09:33:33', '2022-09-29 11:17:57'),
	(1577720272967233542, 1024977388880122881, '金元宝', '18374673467', 'jnkdy001', 5, '2022-10', 2, 1, 1575259393138438146, '2022-09-29 09:34:13', '2022-09-29 11:17:56'),
	(1577720272971427842, 1024977522992993473, '金开', '18374734736', 'jnkdy002', 5, '2022-10', 2, 1, 1575259393138438146, '2022-09-29 09:34:45', '2022-09-29 11:17:55'),
	(1577720272971427843, 1024977621806601633, '青青', '18273827382', 'qykdy001', 5, '2022-10', 2, 1, 1575259393138438146, '2022-09-29 09:35:08', '2022-09-29 11:18:18'),
	(1577720272971427844, 1024977719693268993, '青风', '18273872382', 'qykdy002', 5, '2022-10', 2, 1, 1575259393138438146, '2022-09-29 09:35:32', '2022-09-29 11:18:18'),
	(1577720272971427845, 1024984140988150081, '华亮', '18837473473', 'hdsj001', 5, '2022-10', 3, 1, 1575259393138438146, '2022-09-29 10:01:03', '2022-09-29 11:18:18'),
	(1577720272971427846, 1024984230121304705, '华明', '13454545454', 'hdsj002', 5, '2022-10', 3, 1, 1575259393138438146, '2022-09-29 10:01:24', '2022-09-29 11:18:18'),
	(1577720272971427847, 1024984365991588705, '海明月', '18566666667', 'shsj001', 5, '2022-10', 3, 1, 1575259393138438146, '2022-09-29 10:01:57', '2022-09-29 11:18:17'),
	(1577720272975622145, 1024984516357387297, '海阔', '18734736473', 'shsj002', 5, '2022-10', 3, 1, 1575259393138438146, '2022-09-29 10:02:32', '2022-09-29 11:18:17'),
	(1577720272975622146, 1024984720745821569, '周生生', '18776676767', 'hkkdy001', 5, '2022-10', 2, 1, 1575259393138438146, '2022-09-29 10:03:21', '2022-09-29 11:18:17'),
	(1577720272975622147, 1024984891772761697, '周生辰', '13434343434', 'hkkdy002', 5, '2022-10', 2, 1, 1575259393138438146, '2022-09-29 10:04:02', '2022-09-29 11:18:17'),
	(1577720272975622148, 1024985344870841121, '刘徽', '18737373647', 'pdkdy001', 5, '2022-10', 2, 1, 1575259393138438146, '2022-09-29 10:05:50', '2022-09-29 11:18:17'),
	(1577720272975622149, 1024985481462545409, '萧晏', '18737473647', 'pdkdy002', 5, '2022-10', 2, 1, 1575259393138438146, '2022-09-29 10:06:22', '2022-09-29 11:18:17'),
	(1577720272975622150, 1024985621531327777, '平秦王', '18723736473', 'hbsj001', 5, '2022-10', 3, 1, 1575259393138438146, '2022-09-29 10:06:56', '2022-09-29 11:18:48'),
	(1577720272979816450, 1024986076978217057, '长孙杰', '13987675455', 'hbsj002', 5, '2022-10', 3, 1, 1575259393138438146, '2022-09-29 10:08:44', '2022-09-29 11:18:48'),
	(1577720272979816451, 1024986455853892225, '漼时宜', '17898989565', 'bjsj002', 5, '2022-10', 3, 1, 1575259393138438146, '2022-09-29 10:10:15', '2022-09-29 11:18:48'),
	(1577720272979816452, 1024987310187482529, '宏晓誉', '18737437483', 'bjsj001', 5, '2022-10', 3, 1, 1575259393138438146, '2022-09-29 10:13:38', '2022-09-29 11:18:48'),
	(1577720272979816453, 1024987378881793537, '司沈阳', '13311111222', 'sysj001', 5, '2022-10', 3, 1, 1575259393138438146, '2022-09-29 10:13:57', '2022-09-29 11:18:48'),
	(1577720272979816454, 1024987860782158145, '顺意', '18734736473', 'sykdy001', 5, '2022-10', 2, 1, 1575259393138438146, '2022-09-29 10:15:50', '2022-09-29 11:18:48'),
	(1577720272979816455, 1024987931753976513, '顺心', '17647657465', 'sykdy002', 5, '2022-10', 2, 1, 1575259393138438146, '2022-09-29 10:16:07', '2022-09-29 11:18:48'),
	(1577720272984010753, 1024988097613534273, '景昌', '18784574758', 'cpkdy001', 5, '2022-10', 2, 1, 1575259393138438146, '2022-09-29 10:16:46', '2022-09-29 11:18:48'),
	(1577720272984010754, 1024988171324232993, '景元', '18783748374', 'cpkdy002', 5, '2022-10', 2, 1, 1575259393138438146, '2022-09-29 10:17:04', '2022-09-29 11:18:48'),
	(1577720273395052545, 1024988319861315553, '李和平', '13355554444', 'hpkdy001', 5, '2022-10', 2, 1, 1575347921490882562, '2022-09-29 10:17:39', '2022-09-29 16:06:11'),
	(1577720273399246850, 1024988498702245281, '李平和', '17788889999', 'hpkdy002', 5, '2022-10', 2, 1, 1575347921490882562, '2022-09-29 10:18:22', '2022-09-29 16:05:52'),
	(1577720273399246851, 1024988744815617761, '李姑皇', '17766667777', 'gukdy001', 5, '2022-10', 2, 1, 1575347921490882562, '2022-09-29 10:19:20', '2022-09-30 18:26:28'),
	(1577720273399246852, 1024989856838856577, '李皇姑', '18877776666', 'hgkdy002', 5, '2022-10', 2, 1, 1575347921490882562, '2022-09-29 10:23:46', '2022-09-30 18:28:37'),
	(1577720273399246853, 1024994498993865153, '司华中', '18877776666', 'hzsj', 5, '2022-10', 3, 1, 1575347921490882562, '2022-09-29 10:42:12', '2022-09-29 12:54:04'),
	(1577720273403441153, 1024994711959651169, '司武汉', '17788887777', 'whsj', 5, '2022-10', 3, 1, 1575347921490882562, '2022-09-29 10:43:03', '2022-09-29 15:55:24'),
	(1577720273403441154, 1024995063794648993, '李江汉', '17799990000', 'jhkdy001', 5, '2022-10', 2, 1, 1575347921490882562, '2022-09-29 10:44:27', '2022-09-29 12:54:04'),
	(1577720273403441155, 1024995257768626273, '李汉江', '17788882222', 'jhkdy002', 5, '2022-10', 1, 1, 1575347921490882562, '2022-09-29 10:45:13', '2022-09-30 17:50:34'),
	(1577720273403441156, 1024995991193013985, '李武昌', '18877778888', 'wckdy001', 5, '2022-10', 2, 1, 1575347921490882562, '2022-09-29 10:48:08', '2022-09-29 12:54:04'),
	(1577720273403441157, 1024996147695079329, '李昌武', '18877776666', 'wckdy002', 5, '2022-10', 2, 1, 1575347921490882562, '2022-09-29 10:48:45', '2022-09-29 12:54:04'),
	(1577720273407635457, 1024997316655995489, '司东北', '17788887777', 'dbsj', 5, '2022-10', 3, 1, 1575347921490882562, '2022-09-29 10:53:24', '2022-09-29 12:54:03'),
	(1577720273407635458, 1025074399029692449, '王和平', '17788887777', 'hpkdy003', 5, '2022-10', 2, 1, 1575347921490882562, '2022-09-29 15:59:42', '2022-09-29 16:01:07'),
	(1577720273407635459, 1025112013736764417, '司广州', '18877770000', 'gzsj', 5, '2022-10', 3, 1, 1575347921490882562, '2022-09-29 18:29:10', '2022-09-30 17:55:02'),
	(1578082660421791746, 1024738476802799553, '周一', '13571250987', 'xbsj001', 6, '2022-10', 3, 1, 1575259393138438146, '2022-09-28 17:44:52', '2022-09-29 11:16:37'),
	(1578082660425986050, 1024738594893428865, '周二', '18500224566', 'xbsj002', 6, '2022-10', 3, 1, 1575259393138438146, '2022-09-28 17:45:20', '2022-09-29 11:16:37'),
	(1578082660425986051, 1024741978908228513, '吴用', '18500766555', 'xnsj001', 6, '2022-10', 3, 1, 1575259393138438146, '2022-09-28 17:58:47', '2022-09-29 11:16:37'),
	(1578082660425986052, 1024742117286706369, '吴西', '18346766666', 'xnsj002', 6, '2022-10', 3, 1, 1575259393138438146, '2022-09-28 17:59:20', '2022-09-29 11:16:37'),
	(1578082660430180353, 1024742265953811937, '成功', '18950867777', 'cdsj001', 6, '2022-10', 3, 1, 1575259393138438146, '2022-09-28 17:59:55', '2022-09-29 11:17:58'),
	(1578082660430180354, 1024742403489234657, '成仁', '18394867666', 'cdsj002', 6, '2022-10', 3, 1, 1575259393138438146, '2022-09-28 18:00:28', '2022-09-29 11:17:58'),
	(1578082660430180355, 1024976390379916929, '西王', '18355544444', 'xasj001', 6, '2022-10', 3, 1, 1575259393138438146, '2022-09-29 09:30:15', '2022-09-29 11:17:58'),
	(1578082660430180356, 1024976605161836353, '西米', '17655555555', 'xasj002', 6, '2022-10', 3, 1, 1575259393138438146, '2022-09-29 09:31:06', '2022-09-29 11:17:58'),
	(1578082660430180357, 1024976781221941281, '贝林', '13434343434', 'blkdy001', 6, '2022-10', 2, 1, 1575259393138438146, '2022-09-29 09:31:48', '2022-09-29 11:17:58'),
	(1578082660430180358, 1024976941658263777, '贝小贝', '13433434544', 'blkdy002', 6, '2022-10', 2, 1, 1575259393138438146, '2022-09-29 09:32:27', '2022-09-29 11:17:57'),
	(1578082660430180359, 1024977078208025057, '长小名', '18364636473', 'casj001', 6, '2022-10', 2, 1, 1575259393138438146, '2022-09-29 09:32:59', '2022-09-29 11:17:57'),
	(1578082660430180360, 1024977221418341025, '长城', '13445657565', 'casj002', 6, '2022-10', 2, 1, 1575259393138438146, '2022-09-29 09:33:33', '2022-09-29 11:17:57'),
	(1578082660434374657, 1024977388880122881, '金元宝', '18374673467', 'jnkdy001', 6, '2022-10', 2, 1, 1575259393138438146, '2022-09-29 09:34:13', '2022-09-29 11:17:56'),
	(1578082660434374658, 1024977522992993473, '金开', '18374734736', 'jnkdy002', 6, '2022-10', 2, 1, 1575259393138438146, '2022-09-29 09:34:45', '2022-09-29 11:17:55'),
	(1578082660434374659, 1024977621806601633, '青青', '18273827382', 'qykdy001', 6, '2022-10', 2, 1, 1575259393138438146, '2022-09-29 09:35:08', '2022-09-29 11:18:18'),
	(1578082660434374660, 1024977719693268993, '青风', '18273872382', 'qykdy002', 6, '2022-10', 2, 1, 1575259393138438146, '2022-09-29 09:35:32', '2022-09-29 11:18:18'),
	(1578082660434374661, 1024984140988150081, '华亮', '18837473473', 'hdsj001', 6, '2022-10', 3, 1, 1575259393138438146, '2022-09-29 10:01:03', '2022-09-29 11:18:18'),
	(1578082660434374662, 1024984230121304705, '华明', '13454545454', 'hdsj002', 6, '2022-10', 3, 1, 1575259393138438146, '2022-09-29 10:01:24', '2022-09-29 11:18:18'),
	(1578082660690227202, 1024984365991588705, '海明月', '18566666667', 'shsj001', 6, '2022-10', 3, 1, 1575259393138438146, '2022-09-29 10:01:57', '2022-09-29 11:18:17'),
	(1578082660828639234, 1024984516357387297, '海阔', '18734736473', 'shsj002', 6, '2022-10', 3, 1, 1575259393138438146, '2022-09-29 10:02:32', '2022-09-29 11:18:17'),
	(1578082660828639235, 1024984720745821569, '周生生', '18776676767', 'hkkdy001', 6, '2022-10', 2, 1, 1575259393138438146, '2022-09-29 10:03:21', '2022-09-29 11:18:17'),
	(1578082660828639236, 1024984891772761697, '周生辰', '13434343434', 'hkkdy002', 6, '2022-10', 2, 1, 1575259393138438146, '2022-09-29 10:04:02', '2022-09-29 11:18:17'),
	(1578082660828639237, 1024985344870841121, '刘徽', '18737373647', 'pdkdy001', 6, '2022-10', 2, 1, 1575259393138438146, '2022-09-29 10:05:50', '2022-09-29 11:18:17'),
	(1578082660832833537, 1024985481462545409, '萧晏', '18737473647', 'pdkdy002', 6, '2022-10', 2, 1, 1575259393138438146, '2022-09-29 10:06:22', '2022-09-29 11:18:17'),
	(1578082660832833538, 1024985621531327777, '平秦王', '18723736473', 'hbsj001', 6, '2022-10', 3, 1, 1575259393138438146, '2022-09-29 10:06:56', '2022-09-29 11:18:48'),
	(1578082660832833539, 1024986076978217057, '长孙杰', '13987675455', 'hbsj002', 6, '2022-10', 3, 1, 1575259393138438146, '2022-09-29 10:08:44', '2022-09-29 11:18:48'),
	(1578082660832833540, 1024986455853892225, '漼时宜', '17898989565', 'bjsj002', 6, '2022-10', 3, 1, 1575259393138438146, '2022-09-29 10:10:15', '2022-09-29 11:18:48'),
	(1578082660832833541, 1024987310187482529, '宏晓誉', '18737437483', 'bjsj001', 6, '2022-10', 3, 1, 1575259393138438146, '2022-09-29 10:13:38', '2022-09-29 11:18:48'),
	(1578082660832833542, 1024987378881793537, '司沈阳', '13311111222', 'sysj001', 6, '2022-10', 3, 1, 1575259393138438146, '2022-09-29 10:13:57', '2022-09-29 11:18:48'),
	(1578082660832833543, 1024987860782158145, '顺意', '18734736473', 'sykdy001', 6, '2022-10', 2, 1, 1575259393138438146, '2022-09-29 10:15:50', '2022-09-29 11:18:48'),
	(1578082660837027841, 1024987931753976513, '顺心', '17647657465', 'sykdy002', 6, '2022-10', 2, 1, 1575259393138438146, '2022-09-29 10:16:07', '2022-09-29 11:18:48'),
	(1578082660837027842, 1024988097613534273, '景昌', '18784574758', 'cpkdy001', 6, '2022-10', 2, 1, 1575259393138438146, '2022-09-29 10:16:46', '2022-09-29 11:18:48'),
	(1578082660837027843, 1024988171324232993, '景元', '18783748374', 'cpkdy002', 6, '2022-10', 2, 1, 1575259393138438146, '2022-09-29 10:17:04', '2022-09-29 11:18:48'),
	(1578082660837027844, 1024988319861315553, '李和平', '13355554444', 'hpkdy001', 6, '2022-10', 2, 1, 1575347921490882562, '2022-09-29 10:17:39', '2022-09-29 16:06:11'),
	(1578082660837027845, 1024988498702245281, '李平和', '17788889999', 'hpkdy002', 6, '2022-10', 2, 1, 1575347921490882562, '2022-09-29 10:18:22', '2022-09-29 16:05:52'),
	(1578082660837027846, 1024988744815617761, '李姑皇', '17766667777', 'gukdy001', 6, '2022-10', 2, 1, 1575347921490882562, '2022-09-29 10:19:20', '2022-09-30 18:26:28'),
	(1578082660837027847, 1024989856838856577, '李皇姑', '18877776666', 'hgkdy002', 6, '2022-10', 2, 1, 1575347921490882562, '2022-09-29 10:23:46', '2022-09-30 18:28:37'),
	(1578082660837027848, 1024994498993865153, '司华中', '18877776666', 'hzsj', 6, '2022-10', 3, 1, 1575347921490882562, '2022-09-29 10:42:12', '2022-09-29 12:54:04'),
	(1578082660841222145, 1024994711959651169, '司武汉', '17788887777', 'whsj', 6, '2022-10', 3, 1, 1575347921490882562, '2022-09-29 10:43:03', '2022-09-29 15:55:24'),
	(1578082660841222146, 1024995063794648993, '李江汉', '17799990000', 'jhkdy001', 6, '2022-10', 2, 1, 1575347921490882562, '2022-09-29 10:44:27', '2022-09-29 12:54:04'),
	(1578082660841222147, 1024995257768626273, '李汉江', '17788882222', 'jhkdy002', 6, '2022-10', 2, 1, 1575347921490882562, '2022-09-29 10:45:13', '2022-10-06 09:50:15'),
	(1578082660841222148, 1024995991193013985, '李武昌', '18877778888', 'wckdy001', 6, '2022-10', 2, 1, 1575347921490882562, '2022-09-29 10:48:08', '2022-09-29 12:54:04'),
	(1578082660841222149, 1024996147695079329, '李昌武', '18877776666', 'wckdy002', 6, '2022-10', 2, 1, 1575347921490882562, '2022-09-29 10:48:45', '2022-09-29 12:54:04'),
	(1578082660841222150, 1024997316655995489, '司东北', '17788887777', 'dbsj', 6, '2022-10', 3, 1, 1575347921490882562, '2022-09-29 10:53:24', '2022-09-29 12:54:03'),
	(1578082660841222151, 1025074399029692449, '王和平', '17788887777', 'hpkdy003', 6, '2022-10', 2, 1, 1575347921490882562, '2022-09-29 15:59:42', '2022-09-29 16:01:07'),
	(1578082660841222152, 1025104059952247329, '司华南', '17788887777', 'hnsj001', 6, '2022-10', 3, 1, 1575258946549919745, '2022-09-29 17:57:36', '2022-10-06 09:40:21'),
	(1578082660845416450, 1025104550799061921, '司深圳', '18877776666', 'szsj001', 6, '2022-10', 3, 1, 1575258946549919745, '2022-09-29 17:59:31', '2022-10-06 09:40:21'),
	(1578082660845416451, 1025109259005971617, '王光明', '18877776666', 'gmkdy001', 6, '2022-10', 2, 1, 1575258946549919745, '2022-09-29 18:18:13', '2022-10-06 09:40:03'),
	(1578082660845416452, 1025110041134617825, '王保安', '18877776666', 'bakdy001', 6, '2022-10', 2, 1, 1575258946549919745, '2022-09-29 18:21:20', '2022-10-06 09:40:03'),
	(1578082660845416453, 1025110490961140193, '王明光', '16677779999', 'gmkdy002', 6, '2022-10', 2, 1, 1575258946549919745, '2022-09-29 18:23:07', '2022-10-06 09:40:02'),
	(1578082660845416454, 1025110675888003969, '王安宝', '16677776666', 'bakdy002', 6, '2022-10', 2, 1, 1575258946549919745, '2022-09-29 18:23:51', '2022-10-06 09:40:02'),
	(1578082660845416455, 1025110935532199265, '王越秀', '16688886666', 'yxkdy001', 6, '2022-10', 2, 1, 1575258946549919745, '2022-09-29 18:24:53', '2022-10-06 09:40:02'),
	(1578082660845416456, 1025111112225644097, '王华都', '17799995555', 'hdkdy001', 6, '2022-10', 2, 1, 1575258946549919745, '2022-09-29 18:25:37', '2022-10-06 09:40:02'),
	(1578082660845416457, 1025111247919767297, '王都花', '16677776666', 'hdkdy002', 6, '2022-10', 2, 1, 1575258946549919745, '2022-09-29 18:26:07', '2022-10-06 09:40:02'),
	(1578082660849610754, 1025111573938823425, '王秀越', '17788887777', 'yxkdy002', 6, '2022-10', 2, 1, 1575258946549919745, '2022-09-29 18:27:25', '2022-10-06 09:40:02'),
	(1578082660849610755, 1025112013736764417, '司广州', '18877770000', 'gzsj', 6, '2022-10', 3, 1, 1575258946549919745, '2022-09-29 18:29:10', '2022-10-06 09:40:01'),
	(1578082660849610756, 1025428687312684929, '张成飞', '18866666666', 'sl001', 6, '2022-10', 1, 1, 1575258946549919745, '2022-09-30 15:27:31', '2022-10-06 09:50:38'),
	(1578445053781929985, 1024738476802799553, '周一', '13571250987', 'xbsj001', 7, '2022-10', 3, 1, 1575259393138438146, '2022-09-28 17:44:52', '2022-09-29 11:16:37'),
	(1578445053786124289, 1024738594893428865, '周二', '18500224566', 'xbsj002', 7, '2022-10', 3, 1, 1575259393138438146, '2022-09-28 17:45:20', '2022-09-29 11:16:37'),
	(1578445053786124290, 1024741978908228513, '吴用', '18500766555', 'xnsj001', 7, '2022-10', 3, 1, 1575259393138438146, '2022-09-28 17:58:47', '2022-09-29 11:16:37'),
	(1578445053786124291, 1024742117286706369, '吴西', '18346766666', 'xnsj002', 7, '2022-10', 3, 1, 1575259393138438146, '2022-09-28 17:59:20', '2022-09-29 11:16:37'),
	(1578445053786124292, 1024742265953811937, '成功', '18950867777', 'cdsj001', 7, '2022-10', 3, 1, 1575259393138438146, '2022-09-28 17:59:55', '2022-09-29 11:17:58'),
	(1578445053786124293, 1024742403489234657, '成仁', '18394867666', 'cdsj002', 7, '2022-10', 3, 1, 1575259393138438146, '2022-09-28 18:00:28', '2022-09-29 11:17:58'),
	(1578445053786124294, 1024976390379916929, '西王', '18355544444', 'xasj001', 7, '2022-10', 3, 1, 1575259393138438146, '2022-09-29 09:30:15', '2022-09-29 11:17:58'),
	(1578445053786124295, 1024976605161836353, '西米', '17655555555', 'xasj002', 7, '2022-10', 3, 1, 1575259393138438146, '2022-09-29 09:31:06', '2022-09-29 11:17:58'),
	(1578445053786124296, 1024976781221941281, '贝林', '13434343434', 'blkdy001', 7, '2022-10', 2, 1, 1575259393138438146, '2022-09-29 09:31:48', '2022-09-29 11:17:58'),
	(1578445053790318593, 1024976941658263777, '贝小贝', '13433434544', 'blkdy002', 7, '2022-10', 2, 1, 1575259393138438146, '2022-09-29 09:32:27', '2022-09-29 11:17:57'),
	(1578445053790318594, 1024977078208025057, '长小名', '18364636473', 'casj001', 7, '2022-10', 2, 1, 1575259393138438146, '2022-09-29 09:32:59', '2022-09-29 11:17:57'),
	(1578445053790318595, 1024977221418341025, '长城', '13445657565', 'casj002', 7, '2022-10', 2, 1, 1575259393138438146, '2022-09-29 09:33:33', '2022-09-29 11:17:57'),
	(1578445053790318596, 1024977388880122881, '金元宝', '18374673467', 'jnkdy001', 7, '2022-10', 2, 1, 1575259393138438146, '2022-09-29 09:34:13', '2022-09-29 11:17:56'),
	(1578445053790318597, 1024977522992993473, '金开', '18374734736', 'jnkdy002', 7, '2022-10', 2, 1, 1575259393138438146, '2022-09-29 09:34:45', '2022-09-29 11:17:55'),
	(1578445053790318598, 1024977621806601633, '青青', '18273827382', 'qykdy001', 7, '2022-10', 2, 1, 1575259393138438146, '2022-09-29 09:35:08', '2022-09-29 11:18:18'),
	(1578445053790318599, 1024977719693268993, '青风', '18273872382', 'qykdy002', 7, '2022-10', 2, 1, 1575259393138438146, '2022-09-29 09:35:32', '2022-09-29 11:18:18'),
	(1578445053794512897, 1024984140988150081, '华亮', '18837473473', 'hdsj001', 7, '2022-10', 3, 1, 1575259393138438146, '2022-09-29 10:01:03', '2022-09-29 11:18:18'),
	(1578445053794512898, 1024984230121304705, '华明', '13454545454', 'hdsj002', 7, '2022-10', 3, 1, 1575259393138438146, '2022-09-29 10:01:24', '2022-09-29 11:18:18'),
	(1578445053794512899, 1024984365991588705, '海明月', '18566666667', 'shsj001', 7, '2022-10', 3, 1, 1575259393138438146, '2022-09-29 10:01:57', '2022-09-29 11:18:17'),
	(1578445053794512900, 1024984516357387297, '海阔', '18734736473', 'shsj002', 7, '2022-10', 3, 1, 1575259393138438146, '2022-09-29 10:02:32', '2022-09-29 11:18:17'),
	(1578445053794512901, 1024984720745821569, '周生生', '18776676767', 'hkkdy001', 7, '2022-10', 2, 1, 1575259393138438146, '2022-09-29 10:03:21', '2022-09-29 11:18:17'),
	(1578445053794512902, 1024984891772761697, '周生辰', '13434343434', 'hkkdy002', 7, '2022-10', 2, 1, 1575259393138438146, '2022-09-29 10:04:02', '2022-09-29 11:18:17'),
	(1578445053794512903, 1024985344870841121, '刘徽', '18737373647', 'pdkdy001', 7, '2022-10', 2, 1, 1575259393138438146, '2022-09-29 10:05:50', '2022-09-29 11:18:17'),
	(1578445053794512904, 1024985481462545409, '萧晏', '18737473647', 'pdkdy002', 7, '2022-10', 2, 1, 1575259393138438146, '2022-09-29 10:06:22', '2022-09-29 11:18:17'),
	(1578445053798707201, 1024985621531327777, '平秦王', '18723736473', 'hbsj001', 7, '2022-10', 3, 1, 1575259393138438146, '2022-09-29 10:06:56', '2022-09-29 11:18:48'),
	(1578445053798707202, 1024986076978217057, '长孙杰', '13987675455', 'hbsj002', 7, '2022-10', 3, 1, 1575259393138438146, '2022-09-29 10:08:44', '2022-09-29 11:18:48'),
	(1578445053798707203, 1024986455853892225, '漼时宜', '17898989565', 'bjsj002', 7, '2022-10', 3, 1, 1575259393138438146, '2022-09-29 10:10:15', '2022-09-29 11:18:48'),
	(1578445053798707204, 1024987310187482529, '宏晓誉', '18737437483', 'bjsj001', 7, '2022-10', 3, 1, 1575259393138438146, '2022-09-29 10:13:38', '2022-09-29 11:18:48'),
	(1578445053798707205, 1024987378881793537, '司沈阳', '13311111222', 'sysj001', 7, '2022-10', 3, 1, 1575259393138438146, '2022-09-29 10:13:57', '2022-09-29 11:18:48'),
	(1578445053798707206, 1024987860782158145, '顺意', '18734736473', 'sykdy001', 7, '2022-10', 2, 1, 1575259393138438146, '2022-09-29 10:15:50', '2022-09-29 11:18:48'),
	(1578445053798707207, 1024987931753976513, '顺心', '17647657465', 'sykdy002', 7, '2022-10', 2, 1, 1575259393138438146, '2022-09-29 10:16:07', '2022-09-29 11:18:48'),
	(1578445053798707208, 1024988097613534273, '景昌', '18784574758', 'cpkdy001', 7, '2022-10', 2, 1, 1575259393138438146, '2022-09-29 10:16:46', '2022-09-29 11:18:48'),
	(1578445053802901506, 1024988171324232993, '景元', '18783748374', 'cpkdy002', 7, '2022-10', 2, 1, 1575259393138438146, '2022-09-29 10:17:04', '2022-09-29 11:18:48'),
	(1578445053802901507, 1024988319861315553, '李和平', '13355554444', 'hpkdy001', 7, '2022-10', 2, 1, 1575347921490882562, '2022-09-29 10:17:39', '2022-09-29 16:06:11'),
	(1578445053802901508, 1024988498702245281, '李平和', '17788889999', 'hpkdy002', 7, '2022-10', 2, 1, 1575347921490882562, '2022-09-29 10:18:22', '2022-09-29 16:05:52'),
	(1578445053802901509, 1024988744815617761, '李姑皇', '17766667777', 'gukdy001', 7, '2022-10', 2, 1, 1575347921490882562, '2022-09-29 10:19:20', '2022-09-30 18:26:28'),
	(1578445053802901510, 1024989856838856577, '李皇姑', '18877776666', 'hgkdy002', 7, '2022-10', 2, 1, 1575347921490882562, '2022-09-29 10:23:46', '2022-09-30 18:28:37'),
	(1578445053802901511, 1024994498993865153, '司华中', '18877776666', 'hzsj', 7, '2022-10', 3, 1, 1575347921490882562, '2022-09-29 10:42:12', '2022-09-29 12:54:04'),
	(1578445053802901512, 1024994711959651169, '司武汉', '17788887777', 'whsj', 7, '2022-10', 3, 1, 1575347921490882562, '2022-09-29 10:43:03', '2022-09-29 15:55:24'),
	(1578445053807095810, 1024995063794648993, '李江汉', '17799990000', 'jhkdy001', 7, '2022-10', 2, 1, 1575347921490882562, '2022-09-29 10:44:27', '2022-09-29 12:54:04'),
	(1578445053807095811, 1024995257768626273, '李汉江', '17788882222', 'jhkdy002', 7, '2022-10', 2, 1, 1575347921490882562, '2022-09-29 10:45:13', '2022-10-06 09:50:15'),
	(1578445053807095812, 1024995991193013985, '李武昌', '18877778888', 'wckdy001', 7, '2022-10', 2, 1, 1575347921490882562, '2022-09-29 10:48:08', '2022-09-29 12:54:04'),
	(1578445053807095813, 1024996147695079329, '李昌武', '18877776666', 'wckdy002', 7, '2022-10', 2, 1, 1575347921490882562, '2022-09-29 10:48:45', '2022-09-29 12:54:04'),
	(1578445053807095814, 1024997316655995489, '司东北', '17788887777', 'dbsj', 7, '2022-10', 3, 1, 1575347921490882562, '2022-09-29 10:53:24', '2022-09-29 12:54:03'),
	(1578445053807095815, 1025074399029692449, '王和平', '17788887777', 'hpkdy003', 7, '2022-10', 2, 1, 1575347921490882562, '2022-09-29 15:59:42', '2022-09-29 16:01:07'),
	(1578445053807095816, 1025104059952247329, '司华南', '17788887777', 'hnsj001', 7, '2022-10', 3, 1, 1575258946549919745, '2022-09-29 17:57:36', '2022-10-06 09:40:21'),
	(1578445053807095817, 1025104550799061921, '司深圳', '18877776666', 'szsj001', 7, '2022-10', 3, 1, 1575258946549919745, '2022-09-29 17:59:31', '2022-10-06 09:40:21'),
	(1578445053807095818, 1025109259005971617, '王光明', '18877776666', 'gmkdy001', 7, '2022-10', 2, 1, 1575258946549919745, '2022-09-29 18:18:13', '2022-10-06 09:40:03'),
	(1578445053811290113, 1025110041134617825, '王保安', '18877776666', 'bakdy001', 7, '2022-10', 2, 1, 1575258946549919745, '2022-09-29 18:21:20', '2022-10-06 09:40:03'),
	(1578445053811290114, 1025110490961140193, '王明光', '16677779999', 'gmkdy002', 7, '2022-10', 2, 1, 1575258946549919745, '2022-09-29 18:23:07', '2022-10-06 09:40:02'),
	(1578445053811290115, 1025110675888003969, '王安宝', '16677776666', 'bakdy002', 7, '2022-10', 2, 1, 1575258946549919745, '2022-09-29 18:23:51', '2022-10-06 09:40:02'),
	(1578445053811290116, 1025110935532199265, '王越秀', '16688886666', 'yxkdy001', 7, '2022-10', 2, 1, 1575258946549919745, '2022-09-29 18:24:53', '2022-10-06 09:40:02'),
	(1578445053811290117, 1025111112225644097, '王华都', '17799995555', 'hdkdy001', 7, '2022-10', 2, 1, 1575258946549919745, '2022-09-29 18:25:37', '2022-10-06 09:40:02'),
	(1578445054146834433, 1025111247919767297, '王都花', '16677776666', 'hdkdy002', 7, '2022-10', 2, 1, 1575258946549919745, '2022-09-29 18:26:07', '2022-10-06 09:40:02'),
	(1578445054146834434, 1025111573938823425, '王秀越', '17788887777', 'yxkdy002', 7, '2022-10', 2, 1, 1575258946549919745, '2022-09-29 18:27:25', '2022-10-06 09:40:02'),
	(1578445054146834435, 1025112013736764417, '司广州', '18877770000', 'gzsj', 7, '2022-10', 3, 1, 1575258946549919745, '2022-09-29 18:29:10', '2022-10-06 09:40:01'),
	(1578445054146834436, 1025428687312684929, '张成飞', '18866666666', 'sl001', 7, '2022-10', 1, 1, 1575258946549919745, '2022-09-30 15:27:31', '2022-10-06 09:50:38'),
	(1578807436190740482, 1024738476802799553, '周一', '13571250987', 'xbsj001', 8, '2022-10', 3, 1, 1575259393138438146, '2022-09-28 17:44:52', '2022-09-29 11:16:37'),
	(1578807436194934785, 1024738594893428865, '周二', '18500224566', 'xbsj002', 8, '2022-10', 3, 1, 1575259393138438146, '2022-09-28 17:45:20', '2022-09-29 11:16:37'),
	(1578807436194934786, 1024741978908228513, '吴用', '18500766555', 'xnsj001', 8, '2022-10', 3, 1, 1575259393138438146, '2022-09-28 17:58:47', '2022-09-29 11:16:37'),
	(1578807436194934787, 1024742117286706369, '吴西', '18346766666', 'xnsj002', 8, '2022-10', 3, 1, 1575259393138438146, '2022-09-28 17:59:20', '2022-09-29 11:16:37'),
	(1578807436194934788, 1024742265953811937, '成功', '18950867777', 'cdsj001', 8, '2022-10', 3, 1, 1575259393138438146, '2022-09-28 17:59:55', '2022-09-29 11:17:58'),
	(1578807436194934789, 1024742403489234657, '成仁', '18394867666', 'cdsj002', 8, '2022-10', 3, 1, 1575259393138438146, '2022-09-28 18:00:28', '2022-09-29 11:17:58'),
	(1578807436194934790, 1024976390379916929, '西王', '18355544444', 'xasj001', 8, '2022-10', 3, 1, 1575259393138438146, '2022-09-29 09:30:15', '2022-09-29 11:17:58'),
	(1578807436194934791, 1024976605161836353, '西米', '17655555555', 'xasj002', 8, '2022-10', 3, 1, 1575259393138438146, '2022-09-29 09:31:06', '2022-09-29 11:17:58'),
	(1578807436194934792, 1024976781221941281, '贝林', '13434343434', 'blkdy001', 8, '2022-10', 2, 1, 1575259393138438146, '2022-09-29 09:31:48', '2022-09-29 11:17:58'),
	(1578807436199129090, 1024976941658263777, '贝小贝', '13433434544', 'blkdy002', 8, '2022-10', 2, 1, 1575259393138438146, '2022-09-29 09:32:27', '2022-09-29 11:17:57'),
	(1578807436199129091, 1024977078208025057, '长小名', '18364636473', 'casj001', 8, '2022-10', 2, 1, 1575259393138438146, '2022-09-29 09:32:59', '2022-09-29 11:17:57'),
	(1578807436199129092, 1024977221418341025, '长城', '13445657565', 'casj002', 8, '2022-10', 2, 1, 1575259393138438146, '2022-09-29 09:33:33', '2022-09-29 11:17:57'),
	(1578807436199129093, 1024977388880122881, '金元宝', '18374673467', 'jnkdy001', 8, '2022-10', 2, 1, 1575259393138438146, '2022-09-29 09:34:13', '2022-09-29 11:17:56'),
	(1578807436199129094, 1024977522992993473, '金开', '18374734736', 'jnkdy002', 8, '2022-10', 2, 1, 1575259393138438146, '2022-09-29 09:34:45', '2022-09-29 11:17:55'),
	(1578807436199129095, 1024977621806601633, '青青', '18273827382', 'qykdy001', 8, '2022-10', 2, 1, 1575259393138438146, '2022-09-29 09:35:08', '2022-09-29 11:18:18'),
	(1578807436199129096, 1024977719693268993, '青风', '18273872382', 'qykdy002', 8, '2022-10', 2, 1, 1575259393138438146, '2022-09-29 09:35:32', '2022-09-29 11:18:18'),
	(1578807436199129097, 1024984140988150081, '华亮', '18837473473', 'hdsj001', 8, '2022-10', 3, 1, 1575259393138438146, '2022-09-29 10:01:03', '2022-09-29 11:18:18'),
	(1578807436199129098, 1024984230121304705, '华明', '13454545454', 'hdsj002', 8, '2022-10', 3, 1, 1575259393138438146, '2022-09-29 10:01:24', '2022-09-29 11:18:18'),
	(1578807436199129099, 1024984365991588705, '海明月', '18566666667', 'shsj001', 8, '2022-10', 3, 1, 1575259393138438146, '2022-09-29 10:01:57', '2022-09-29 11:18:17'),
	(1578807436199129100, 1024984516357387297, '海阔', '18734736473', 'shsj002', 8, '2022-10', 3, 1, 1575259393138438146, '2022-09-29 10:02:32', '2022-09-29 11:18:17'),
	(1578807436203323393, 1024984720745821569, '周生生', '18776676767', 'hkkdy001', 8, '2022-10', 2, 1, 1575259393138438146, '2022-09-29 10:03:21', '2022-09-29 11:18:17'),
	(1578807436203323394, 1024984891772761697, '周生辰', '13434343434', 'hkkdy002', 8, '2022-10', 2, 1, 1575259393138438146, '2022-09-29 10:04:02', '2022-09-29 11:18:17'),
	(1578807436203323395, 1024985344870841121, '刘徽', '18737373647', 'pdkdy001', 8, '2022-10', 2, 1, 1575259393138438146, '2022-09-29 10:05:50', '2022-09-29 11:18:17'),
	(1578807436203323396, 1024985481462545409, '萧晏', '18737473647', 'pdkdy002', 8, '2022-10', 2, 1, 1575259393138438146, '2022-09-29 10:06:22', '2022-09-29 11:18:17'),
	(1578807436203323397, 1024985621531327777, '平秦王', '18723736473', 'hbsj001', 8, '2022-10', 3, 1, 1575259393138438146, '2022-09-29 10:06:56', '2022-09-29 11:18:48'),
	(1578807436203323398, 1024986076978217057, '长孙杰', '13987675455', 'hbsj002', 8, '2022-10', 3, 1, 1575259393138438146, '2022-09-29 10:08:44', '2022-09-29 11:18:48'),
	(1578807436203323399, 1024986455853892225, '漼时宜', '17898989565', 'bjsj002', 8, '2022-10', 3, 1, 1575259393138438146, '2022-09-29 10:10:15', '2022-09-29 11:18:48'),
	(1578807436203323400, 1024987310187482529, '宏晓誉', '18737437483', 'bjsj001', 8, '2022-10', 3, 1, 1575259393138438146, '2022-09-29 10:13:38', '2022-09-29 11:18:48'),
	(1578807436203323401, 1024987378881793537, '司沈阳', '13311111222', 'sysj001', 8, '2022-10', 3, 1, 1575259393138438146, '2022-09-29 10:13:57', '2022-09-29 11:18:48'),
	(1578807436203323402, 1024987860782158145, '顺意', '18734736473', 'sykdy001', 8, '2022-10', 2, 1, 1575259393138438146, '2022-09-29 10:15:50', '2022-09-29 11:18:48'),
	(1578807436203323403, 1024987931753976513, '顺心', '17647657465', 'sykdy002', 8, '2022-10', 2, 1, 1575259393138438146, '2022-09-29 10:16:07', '2022-09-29 11:18:48'),
	(1578807436203323404, 1024988097613534273, '景昌', '18784574758', 'cpkdy001', 8, '2022-10', 2, 1, 1575259393138438146, '2022-09-29 10:16:46', '2022-09-29 11:18:48'),
	(1578807436207517698, 1024988171324232993, '景元', '18783748374', 'cpkdy002', 8, '2022-10', 2, 1, 1575259393138438146, '2022-09-29 10:17:04', '2022-09-29 11:18:48'),
	(1578807436207517699, 1024988319861315553, '李和平', '13355554444', 'hpkdy001', 8, '2022-10', 2, 1, 1575347921490882562, '2022-09-29 10:17:39', '2022-09-29 16:06:11'),
	(1578807436207517700, 1024988498702245281, '李平和', '17788889999', 'hpkdy002', 8, '2022-10', 2, 1, 1575347921490882562, '2022-09-29 10:18:22', '2022-09-29 16:05:52'),
	(1578807436207517701, 1024988744815617761, '李姑皇', '17766667777', 'gukdy001', 8, '2022-10', 2, 1, 1575347921490882562, '2022-09-29 10:19:20', '2022-09-30 18:26:28'),
	(1578807436207517702, 1024989856838856577, '李皇姑', '18877776666', 'hgkdy002', 8, '2022-10', 2, 1, 1575347921490882562, '2022-09-29 10:23:46', '2022-09-30 18:28:37'),
	(1578807436207517703, 1024994498993865153, '司华中', '18877776666', 'hzsj', 8, '2022-10', 3, 1, 1575347921490882562, '2022-09-29 10:42:12', '2022-09-29 12:54:04'),
	(1578807436207517704, 1024994711959651169, '司武汉', '17788887777', 'whsj', 8, '2022-10', 3, 1, 1575347921490882562, '2022-09-29 10:43:03', '2022-09-29 15:55:24'),
	(1578807436207517705, 1024995063794648993, '李江汉', '17799990000', 'jhkdy001', 8, '2022-10', 2, 1, 1575347921490882562, '2022-09-29 10:44:27', '2022-09-29 12:54:04'),
	(1578807436207517706, 1024995257768626273, '李汉江', '17788882222', 'jhkdy002', 8, '2022-10', 2, 1, 1575347921490882562, '2022-09-29 10:45:13', '2022-10-06 09:50:15'),
	(1578807436207517707, 1024995991193013985, '李武昌', '18877778888', 'wckdy001', 8, '2022-10', 2, 1, 1575347921490882562, '2022-09-29 10:48:08', '2022-09-29 12:54:04'),
	(1578807436207517708, 1024996147695079329, '李昌武', '18877776666', 'wckdy002', 8, '2022-10', 2, 1, 1575347921490882562, '2022-09-29 10:48:45', '2022-09-29 12:54:04'),
	(1578807436211712001, 1024997316655995489, '司东北', '17788887777', 'dbsj', 8, '2022-10', 3, 1, 1575347921490882562, '2022-09-29 10:53:24', '2022-09-29 12:54:03'),
	(1578807436211712002, 1025074399029692449, '王和平', '17788887777', 'hpkdy003', 8, '2022-10', 2, 1, 1575347921490882562, '2022-09-29 15:59:42', '2022-09-29 16:01:07'),
	(1579169823167148033, 1024988319861315553, '李和平', '13355554444', 'hpkdy001', 9, '2022-10', 2, 1, 1575347921490882562, '2022-09-29 10:17:39', '2022-09-29 16:06:11'),
	(1579169823171342337, 1024988498702245281, '李平和', '17788889999', 'hpkdy002', 9, '2022-10', 2, 1, 1575347921490882562, '2022-09-29 10:18:22', '2022-09-29 16:05:52'),
	(1579169823171342338, 1024988744815617761, '李姑皇', '17766667777', 'gukdy001', 9, '2022-10', 2, 1, 1575347921490882562, '2022-09-29 10:19:20', '2022-09-30 18:26:28'),
	(1579169823171342339, 1024989856838856577, '李皇姑', '18877776666', 'hgkdy002', 9, '2022-10', 2, 1, 1575347921490882562, '2022-09-29 10:23:46', '2022-09-30 18:28:37'),
	(1579169823171342340, 1024994498993865153, '司华中', '18877776666', 'hzsj', 9, '2022-10', 3, 1, 1575347921490882562, '2022-09-29 10:42:12', '2022-09-29 12:54:04'),
	(1579169823171342341, 1024994711959651169, '司武汉', '17788887777', 'whsj', 9, '2022-10', 3, 1, 1575347921490882562, '2022-09-29 10:43:03', '2022-09-29 15:55:24'),
	(1579169823175536642, 1024995063794648993, '李江汉', '17799990000', 'jhkdy001', 9, '2022-10', 2, 1, 1575347921490882562, '2022-09-29 10:44:27', '2022-09-29 12:54:04'),
	(1579169823175536643, 1024995257768626273, '李汉江', '17788882222', 'jhkdy002', 9, '2022-10', 2, 1, 1575347921490882562, '2022-09-29 10:45:13', '2022-10-06 09:50:15'),
	(1579169823175536644, 1024995991193013985, '李武昌', '18877778888', 'wckdy001', 9, '2022-10', 2, 1, 1575347921490882562, '2022-09-29 10:48:08', '2022-09-29 12:54:04'),
	(1579169823175536645, 1024996147695079329, '李昌武', '18877776666', 'wckdy002', 9, '2022-10', 2, 1, 1575347921490882562, '2022-09-29 10:48:45', '2022-09-29 12:54:04'),
	(1579169823175536646, 1024997316655995489, '司东北', '17788887777', 'dbsj', 9, '2022-10', 3, 1, 1575347921490882562, '2022-09-29 10:53:24', '2022-09-29 12:54:03'),
	(1579169823175536647, 1025074399029692449, '王和平', '17788887777', 'hpkdy003', 9, '2022-10', 2, 1, 1575347921490882562, '2022-09-29 15:59:42', '2022-09-29 16:01:07'),
	(1579532212568289282, 1024738476802799553, '周一', '13571250987', 'xbsj001', 10, '2022-10', 3, 1, 1575259393138438146, '2022-09-28 17:44:52', '2022-09-29 11:16:37'),
	(1579532212572483586, 1024738594893428865, '周二', '18500224566', 'xbsj002', 10, '2022-10', 3, 1, 1575259393138438146, '2022-09-28 17:45:20', '2022-09-29 11:16:37'),
	(1579532212572483587, 1024741978908228513, '吴用', '18500766555', 'xnsj001', 10, '2022-10', 3, 1, 1575259393138438146, '2022-09-28 17:58:47', '2022-09-29 11:16:37'),
	(1579532212572483588, 1024742117286706369, '吴西', '18346766666', 'xnsj002', 10, '2022-10', 3, 1, 1575259393138438146, '2022-09-28 17:59:20', '2022-09-29 11:16:37'),
	(1579532212576677889, 1024742265953811937, '成功', '18950867777', 'cdsj001', 10, '2022-10', 3, 1, 1575259393138438146, '2022-09-28 17:59:55', '2022-09-29 11:17:58'),
	(1579532212576677890, 1024742403489234657, '成仁', '18394867666', 'cdsj002', 10, '2022-10', 3, 1, 1575259393138438146, '2022-09-28 18:00:28', '2022-09-29 11:17:58'),
	(1579532212576677891, 1024976390379916929, '西王', '18355544444', 'xasj001', 10, '2022-10', 3, 1, 1575259393138438146, '2022-09-29 09:30:15', '2022-09-29 11:17:58'),
	(1579532212576677892, 1024976605161836353, '西米', '17655555555', 'xasj002', 10, '2022-10', 3, 1, 1575259393138438146, '2022-09-29 09:31:06', '2022-09-29 11:17:58'),
	(1579532212576677893, 1024976781221941281, '贝林', '13434343434', 'blkdy001', 10, '2022-10', 2, 1, 1575259393138438146, '2022-09-29 09:31:48', '2022-09-29 11:17:58'),
	(1579532212576677894, 1024976941658263777, '贝小贝', '13433434544', 'blkdy002', 10, '2022-10', 2, 1, 1575259393138438146, '2022-09-29 09:32:27', '2022-09-29 11:17:57'),
	(1579532212975136770, 1024977078208025057, '长小名', '18364636473', 'casj001', 10, '2022-10', 2, 1, 1575259393138438146, '2022-09-29 09:32:59', '2022-09-29 11:17:57'),
	(1579532212979331073, 1024977221418341025, '长城', '13445657565', 'casj002', 10, '2022-10', 2, 1, 1575259393138438146, '2022-09-29 09:33:33', '2022-09-29 11:17:57'),
	(1579532212979331074, 1024977388880122881, '金元宝', '18374673467', 'jnkdy001', 10, '2022-10', 2, 1, 1575259393138438146, '2022-09-29 09:34:13', '2022-09-29 11:17:56'),
	(1579532212979331075, 1024977522992993473, '金开', '18374734736', 'jnkdy002', 10, '2022-10', 2, 1, 1575259393138438146, '2022-09-29 09:34:45', '2022-09-29 11:17:55'),
	(1579532212979331076, 1024977621806601633, '青青', '18273827382', 'qykdy001', 10, '2022-10', 2, 1, 1575259393138438146, '2022-09-29 09:35:08', '2022-09-29 11:18:18'),
	(1579532212979331077, 1024977719693268993, '青风', '18273872382', 'qykdy002', 10, '2022-10', 2, 1, 1575259393138438146, '2022-09-29 09:35:32', '2022-09-29 11:18:18'),
	(1579532212987719681, 1024984140988150081, '华亮', '18837473473', 'hdsj001', 10, '2022-10', 3, 1, 1575259393138438146, '2022-09-29 10:01:03', '2022-09-29 11:18:18'),
	(1579532212987719682, 1024984230121304705, '华明', '13454545454', 'hdsj002', 10, '2022-10', 3, 1, 1575259393138438146, '2022-09-29 10:01:24', '2022-09-29 11:18:18'),
	(1579532212987719683, 1024984365991588705, '海明月', '18566666667', 'shsj001', 10, '2022-10', 3, 1, 1575259393138438146, '2022-09-29 10:01:57', '2022-09-29 11:18:17'),
	(1579532212987719684, 1024984516357387297, '海阔', '18734736473', 'shsj002', 10, '2022-10', 3, 1, 1575259393138438146, '2022-09-29 10:02:32', '2022-09-29 11:18:17'),
	(1579532212991913985, 1024984720745821569, '周生生', '18776676767', 'hkkdy001', 10, '2022-10', 2, 1, 1575259393138438146, '2022-09-29 10:03:21', '2022-09-29 11:18:17'),
	(1579532212991913986, 1024984891772761697, '周生辰', '13434343434', 'hkkdy002', 10, '2022-10', 2, 1, 1575259393138438146, '2022-09-29 10:04:02', '2022-09-29 11:18:17'),
	(1579532212991913987, 1024985344870841121, '刘徽', '18737373647', 'pdkdy001', 10, '2022-10', 2, 1, 1575259393138438146, '2022-09-29 10:05:50', '2022-09-29 11:18:17'),
	(1579532212991913988, 1024985481462545409, '萧晏', '18737473647', 'pdkdy002', 10, '2022-10', 2, 1, 1575259393138438146, '2022-09-29 10:06:22', '2022-09-29 11:18:17'),
	(1579532212991913989, 1024985621531327777, '平秦王', '18723736473', 'hbsj001', 10, '2022-10', 3, 1, 1575259393138438146, '2022-09-29 10:06:56', '2022-09-29 11:18:48'),
	(1579532212996108289, 1024986076978217057, '长孙杰', '13987675455', 'hbsj002', 10, '2022-10', 3, 1, 1575259393138438146, '2022-09-29 10:08:44', '2022-09-29 11:18:48'),
	(1579532212996108290, 1024986455853892225, '漼时宜', '17898989565', 'bjsj002', 10, '2022-10', 3, 1, 1575259393138438146, '2022-09-29 10:10:15', '2022-09-29 11:18:48'),
	(1579532212996108291, 1024987310187482529, '宏晓誉', '18737437483', 'bjsj001', 10, '2022-10', 3, 1, 1575259393138438146, '2022-09-29 10:13:38', '2022-09-29 11:18:48'),
	(1579532213033857026, 1024987378881793537, '司沈阳', '13311111222', 'sysj001', 10, '2022-10', 3, 1, 1575259393138438146, '2022-09-29 10:13:57', '2022-09-29 11:18:48'),
	(1579532213394567169, 1024987860782158145, '顺意', '18734736473', 'sykdy001', 10, '2022-10', 2, 1, 1575259393138438146, '2022-09-29 10:15:50', '2022-09-29 11:18:48'),
	(1579532213394567170, 1024987931753976513, '顺心', '17647657465', 'sykdy002', 10, '2022-10', 2, 1, 1575259393138438146, '2022-09-29 10:16:07', '2022-09-29 11:18:48'),
	(1579532213398761474, 1024988097613534273, '景昌', '18784574758', 'cpkdy001', 10, '2022-10', 2, 1, 1575259393138438146, '2022-09-29 10:16:46', '2022-09-29 11:18:48'),
	(1579532213398761475, 1024988171324232993, '景元', '18783748374', 'cpkdy002', 10, '2022-10', 2, 1, 1575259393138438146, '2022-09-29 10:17:04', '2022-09-29 11:18:48'),
	(1579532213398761476, 1024988319861315553, '李和平', '13355554444', 'hpkdy001', 10, '2022-10', 2, 1, 1575347921490882562, '2022-09-29 10:17:39', '2022-09-29 16:06:11'),
	(1579532213398761477, 1024988498702245281, '李平和', '17788889999', 'hpkdy002', 10, '2022-10', 2, 1, 1575347921490882562, '2022-09-29 10:18:22', '2022-09-29 16:05:52'),
	(1579532213402955777, 1024988744815617761, '李姑皇', '17766667777', 'gukdy001', 10, '2022-10', 2, 1, 1575347921490882562, '2022-09-29 10:19:20', '2022-09-30 18:26:28'),
	(1579532213402955778, 1024989856838856577, '李皇姑', '18877776666', 'hgkdy002', 10, '2022-10', 2, 1, 1575347921490882562, '2022-09-29 10:23:46', '2022-09-30 18:28:37'),
	(1579532213402955779, 1024994498993865153, '司华中', '18877776666', 'hzsj', 10, '2022-10', 3, 1, 1575347921490882562, '2022-09-29 10:42:12', '2022-09-29 12:54:04'),
	(1579532213402955780, 1024994711959651169, '司武汉', '17788887777', 'whsj', 10, '2022-10', 3, 1, 1575347921490882562, '2022-09-29 10:43:03', '2022-09-29 15:55:24'),
	(1579532213402955781, 1024995063794648993, '李江汉', '17799990000', 'jhkdy001', 10, '2022-10', 2, 1, 1575347921490882562, '2022-09-29 10:44:27', '2022-09-29 12:54:04'),
	(1579532213407150082, 1024995257768626273, '李汉江', '17788882222', 'jhkdy002', 10, '2022-10', 2, 1, 1575347921490882562, '2022-09-29 10:45:13', '2022-10-06 09:50:15'),
	(1579532213407150083, 1024995991193013985, '李武昌', '18877778888', 'wckdy001', 10, '2022-10', 2, 1, 1575347921490882562, '2022-09-29 10:48:08', '2022-09-29 12:54:04'),
	(1579532213407150084, 1024996147695079329, '李昌武', '18877776666', 'wckdy002', 10, '2022-10', 2, 1, 1575347921490882562, '2022-09-29 10:48:45', '2022-09-29 12:54:04'),
	(1579532213407150085, 1024997316655995489, '司东北', '17788887777', 'dbsj', 10, '2022-10', 3, 1, 1575347921490882562, '2022-09-29 10:53:24', '2022-09-29 12:54:03'),
	(1579532213407150086, 1025074399029692449, '王和平', '17788887777', 'hpkdy003', 10, '2022-10', 2, 1, 1575347921490882562, '2022-09-29 15:59:42', '2022-09-29 16:01:07'),
	(1579532213411344385, 1025104059952247329, '司华南', '17788887777', 'hnsj001', 10, '2022-10', 3, 1, 1575258946549919745, '2022-09-29 17:57:36', '2022-10-06 09:40:21'),
	(1579532213411344386, 1025104550799061921, '司深圳', '18877776666', 'szsj001', 10, '2022-10', 3, 1, 1575258946549919745, '2022-09-29 17:59:31', '2022-10-06 09:40:21'),
	(1579532213411344387, 1025109259005971617, '王光明', '18877776666', 'gmkdy001', 10, '2022-10', 2, 1, 1575258946549919745, '2022-09-29 18:18:13', '2022-10-06 09:40:03'),
	(1579532213411344388, 1025110041134617825, '王保安', '18877776666', 'bakdy001', 10, '2022-10', 2, 1, 1575258946549919745, '2022-09-29 18:21:20', '2022-10-06 09:40:03'),
	(1579532213411344389, 1025110490961140193, '王明光', '16677779999', 'gmkdy002', 10, '2022-10', 2, 1, 1575258946549919745, '2022-09-29 18:23:07', '2022-10-06 09:40:02'),
	(1579532213415538689, 1025110675888003969, '王安宝', '16677776666', 'bakdy002', 10, '2022-10', 2, 1, 1575258946549919745, '2022-09-29 18:23:51', '2022-10-06 09:40:02'),
	(1579532213415538690, 1025110935532199265, '王越秀', '16688886666', 'yxkdy001', 10, '2022-10', 2, 1, 1575258946549919745, '2022-09-29 18:24:53', '2022-10-06 09:40:02'),
	(1579532213415538691, 1025111112225644097, '王华都', '17799995555', 'hdkdy001', 10, '2022-10', 2, 1, 1575258946549919745, '2022-09-29 18:25:37', '2022-10-06 09:40:02'),
	(1579532213415538692, 1025111247919767297, '王都花', '16677776666', 'hdkdy002', 10, '2022-10', 2, 1, 1575258946549919745, '2022-09-29 18:26:07', '2022-10-06 09:40:02'),
	(1579532213415538693, 1025111573938823425, '王秀越', '17788887777', 'yxkdy002', 10, '2022-10', 2, 1, 1575258946549919745, '2022-09-29 18:27:25', '2022-10-06 09:40:02'),
	(1579532213419732993, 1025112013736764417, '司广州', '18877770000', 'gzsj', 10, '2022-10', 3, 1, 1575258946549919745, '2022-09-29 18:29:10', '2022-10-06 09:40:01'),
	(1579532213419732994, 1025428687312684929, '张成飞', '18866666666', 'sl001', 10, '2022-10', 1, 1, 1575258946549919745, '2022-09-30 15:27:31', '2022-10-06 09:50:38'),
	(1579894599225929730, 1024738476802799553, '周一', '13571250987', 'xbsj001', 11, '2022-10', 3, 1, 1575259393138438146, '2022-09-28 17:44:52', '2022-09-29 11:16:37'),
	(1579894599586639873, 1024738594893428865, '周二', '18500224566', 'xbsj002', 11, '2022-10', 3, 1, 1575259393138438146, '2022-09-28 17:45:20', '2022-09-29 11:16:37'),
	(1579894599586639874, 1024741978908228513, '吴用', '18500766555', 'xnsj001', 11, '2022-10', 3, 1, 1575259393138438146, '2022-09-28 17:58:47', '2022-09-29 11:16:37'),
	(1579894599586639875, 1024742117286706369, '吴西', '18346766666', 'xnsj002', 11, '2022-10', 3, 1, 1575259393138438146, '2022-09-28 17:59:20', '2022-09-29 11:16:37'),
	(1579894599586639876, 1024742265953811937, '成功', '18950867777', 'cdsj001', 11, '2022-10', 3, 1, 1575259393138438146, '2022-09-28 17:59:55', '2022-09-29 11:17:58'),
	(1579894599590834177, 1024742403489234657, '成仁', '18394867666', 'cdsj002', 11, '2022-10', 3, 1, 1575259393138438146, '2022-09-28 18:00:28', '2022-09-29 11:17:58'),
	(1579894599590834178, 1024976390379916929, '西王', '18355544444', 'xasj001', 11, '2022-10', 3, 1, 1575259393138438146, '2022-09-29 09:30:15', '2022-09-29 11:17:58'),
	(1579894599590834179, 1024976605161836353, '西米', '17655555555', 'xasj002', 11, '2022-10', 3, 1, 1575259393138438146, '2022-09-29 09:31:06', '2022-09-29 11:17:58'),
	(1579894599590834180, 1024976781221941281, '贝林', '13434343434', 'blkdy001', 11, '2022-10', 2, 1, 1575259393138438146, '2022-09-29 09:31:48', '2022-09-29 11:17:58'),
	(1579894599595028482, 1024976941658263777, '贝小贝', '13433434544', 'blkdy002', 11, '2022-10', 2, 1, 1575259393138438146, '2022-09-29 09:32:27', '2022-09-29 11:17:57'),
	(1579894599595028483, 1024977078208025057, '长小名', '18364636473', 'casj001', 11, '2022-10', 2, 1, 1575259393138438146, '2022-09-29 09:32:59', '2022-09-29 11:17:57'),
	(1579894599595028484, 1024977221418341025, '长城', '13445657565', 'casj002', 11, '2022-10', 2, 1, 1575259393138438146, '2022-09-29 09:33:33', '2022-09-29 11:17:57'),
	(1579894599595028485, 1024977388880122881, '金元宝', '18374673467', 'jnkdy001', 11, '2022-10', 2, 1, 1575259393138438146, '2022-09-29 09:34:13', '2022-09-29 11:17:56'),
	(1579894599599222786, 1024977522992993473, '金开', '18374734736', 'jnkdy002', 11, '2022-10', 2, 1, 1575259393138438146, '2022-09-29 09:34:45', '2022-09-29 11:17:55'),
	(1579894599599222787, 1024977621806601633, '青青', '18273827382', 'qykdy001', 11, '2022-10', 2, 1, 1575259393138438146, '2022-09-29 09:35:08', '2022-09-29 11:18:18'),
	(1579894599599222788, 1024977719693268993, '青风', '18273872382', 'qykdy002', 11, '2022-10', 2, 1, 1575259393138438146, '2022-09-29 09:35:32', '2022-09-29 11:18:18'),
	(1579894599599222789, 1024984140988150081, '华亮', '18837473473', 'hdsj001', 11, '2022-10', 3, 1, 1575259393138438146, '2022-09-29 10:01:03', '2022-09-29 11:18:18'),
	(1579894599603417089, 1024984230121304705, '华明', '13454545454', 'hdsj002', 11, '2022-10', 3, 1, 1575259393138438146, '2022-09-29 10:01:24', '2022-09-29 11:18:18'),
	(1579894599603417090, 1024984365991588705, '海明月', '18566666667', 'shsj001', 11, '2022-10', 3, 1, 1575259393138438146, '2022-09-29 10:01:57', '2022-09-29 11:18:17'),
	(1579894599603417091, 1024984516357387297, '海阔', '18734736473', 'shsj002', 11, '2022-10', 3, 1, 1575259393138438146, '2022-09-29 10:02:32', '2022-09-29 11:18:17'),
	(1579894599603417092, 1024984720745821569, '周生生', '18776676767', 'hkkdy001', 11, '2022-10', 2, 1, 1575259393138438146, '2022-09-29 10:03:21', '2022-09-29 11:18:17'),
	(1579894599649554434, 1024984891772761697, '周生辰', '13434343434', 'hkkdy002', 11, '2022-10', 2, 1, 1575259393138438146, '2022-09-29 10:04:02', '2022-09-29 11:18:17'),
	(1579894600001875970, 1024985344870841121, '刘徽', '18737373647', 'pdkdy001', 11, '2022-10', 2, 1, 1575259393138438146, '2022-09-29 10:05:50', '2022-09-29 11:18:17'),
	(1579894600001875971, 1024985481462545409, '萧晏', '18737473647', 'pdkdy002', 11, '2022-10', 2, 1, 1575259393138438146, '2022-09-29 10:06:22', '2022-09-29 11:18:17'),
	(1579894600001875972, 1024985621531327777, '平秦王', '18723736473', 'hbsj001', 11, '2022-10', 3, 1, 1575259393138438146, '2022-09-29 10:06:56', '2022-09-29 11:18:48'),
	(1579894600006070274, 1024986076978217057, '长孙杰', '13987675455', 'hbsj002', 11, '2022-10', 3, 1, 1575259393138438146, '2022-09-29 10:08:44', '2022-09-29 11:18:48'),
	(1579894600006070275, 1024986455853892225, '漼时宜', '17898989565', 'bjsj002', 11, '2022-10', 3, 1, 1575259393138438146, '2022-09-29 10:10:15', '2022-09-29 11:18:48'),
	(1579894600006070276, 1024987310187482529, '宏晓誉', '18737437483', 'bjsj001', 11, '2022-10', 3, 1, 1575259393138438146, '2022-09-29 10:13:38', '2022-09-29 11:18:48'),
	(1579894600006070277, 1024987378881793537, '司沈阳', '13311111222', 'sysj001', 11, '2022-10', 3, 1, 1575259393138438146, '2022-09-29 10:13:57', '2022-09-29 11:18:48'),
	(1579894600006070278, 1024987860782158145, '顺意', '18734736473', 'sykdy001', 11, '2022-10', 2, 1, 1575259393138438146, '2022-09-29 10:15:50', '2022-09-29 11:18:48'),
	(1579894600006070279, 1024987931753976513, '顺心', '17647657465', 'sykdy002', 11, '2022-10', 2, 1, 1575259393138438146, '2022-09-29 10:16:07', '2022-09-29 11:18:48'),
	(1579894600006070280, 1024988097613534273, '景昌', '18784574758', 'cpkdy001', 11, '2022-10', 2, 1, 1575259393138438146, '2022-09-29 10:16:46', '2022-09-29 11:18:48'),
	(1579894600010264577, 1024988171324232993, '景元', '18783748374', 'cpkdy002', 11, '2022-10', 2, 1, 1575259393138438146, '2022-09-29 10:17:04', '2022-09-29 11:18:48'),
	(1579894600010264578, 1024988319861315553, '李和平', '13355554444', 'hpkdy001', 11, '2022-10', 2, 1, 1575347921490882562, '2022-09-29 10:17:39', '2022-09-29 16:06:11'),
	(1579894600010264579, 1024988498702245281, '李平和', '17788889999', 'hpkdy002', 11, '2022-10', 2, 1, 1575347921490882562, '2022-09-29 10:18:22', '2022-09-29 16:05:52'),
	(1579894600010264580, 1024988744815617761, '李姑皇', '17766667777', 'gukdy001', 11, '2022-10', 2, 1, 1575347921490882562, '2022-09-29 10:19:20', '2022-09-30 18:26:28'),
	(1579894600010264581, 1024989856838856577, '李皇姑', '18877776666', 'hgkdy002', 11, '2022-10', 2, 1, 1575347921490882562, '2022-09-29 10:23:46', '2022-09-30 18:28:37'),
	(1579894600010264582, 1024994498993865153, '司华中', '18877776666', 'hzsj', 11, '2022-10', 3, 1, 1575347921490882562, '2022-09-29 10:42:12', '2022-09-29 12:54:04'),
	(1579894600010264583, 1024994711959651169, '司武汉', '17788887777', 'whsj', 11, '2022-10', 3, 1, 1575347921490882562, '2022-09-29 10:43:03', '2022-09-29 15:55:24'),
	(1579894600014458882, 1024995063794648993, '李江汉', '17799990000', 'jhkdy001', 11, '2022-10', 2, 1, 1575347921490882562, '2022-09-29 10:44:27', '2022-09-29 12:54:04'),
	(1579894600014458883, 1024995257768626273, '李汉江', '17788882222', 'jhkdy002', 11, '2022-10', 2, 1, 1575347921490882562, '2022-09-29 10:45:13', '2022-10-06 09:50:15'),
	(1579894600014458884, 1024995991193013985, '李武昌', '18877778888', 'wckdy001', 11, '2022-10', 2, 1, 1575347921490882562, '2022-09-29 10:48:08', '2022-09-29 12:54:04'),
	(1579894600014458885, 1024996147695079329, '李昌武', '18877776666', 'wckdy002', 11, '2022-10', 2, 1, 1575347921490882562, '2022-09-29 10:48:45', '2022-09-29 12:54:04'),
	(1579894600014458886, 1024997316655995489, '司东北', '17788887777', 'dbsj', 11, '2022-10', 3, 1, 1575347921490882562, '2022-09-29 10:53:24', '2022-09-29 12:54:03'),
	(1579894600014458887, 1025074399029692449, '王和平', '17788887777', 'hpkdy003', 11, '2022-10', 2, 1, 1575347921490882562, '2022-09-29 15:59:42', '2022-09-29 16:01:07'),
	(1579894600014458888, 1025104059952247329, '司华南', '17788887777', 'hnsj001', 11, '2022-10', 3, 1, 1575258946549919745, '2022-09-29 17:57:36', '2022-10-06 09:40:21'),
	(1579894600018653186, 1025104550799061921, '司深圳', '18877776666', 'szsj001', 11, '2022-10', 3, 1, 1575258946549919745, '2022-09-29 17:59:31', '2022-10-06 09:40:21'),
	(1579894600018653187, 1025109259005971617, '王光明', '18877776666', 'gmkdy001', 11, '2022-10', 2, 1, 1575258946549919745, '2022-09-29 18:18:13', '2022-10-06 09:40:03'),
	(1579894600018653188, 1025110041134617825, '王保安', '18877776666', 'bakdy001', 11, '2022-10', 2, 1, 1575258946549919745, '2022-09-29 18:21:20', '2022-10-06 09:40:03'),
	(1579894600018653189, 1025110490961140193, '王明光', '16677779999', 'gmkdy002', 11, '2022-10', 2, 1, 1575258946549919745, '2022-09-29 18:23:07', '2022-10-06 09:40:02'),
	(1579894600018653190, 1025110675888003969, '王安宝', '16677776666', 'bakdy002', 11, '2022-10', 2, 1, 1575258946549919745, '2022-09-29 18:23:51', '2022-10-06 09:40:02'),
	(1579894600018653191, 1025110935532199265, '王越秀', '16688886666', 'yxkdy001', 11, '2022-10', 2, 1, 1575258946549919745, '2022-09-29 18:24:53', '2022-10-06 09:40:02'),
	(1579894600018653192, 1025111112225644097, '王华都', '17799995555', 'hdkdy001', 11, '2022-10', 2, 1, 1575258946549919745, '2022-09-29 18:25:37', '2022-10-06 09:40:02'),
	(1579894600022847490, 1025111247919767297, '王都花', '16677776666', 'hdkdy002', 11, '2022-10', 2, 1, 1575258946549919745, '2022-09-29 18:26:07', '2022-10-06 09:40:02'),
	(1579894600022847491, 1025111573938823425, '王秀越', '17788887777', 'yxkdy002', 11, '2022-10', 2, 1, 1575258946549919745, '2022-09-29 18:27:25', '2022-10-06 09:40:02'),
	(1579894600022847492, 1025112013736764417, '司广州', '18877770000', 'gzsj', 11, '2022-10', 3, 1, 1575258946549919745, '2022-09-29 18:29:10', '2022-10-06 09:40:01'),
	(1579894600022847493, 1025428687312684929, '张成飞', '18866666666', 'sl001', 11, '2022-10', 1, 1, 1575258946549919745, '2022-09-30 15:27:31', '2022-10-06 09:50:38'),
	(1580256987640983553, 1024738476802799553, '周一', '13571250987', 'xbsj001', 12, '2022-10', 3, 1, 1575259393138438146, '2022-09-28 17:44:52', '2022-09-29 11:16:37'),
	(1580256987645177858, 1024738594893428865, '周二', '18500224566', 'xbsj002', 12, '2022-10', 3, 1, 1575259393138438146, '2022-09-28 17:45:20', '2022-09-29 11:16:37'),
	(1580256987645177859, 1024741978908228513, '吴用', '18500766555', 'xnsj001', 12, '2022-10', 3, 1, 1575259393138438146, '2022-09-28 17:58:47', '2022-09-29 11:16:37'),
	(1580256987645177860, 1024742117286706369, '吴西', '18346766666', 'xnsj002', 12, '2022-10', 3, 1, 1575259393138438146, '2022-09-28 17:59:20', '2022-09-29 11:16:37'),
	(1580256987645177861, 1024742265953811937, '成功', '18950867777', 'cdsj001', 12, '2022-10', 3, 1, 1575259393138438146, '2022-09-28 17:59:55', '2022-09-29 11:17:58'),
	(1580256987645177862, 1024742403489234657, '成仁', '18394867666', 'cdsj002', 12, '2022-10', 3, 1, 1575259393138438146, '2022-09-28 18:00:28', '2022-09-29 11:17:58'),
	(1580256987867475969, 1024976390379916929, '西王', '18355544444', 'xasj001', 12, '2022-10', 3, 1, 1575259393138438146, '2022-09-29 09:30:15', '2022-09-29 11:17:58'),
	(1580256987867475970, 1024976605161836353, '西米', '17655555555', 'xasj002', 12, '2022-10', 3, 1, 1575259393138438146, '2022-09-29 09:31:06', '2022-09-29 11:17:58'),
	(1580256987871670274, 1024976781221941281, '贝林', '13434343434', 'blkdy001', 12, '2022-10', 2, 1, 1575259393138438146, '2022-09-29 09:31:48', '2022-09-29 11:17:58'),
	(1580256987871670275, 1024976941658263777, '贝小贝', '13433434544', 'blkdy002', 12, '2022-10', 2, 1, 1575259393138438146, '2022-09-29 09:32:27', '2022-09-29 11:17:57'),
	(1580256987871670276, 1024977078208025057, '长小名', '18364636473', 'casj001', 12, '2022-10', 2, 1, 1575259393138438146, '2022-09-29 09:32:59', '2022-09-29 11:17:57'),
	(1580256987871670277, 1024977221418341025, '长城', '13445657565', 'casj002', 12, '2022-10', 2, 1, 1575259393138438146, '2022-09-29 09:33:33', '2022-09-29 11:17:57'),
	(1580256987875864577, 1024977388880122881, '金元宝', '18374673467', 'jnkdy001', 12, '2022-10', 2, 1, 1575259393138438146, '2022-09-29 09:34:13', '2022-09-29 11:17:56'),
	(1580256987875864578, 1024977522992993473, '金开', '18374734736', 'jnkdy002', 12, '2022-10', 2, 1, 1575259393138438146, '2022-09-29 09:34:45', '2022-09-29 11:17:55'),
	(1580256987875864579, 1024977621806601633, '青青', '18273827382', 'qykdy001', 12, '2022-10', 2, 1, 1575259393138438146, '2022-09-29 09:35:08', '2022-09-29 11:18:18'),
	(1580256987880058881, 1024977719693268993, '青风', '18273872382', 'qykdy002', 12, '2022-10', 2, 1, 1575259393138438146, '2022-09-29 09:35:32', '2022-09-29 11:18:18'),
	(1580256987880058882, 1024984140988150081, '华亮', '18837473473', 'hdsj001', 12, '2022-10', 3, 1, 1575259393138438146, '2022-09-29 10:01:03', '2022-09-29 11:18:18'),
	(1580256987880058883, 1024984230121304705, '华明', '13454545454', 'hdsj002', 12, '2022-10', 3, 1, 1575259393138438146, '2022-09-29 10:01:24', '2022-09-29 11:18:18'),
	(1580256987880058884, 1024984365991588705, '海明月', '18566666667', 'shsj001', 12, '2022-10', 3, 1, 1575259393138438146, '2022-09-29 10:01:57', '2022-09-29 11:18:17'),
	(1580256987884253185, 1024984516357387297, '海阔', '18734736473', 'shsj002', 12, '2022-10', 3, 1, 1575259393138438146, '2022-09-29 10:02:32', '2022-09-29 11:18:17'),
	(1580256987884253186, 1024984720745821569, '周生生', '18776676767', 'hkkdy001', 12, '2022-10', 2, 1, 1575259393138438146, '2022-09-29 10:03:21', '2022-09-29 11:18:17'),
	(1580256987884253187, 1024984891772761697, '周生辰', '13434343434', 'hkkdy002', 12, '2022-10', 2, 1, 1575259393138438146, '2022-09-29 10:04:02', '2022-09-29 11:18:17'),
	(1580256987884253188, 1024985344870841121, '刘徽', '18737373647', 'pdkdy001', 12, '2022-10', 2, 1, 1575259393138438146, '2022-09-29 10:05:50', '2022-09-29 11:18:17'),
	(1580256987884253189, 1024985481462545409, '萧晏', '18737473647', 'pdkdy002', 12, '2022-10', 2, 1, 1575259393138438146, '2022-09-29 10:06:22', '2022-09-29 11:18:17'),
	(1580256987888447489, 1024985621531327777, '平秦王', '18723736473', 'hbsj001', 12, '2022-10', 3, 1, 1575259393138438146, '2022-09-29 10:06:56', '2022-09-29 11:18:48'),
	(1580256987888447490, 1024986076978217057, '长孙杰', '13987675455', 'hbsj002', 12, '2022-10', 3, 1, 1575259393138438146, '2022-09-29 10:08:44', '2022-09-29 11:18:48'),
	(1580256987888447491, 1024986455853892225, '漼时宜', '17898989565', 'bjsj002', 12, '2022-10', 3, 1, 1575259393138438146, '2022-09-29 10:10:15', '2022-09-29 11:18:48'),
	(1580256987888447492, 1024987310187482529, '宏晓誉', '18737437483', 'bjsj001', 12, '2022-10', 3, 1, 1575259393138438146, '2022-09-29 10:13:38', '2022-09-29 11:18:48'),
	(1580256988291100673, 1024987378881793537, '司沈阳', '13311111222', 'sysj001', 12, '2022-10', 3, 1, 1575259393138438146, '2022-09-29 10:13:57', '2022-09-29 11:18:48'),
	(1580256988295294978, 1024987860782158145, '顺意', '18734736473', 'sykdy001', 12, '2022-10', 2, 1, 1575259393138438146, '2022-09-29 10:15:50', '2022-09-29 11:18:48'),
	(1580256988295294979, 1024987931753976513, '顺心', '17647657465', 'sykdy002', 12, '2022-10', 2, 1, 1575259393138438146, '2022-09-29 10:16:07', '2022-09-29 11:18:48'),
	(1580256988295294980, 1024988097613534273, '景昌', '18784574758', 'cpkdy001', 12, '2022-10', 2, 1, 1575259393138438146, '2022-09-29 10:16:46', '2022-09-29 11:18:48'),
	(1580256988295294981, 1024988171324232993, '景元', '18783748374', 'cpkdy002', 12, '2022-10', 2, 1, 1575259393138438146, '2022-09-29 10:17:04', '2022-09-29 11:18:48'),
	(1580256988299489281, 1024988319861315553, '李和平', '13355554444', 'hpkdy001', 12, '2022-10', 2, 1, 1575347921490882562, '2022-09-29 10:17:39', '2022-09-29 16:06:11'),
	(1580256988299489282, 1024988498702245281, '李平和', '17788889999', 'hpkdy002', 12, '2022-10', 2, 1, 1575347921490882562, '2022-09-29 10:18:22', '2022-09-29 16:05:52'),
	(1580256988299489283, 1024988744815617761, '李姑皇', '17766667777', 'gukdy001', 12, '2022-10', 2, 1, 1575347921490882562, '2022-09-29 10:19:20', '2022-09-30 18:26:28'),
	(1580256988299489284, 1024989856838856577, '李皇姑', '18877776666', 'hgkdy002', 12, '2022-10', 2, 1, 1575347921490882562, '2022-09-29 10:23:46', '2022-09-30 18:28:37'),
	(1580256988303683586, 1024994498993865153, '司华中', '18877776666', 'hzsj', 12, '2022-10', 3, 1, 1575347921490882562, '2022-09-29 10:42:12', '2022-09-29 12:54:04'),
	(1580256988303683587, 1024994711959651169, '司武汉', '17788887777', 'whsj', 12, '2022-10', 3, 1, 1575347921490882562, '2022-09-29 10:43:03', '2022-09-29 15:55:24'),
	(1580256988303683588, 1024995063794648993, '李江汉', '17799990000', 'jhkdy001', 12, '2022-10', 2, 1, 1575347921490882562, '2022-09-29 10:44:27', '2022-09-29 12:54:04'),
	(1580256988303683589, 1024995257768626273, '李汉江', '17788882222', 'jhkdy002', 12, '2022-10', 2, 1, 1575347921490882562, '2022-09-29 10:45:13', '2022-10-06 09:50:15'),
	(1580256988303683590, 1024995991193013985, '李武昌', '18877778888', 'wckdy001', 12, '2022-10', 2, 1, 1575347921490882562, '2022-09-29 10:48:08', '2022-09-29 12:54:04'),
	(1580256988307877890, 1024996147695079329, '李昌武', '18877776666', 'wckdy002', 12, '2022-10', 2, 1, 1575347921490882562, '2022-09-29 10:48:45', '2022-09-29 12:54:04'),
	(1580256988307877891, 1024997316655995489, '司东北', '17788887777', 'dbsj', 12, '2022-10', 3, 1, 1575347921490882562, '2022-09-29 10:53:24', '2022-09-29 12:54:03'),
	(1580256988307877892, 1025074399029692449, '王和平', '17788887777', 'hpkdy003', 12, '2022-10', 2, 1, 1575347921490882562, '2022-09-29 15:59:42', '2022-09-29 16:01:07'),
	(1580256988307877893, 1025104059952247329, '司华南', '17788887777', 'hnsj001', 12, '2022-10', 3, 1, 1575258946549919745, '2022-09-29 17:57:36', '2022-10-06 09:40:21'),
	(1580256988312072194, 1025104550799061921, '司深圳', '18877776666', 'szsj001', 12, '2022-10', 3, 1, 1575258946549919745, '2022-09-29 17:59:31', '2022-10-06 09:40:21'),
	(1580256988312072195, 1025109259005971617, '王光明', '18877776666', 'gmkdy001', 12, '2022-10', 2, 1, 1575258946549919745, '2022-09-29 18:18:13', '2022-10-06 09:40:03'),
	(1580256988312072196, 1025110041134617825, '王保安', '18877776666', 'bakdy001', 12, '2022-10', 2, 1, 1575258946549919745, '2022-09-29 18:21:20', '2022-10-06 09:40:03'),
	(1580256988312072197, 1025110490961140193, '王明光', '16677779999', 'gmkdy002', 12, '2022-10', 2, 1, 1575258946549919745, '2022-09-29 18:23:07', '2022-10-06 09:40:02'),
	(1580256988316266498, 1025110675888003969, '王安宝', '16677776666', 'bakdy002', 12, '2022-10', 2, 1, 1575258946549919745, '2022-09-29 18:23:51', '2022-10-06 09:40:02'),
	(1580256988316266499, 1025110935532199265, '王越秀', '16688886666', 'yxkdy001', 12, '2022-10', 2, 1, 1575258946549919745, '2022-09-29 18:24:53', '2022-10-06 09:40:02'),
	(1580256988316266500, 1025111112225644097, '王华都', '17799995555', 'hdkdy001', 12, '2022-10', 2, 1, 1575258946549919745, '2022-09-29 18:25:37', '2022-10-06 09:40:02'),
	(1580256988316266501, 1025111247919767297, '王都花', '16677776666', 'hdkdy002', 12, '2022-10', 2, 1, 1575258946549919745, '2022-09-29 18:26:07', '2022-10-06 09:40:02'),
	(1580256988702142465, 1025111573938823425, '王秀越', '17788887777', 'yxkdy002', 12, '2022-10', 2, 1, 1575258946549919745, '2022-09-29 18:27:25', '2022-10-06 09:40:02'),
	(1580256988702142466, 1025112013736764417, '司广州', '18877770000', 'gzsj', 12, '2022-10', 3, 1, 1575258946549919745, '2022-09-29 18:29:10', '2022-10-06 09:40:01'),
	(1580256988702142467, 1025428687312684929, '张成飞', '18866666666', 'sl001', 12, '2022-10', 1, 1, 1575258946549919745, '2022-09-30 15:27:31', '2022-10-06 09:50:38'),
	(1580619375423205378, 1024738476802799553, '周一', '13571250987', 'xbsj001', 13, '2022-10', 3, 1, 1575259393138438146, '2022-09-28 17:44:52', '2022-09-29 11:16:37'),
	(1580619375427399682, 1024738594893428865, '周二', '18500224566', 'xbsj002', 13, '2022-10', 3, 1, 1575259393138438146, '2022-09-28 17:45:20', '2022-09-29 11:16:37'),
	(1580619375834247169, 1024741978908228513, '吴用', '18500766555', 'xnsj001', 13, '2022-10', 3, 1, 1575259393138438146, '2022-09-28 17:58:47', '2022-09-29 11:16:37'),
	(1580619375834247170, 1024742117286706369, '吴西', '18346766666', 'xnsj002', 13, '2022-10', 3, 1, 1575259393138438146, '2022-09-28 17:59:20', '2022-09-29 11:16:37'),
	(1580619375838441473, 1024742265953811937, '成功', '18950867777', 'cdsj001', 13, '2022-10', 3, 1, 1575259393138438146, '2022-09-28 17:59:55', '2022-09-29 11:17:58'),
	(1580619375842635777, 1024742403489234657, '成仁', '18394867666', 'cdsj002', 13, '2022-10', 3, 1, 1575259393138438146, '2022-09-28 18:00:28', '2022-09-29 11:17:58'),
	(1580619375846830082, 1024976390379916929, '西王', '18355544444', 'xasj001', 13, '2022-10', 3, 1, 1575259393138438146, '2022-09-29 09:30:15', '2022-09-29 11:17:58'),
	(1580619375851024386, 1024976605161836353, '西米', '17655555555', 'xasj002', 13, '2022-10', 3, 1, 1575259393138438146, '2022-09-29 09:31:06', '2022-09-29 11:17:58'),
	(1580619375851024387, 1024976781221941281, '贝林', '13434343434', 'blkdy001', 13, '2022-10', 2, 1, 1575259393138438146, '2022-09-29 09:31:48', '2022-09-29 11:17:58'),
	(1580619375851024388, 1024976941658263777, '贝小贝', '13433434544', 'blkdy002', 13, '2022-10', 2, 1, 1575259393138438146, '2022-09-29 09:32:27', '2022-09-29 11:17:57'),
	(1580619375855218690, 1024977078208025057, '长小名', '18364636473', 'casj001', 13, '2022-10', 2, 1, 1575259393138438146, '2022-09-29 09:32:59', '2022-09-29 11:17:57'),
	(1580619375855218691, 1024977221418341025, '长城', '13445657565', 'casj002', 13, '2022-10', 2, 1, 1575259393138438146, '2022-09-29 09:33:33', '2022-09-29 11:17:57'),
	(1580619375855218692, 1024977388880122881, '金元宝', '18374673467', 'jnkdy001', 13, '2022-10', 2, 1, 1575259393138438146, '2022-09-29 09:34:13', '2022-09-29 11:17:56'),
	(1580619375855218693, 1024977522992993473, '金开', '18374734736', 'jnkdy002', 13, '2022-10', 2, 1, 1575259393138438146, '2022-09-29 09:34:45', '2022-09-29 11:17:55'),
	(1580619375855218694, 1024977621806601633, '青青', '18273827382', 'qykdy001', 13, '2022-10', 2, 1, 1575259393138438146, '2022-09-29 09:35:08', '2022-09-29 11:18:18'),
	(1580619375855218695, 1024977719693268993, '青风', '18273872382', 'qykdy002', 13, '2022-10', 2, 1, 1575259393138438146, '2022-09-29 09:35:32', '2022-09-29 11:18:18'),
	(1580619375859412993, 1024984140988150081, '华亮', '18837473473', 'hdsj001', 13, '2022-10', 3, 1, 1575259393138438146, '2022-09-29 10:01:03', '2022-09-29 11:18:18'),
	(1580619375859412994, 1024984230121304705, '华明', '13454545454', 'hdsj002', 13, '2022-10', 3, 1, 1575259393138438146, '2022-09-29 10:01:24', '2022-09-29 11:18:18'),
	(1580619375859412995, 1024984365991588705, '海明月', '18566666667', 'shsj001', 13, '2022-10', 3, 1, 1575259393138438146, '2022-09-29 10:01:57', '2022-09-29 11:18:17'),
	(1580619375859412996, 1024984516357387297, '海阔', '18734736473', 'shsj002', 13, '2022-10', 3, 1, 1575259393138438146, '2022-09-29 10:02:32', '2022-09-29 11:18:17'),
	(1580619375859412997, 1024984720745821569, '周生生', '18776676767', 'hkkdy001', 13, '2022-10', 2, 1, 1575259393138438146, '2022-09-29 10:03:21', '2022-09-29 11:18:17'),
	(1580619375859412998, 1024984891772761697, '周生辰', '13434343434', 'hkkdy002', 13, '2022-10', 2, 1, 1575259393138438146, '2022-09-29 10:04:02', '2022-09-29 11:18:17'),
	(1580619375863607297, 1024985344870841121, '刘徽', '18737373647', 'pdkdy001', 13, '2022-10', 2, 1, 1575259393138438146, '2022-09-29 10:05:50', '2022-09-29 11:18:17'),
	(1580619375863607298, 1024985481462545409, '萧晏', '18737473647', 'pdkdy002', 13, '2022-10', 2, 1, 1575259393138438146, '2022-09-29 10:06:22', '2022-09-29 11:18:17'),
	(1580619375863607299, 1024985621531327777, '平秦王', '18723736473', 'hbsj001', 13, '2022-10', 3, 1, 1575259393138438146, '2022-09-29 10:06:56', '2022-09-29 11:18:48'),
	(1580619375863607300, 1024986076978217057, '长孙杰', '13987675455', 'hbsj002', 13, '2022-10', 3, 1, 1575259393138438146, '2022-09-29 10:08:44', '2022-09-29 11:18:48'),
	(1580619375863607301, 1024986455853892225, '漼时宜', '17898989565', 'bjsj002', 13, '2022-10', 3, 1, 1575259393138438146, '2022-09-29 10:10:15', '2022-09-29 11:18:48'),
	(1580619375867801601, 1024987310187482529, '宏晓誉', '18737437483', 'bjsj001', 13, '2022-10', 3, 1, 1575259393138438146, '2022-09-29 10:13:38', '2022-09-29 11:18:48'),
	(1580619375867801602, 1024987378881793537, '司沈阳', '13311111222', 'sysj001', 13, '2022-10', 3, 1, 1575259393138438146, '2022-09-29 10:13:57', '2022-09-29 11:18:48'),
	(1580619375867801603, 1024987860782158145, '顺意', '18734736473', 'sykdy001', 13, '2022-10', 2, 1, 1575259393138438146, '2022-09-29 10:15:50', '2022-09-29 11:18:48'),
	(1580619375867801604, 1024987931753976513, '顺心', '17647657465', 'sykdy002', 13, '2022-10', 2, 1, 1575259393138438146, '2022-09-29 10:16:07', '2022-09-29 11:18:48'),
	(1580619375867801605, 1024988097613534273, '景昌', '18784574758', 'cpkdy001', 13, '2022-10', 2, 1, 1575259393138438146, '2022-09-29 10:16:46', '2022-09-29 11:18:48'),
	(1580619375871995905, 1024988171324232993, '景元', '18783748374', 'cpkdy002', 13, '2022-10', 2, 1, 1575259393138438146, '2022-09-29 10:17:04', '2022-09-29 11:18:48'),
	(1580619375871995906, 1024988319861315553, '李和平', '13355554444', 'hpkdy001', 13, '2022-10', 2, 1, 1575347921490882562, '2022-09-29 10:17:39', '2022-09-29 16:06:11'),
	(1580619375871995907, 1024988498702245281, '李平和', '17788889999', 'hpkdy002', 13, '2022-10', 2, 1, 1575347921490882562, '2022-09-29 10:18:22', '2022-09-29 16:05:52'),
	(1580619375871995908, 1024988744815617761, '李姑皇', '17766667777', 'gukdy001', 13, '2022-10', 2, 1, 1575347921490882562, '2022-09-29 10:19:20', '2022-09-30 18:26:28'),
	(1580619375871995909, 1024989856838856577, '李皇姑', '18877776666', 'hgkdy002', 13, '2022-10', 2, 1, 1575347921490882562, '2022-09-29 10:23:46', '2022-09-30 18:28:37'),
	(1580619375871995910, 1024994498993865153, '司华中', '18877776666', 'hzsj', 13, '2022-10', 3, 1, 1575347921490882562, '2022-09-29 10:42:12', '2022-09-29 12:54:04'),
	(1580619375876190209, 1024994711959651169, '司武汉', '17788887777', 'whsj', 13, '2022-10', 3, 1, 1575347921490882562, '2022-09-29 10:43:03', '2022-09-29 15:55:24'),
	(1580619375876190210, 1024995063794648993, '李江汉', '17799990000', 'jhkdy001', 13, '2022-10', 2, 1, 1575347921490882562, '2022-09-29 10:44:27', '2022-09-29 12:54:04'),
	(1580619375876190211, 1024995257768626273, '李汉江', '17788882222', 'jhkdy002', 13, '2022-10', 2, 1, 1575347921490882562, '2022-09-29 10:45:13', '2022-10-06 09:50:15'),
	(1580619375876190212, 1024995991193013985, '李武昌', '18877778888', 'wckdy001', 13, '2022-10', 2, 1, 1575347921490882562, '2022-09-29 10:48:08', '2022-09-29 12:54:04'),
	(1580619375876190213, 1024996147695079329, '李昌武', '18877776666', 'wckdy002', 13, '2022-10', 2, 1, 1575347921490882562, '2022-09-29 10:48:45', '2022-09-29 12:54:04'),
	(1580619375876190214, 1024997316655995489, '司东北', '17788887777', 'dbsj', 13, '2022-10', 3, 1, 1575347921490882562, '2022-09-29 10:53:24', '2022-09-29 12:54:03'),
	(1580619375876190215, 1025074399029692449, '王和平', '17788887777', 'hpkdy003', 13, '2022-10', 2, 1, 1575347921490882562, '2022-09-29 15:59:42', '2022-09-29 16:01:07'),
	(1580619375876190216, 1025104059952247329, '司华南', '17788887777', 'hnsj001', 13, '2022-10', 3, 1, 1575258946549919745, '2022-09-29 17:57:36', '2022-10-06 09:40:21'),
	(1580619375876190217, 1025104550799061921, '司深圳', '18877776666', 'szsj001', 13, '2022-10', 3, 1, 1575258946549919745, '2022-09-29 17:59:31', '2022-10-06 09:40:21'),
	(1580619375876190218, 1025109259005971617, '王光明', '18877776666', 'gmkdy001', 13, '2022-10', 2, 1, 1575258946549919745, '2022-09-29 18:18:13', '2022-10-06 09:40:03'),
	(1580619375876190219, 1025110041134617825, '王保安', '18877776666', 'bakdy001', 13, '2022-10', 2, 1, 1575258946549919745, '2022-09-29 18:21:20', '2022-10-06 09:40:03'),
	(1580619376253677569, 1025110490961140193, '王明光', '16677779999', 'gmkdy002', 13, '2022-10', 2, 1, 1575258946549919745, '2022-09-29 18:23:07', '2022-10-06 09:40:02'),
	(1580619376253677570, 1025110675888003969, '王安宝', '16677776666', 'bakdy002', 13, '2022-10', 2, 1, 1575258946549919745, '2022-09-29 18:23:51', '2022-10-06 09:40:02'),
	(1580619376253677571, 1025110935532199265, '王越秀', '16688886666', 'yxkdy001', 13, '2022-10', 2, 1, 1575258946549919745, '2022-09-29 18:24:53', '2022-10-06 09:40:02'),
	(1580619376257871873, 1025111112225644097, '王华都', '17799995555', 'hdkdy001', 13, '2022-10', 2, 1, 1575258946549919745, '2022-09-29 18:25:37', '2022-10-06 09:40:02'),
	(1580619376257871874, 1025111247919767297, '王都花', '16677776666', 'hdkdy002', 13, '2022-10', 2, 1, 1575258946549919745, '2022-09-29 18:26:07', '2022-10-06 09:40:02'),
	(1580619376257871875, 1025111573938823425, '王秀越', '17788887777', 'yxkdy002', 13, '2022-10', 2, 1, 1575258946549919745, '2022-09-29 18:27:25', '2022-10-06 09:40:02'),
	(1580619376257871876, 1025112013736764417, '司广州', '18877770000', 'gzsj', 13, '2022-10', 3, 1, 1575258946549919745, '2022-09-29 18:29:10', '2022-10-06 09:40:01'),
	(1580619376262066178, 1025428687312684929, '张成飞', '18866666666', 'sl001', 13, '2022-10', 1, 1, 1575258946549919745, '2022-09-30 15:27:31', '2022-10-06 09:50:38'),
	(1580981762919706626, 1024738476802799553, '周一', '13571250987', 'xbsj001', 14, '2022-10', 3, 1, 1575259393138438146, '2022-09-28 17:44:52', '2022-09-29 11:16:37'),
	(1580981763280416770, 1024738594893428865, '周二', '18500224566', 'xbsj002', 14, '2022-10', 3, 1, 1575259393138438146, '2022-09-28 17:45:20', '2022-09-29 11:16:37'),
	(1580981763280416771, 1024741978908228513, '吴用', '18500766555', 'xnsj001', 14, '2022-10', 3, 1, 1575259393138438146, '2022-09-28 17:58:47', '2022-09-29 11:16:37'),
	(1580981763280416772, 1024742117286706369, '吴西', '18346766666', 'xnsj002', 14, '2022-10', 3, 1, 1575259393138438146, '2022-09-28 17:59:20', '2022-09-29 11:16:37'),
	(1580981763280416773, 1024742265953811937, '成功', '18950867777', 'cdsj001', 14, '2022-10', 3, 1, 1575259393138438146, '2022-09-28 17:59:55', '2022-09-29 11:17:58'),
	(1580981763280416774, 1024742403489234657, '成仁', '18394867666', 'cdsj002', 14, '2022-10', 3, 1, 1575259393138438146, '2022-09-28 18:00:28', '2022-09-29 11:17:58'),
	(1580981763284611073, 1024976390379916929, '西王', '18355544444', 'xasj001', 14, '2022-10', 3, 1, 1575259393138438146, '2022-09-29 09:30:15', '2022-09-29 11:17:58'),
	(1580981763284611074, 1024976605161836353, '西米', '17655555555', 'xasj002', 14, '2022-10', 3, 1, 1575259393138438146, '2022-09-29 09:31:06', '2022-09-29 11:17:58'),
	(1580981763284611075, 1024976781221941281, '贝林', '13434343434', 'blkdy001', 14, '2022-10', 2, 1, 1575259393138438146, '2022-09-29 09:31:48', '2022-09-29 11:17:58'),
	(1580981763284611076, 1024976941658263777, '贝小贝', '13433434544', 'blkdy002', 14, '2022-10', 2, 1, 1575259393138438146, '2022-09-29 09:32:27', '2022-09-29 11:17:57'),
	(1580981763288805377, 1024977078208025057, '长小名', '18364636473', 'casj001', 14, '2022-10', 2, 1, 1575259393138438146, '2022-09-29 09:32:59', '2022-09-29 11:17:57'),
	(1580981763288805378, 1024977221418341025, '长城', '13445657565', 'casj002', 14, '2022-10', 2, 1, 1575259393138438146, '2022-09-29 09:33:33', '2022-09-29 11:17:57'),
	(1580981763288805379, 1024977388880122881, '金元宝', '18374673467', 'jnkdy001', 14, '2022-10', 2, 1, 1575259393138438146, '2022-09-29 09:34:13', '2022-09-29 11:17:56'),
	(1580981763288805380, 1024977522992993473, '金开', '18374734736', 'jnkdy002', 14, '2022-10', 2, 1, 1575259393138438146, '2022-09-29 09:34:45', '2022-09-29 11:17:55'),
	(1580981763288805381, 1024977621806601633, '青青', '18273827382', 'qykdy001', 14, '2022-10', 2, 1, 1575259393138438146, '2022-09-29 09:35:08', '2022-09-29 11:18:18'),
	(1580981763288805382, 1024977719693268993, '青风', '18273872382', 'qykdy002', 14, '2022-10', 2, 1, 1575259393138438146, '2022-09-29 09:35:32', '2022-09-29 11:18:18'),
	(1580981763292999681, 1024984140988150081, '华亮', '18837473473', 'hdsj001', 14, '2022-10', 3, 1, 1575259393138438146, '2022-09-29 10:01:03', '2022-09-29 11:18:18'),
	(1580981763292999682, 1024984230121304705, '华明', '13454545454', 'hdsj002', 14, '2022-10', 3, 1, 1575259393138438146, '2022-09-29 10:01:24', '2022-09-29 11:18:18'),
	(1580981763292999683, 1024984365991588705, '海明月', '18566666667', 'shsj001', 14, '2022-10', 3, 1, 1575259393138438146, '2022-09-29 10:01:57', '2022-09-29 11:18:17'),
	(1580981763292999684, 1024984516357387297, '海阔', '18734736473', 'shsj002', 14, '2022-10', 3, 1, 1575259393138438146, '2022-09-29 10:02:32', '2022-09-29 11:18:17'),
	(1580981763292999685, 1024984720745821569, '周生生', '18776676767', 'hkkdy001', 14, '2022-10', 2, 1, 1575259393138438146, '2022-09-29 10:03:21', '2022-09-29 11:18:17'),
	(1580981763292999686, 1024984891772761697, '周生辰', '13434343434', 'hkkdy002', 14, '2022-10', 2, 1, 1575259393138438146, '2022-09-29 10:04:02', '2022-09-29 11:18:17'),
	(1580981763292999687, 1024985344870841121, '刘徽', '18737373647', 'pdkdy001', 14, '2022-10', 2, 1, 1575259393138438146, '2022-09-29 10:05:50', '2022-09-29 11:18:17'),
	(1580981763297193986, 1024985481462545409, '萧晏', '18737473647', 'pdkdy002', 14, '2022-10', 2, 1, 1575259393138438146, '2022-09-29 10:06:22', '2022-09-29 11:18:17'),
	(1580981763297193987, 1024985621531327777, '平秦王', '18723736473', 'hbsj001', 14, '2022-10', 3, 1, 1575259393138438146, '2022-09-29 10:06:56', '2022-09-29 11:18:48'),
	(1580981763297193988, 1024986076978217057, '长孙杰', '13987675455', 'hbsj002', 14, '2022-10', 3, 1, 1575259393138438146, '2022-09-29 10:08:44', '2022-09-29 11:18:48'),
	(1580981763297193989, 1024986455853892225, '漼时宜', '17898989565', 'bjsj002', 14, '2022-10', 3, 1, 1575259393138438146, '2022-09-29 10:10:15', '2022-09-29 11:18:48'),
	(1580981763297193990, 1024987310187482529, '宏晓誉', '18737437483', 'bjsj001', 14, '2022-10', 3, 1, 1575259393138438146, '2022-09-29 10:13:38', '2022-09-29 11:18:48'),
	(1580981763297193991, 1024987378881793537, '司沈阳', '13311111222', 'sysj001', 14, '2022-10', 3, 1, 1575259393138438146, '2022-09-29 10:13:57', '2022-09-29 11:18:48'),
	(1580981763297193992, 1024987860782158145, '顺意', '18734736473', 'sykdy001', 14, '2022-10', 2, 1, 1575259393138438146, '2022-09-29 10:15:50', '2022-09-29 11:18:48'),
	(1580981763297193993, 1024987931753976513, '顺心', '17647657465', 'sykdy002', 14, '2022-10', 2, 1, 1575259393138438146, '2022-09-29 10:16:07', '2022-09-29 11:18:48'),
	(1580981763301388289, 1024988097613534273, '景昌', '18784574758', 'cpkdy001', 14, '2022-10', 2, 1, 1575259393138438146, '2022-09-29 10:16:46', '2022-09-29 11:18:48'),
	(1580981763301388290, 1024988171324232993, '景元', '18783748374', 'cpkdy002', 14, '2022-10', 2, 1, 1575259393138438146, '2022-09-29 10:17:04', '2022-09-29 11:18:48'),
	(1580981763301388291, 1024988319861315553, '李和平', '13355554444', 'hpkdy001', 14, '2022-10', 2, 1, 1575347921490882562, '2022-09-29 10:17:39', '2022-09-29 16:06:11'),
	(1580981763301388292, 1024988498702245281, '李平和', '17788889999', 'hpkdy002', 14, '2022-10', 2, 1, 1575347921490882562, '2022-09-29 10:18:22', '2022-09-29 16:05:52'),
	(1580981763301388293, 1024988744815617761, '李姑皇', '17766667777', 'gukdy001', 14, '2022-10', 2, 1, 1575347921490882562, '2022-09-29 10:19:20', '2022-09-30 18:26:28'),
	(1580981763301388294, 1024989856838856577, '李皇姑', '18877776666', 'hgkdy002', 14, '2022-10', 2, 1, 1575347921490882562, '2022-09-29 10:23:46', '2022-09-30 18:28:37'),
	(1580981763301388295, 1024994498993865153, '司华中', '18877776666', 'hzsj', 14, '2022-10', 3, 1, 1575347921490882562, '2022-09-29 10:42:12', '2022-09-29 12:54:04'),
	(1580981763305582594, 1024994711959651169, '司武汉', '17788887777', 'whsj', 14, '2022-10', 3, 1, 1575347921490882562, '2022-09-29 10:43:03', '2022-09-29 15:55:24'),
	(1580981763305582595, 1024995063794648993, '李江汉', '17799990000', 'jhkdy001', 14, '2022-10', 2, 1, 1575347921490882562, '2022-09-29 10:44:27', '2022-09-29 12:54:04'),
	(1580981763305582596, 1024995257768626273, '李汉江', '17788882222', 'jhkdy002', 14, '2022-10', 2, 1, 1575347921490882562, '2022-09-29 10:45:13', '2022-10-06 09:50:15'),
	(1580981763305582597, 1024995991193013985, '李武昌', '18877778888', 'wckdy001', 14, '2022-10', 2, 1, 1575347921490882562, '2022-09-29 10:48:08', '2022-09-29 12:54:04'),
	(1580981763305582598, 1024996147695079329, '李昌武', '18877776666', 'wckdy002', 14, '2022-10', 2, 1, 1575347921490882562, '2022-09-29 10:48:45', '2022-09-29 12:54:04'),
	(1580981763305582599, 1024997316655995489, '司东北', '17788887777', 'dbsj', 14, '2022-10', 3, 1, 1575347921490882562, '2022-09-29 10:53:24', '2022-09-29 12:54:03'),
	(1580981763305582600, 1025074399029692449, '王和平', '17788887777', 'hpkdy003', 14, '2022-10', 2, 1, 1575347921490882562, '2022-09-29 15:59:42', '2022-09-29 16:01:07'),
	(1580981763309776897, 1025104059952247329, '司华南', '17788887777', 'hnsj001', 14, '2022-10', 3, 1, 1575258946549919745, '2022-09-29 17:57:36', '2022-10-06 09:40:21'),
	(1580981763309776898, 1025104550799061921, '司深圳', '18877776666', 'szsj001', 14, '2022-10', 3, 1, 1575258946549919745, '2022-09-29 17:59:31', '2022-10-06 09:40:21'),
	(1580981763309776899, 1025109259005971617, '王光明', '18877776666', 'gmkdy001', 14, '2022-10', 2, 1, 1575258946549919745, '2022-09-29 18:18:13', '2022-10-06 09:40:03'),
	(1580981763309776900, 1025110041134617825, '王保安', '18877776666', 'bakdy001', 14, '2022-10', 2, 1, 1575258946549919745, '2022-09-29 18:21:20', '2022-10-06 09:40:03'),
	(1580981763309776901, 1025110490961140193, '王明光', '16677779999', 'gmkdy002', 14, '2022-10', 2, 1, 1575258946549919745, '2022-09-29 18:23:07', '2022-10-06 09:40:02'),
	(1580981763309776902, 1025110675888003969, '王安宝', '16677776666', 'bakdy002', 14, '2022-10', 2, 1, 1575258946549919745, '2022-09-29 18:23:51', '2022-10-06 09:40:02'),
	(1580981763309776903, 1025110935532199265, '王越秀', '16688886666', 'yxkdy001', 14, '2022-10', 2, 1, 1575258946549919745, '2022-09-29 18:24:53', '2022-10-06 09:40:02'),
	(1580981763309776904, 1025111112225644097, '王华都', '17799995555', 'hdkdy001', 14, '2022-10', 2, 1, 1575258946549919745, '2022-09-29 18:25:37', '2022-10-06 09:40:02'),
	(1580981763313971201, 1025111247919767297, '王都花', '16677776666', 'hdkdy002', 14, '2022-10', 2, 1, 1575258946549919745, '2022-09-29 18:26:07', '2022-10-06 09:40:02'),
	(1580981763313971202, 1025111573938823425, '王秀越', '17788887777', 'yxkdy002', 14, '2022-10', 2, 1, 1575258946549919745, '2022-09-29 18:27:25', '2022-10-06 09:40:02'),
	(1580981763313971203, 1025112013736764417, '司广州', '18877770000', 'gzsj', 14, '2022-10', 3, 1, 1575258946549919745, '2022-09-29 18:29:10', '2022-10-06 09:40:01'),
	(1580981763313971204, 1025428687312684929, '张成飞', '18866666666', 'sl001', 14, '2022-10', 1, 1, 1575258946549919745, '2022-09-30 15:27:31', '2022-10-06 09:50:38'),
	(1581344155218685954, 1024738476802799553, '周一', '13571250987', 'xbsj001', 15, '2022-10', 3, 1, 1575259393138438146, '2022-09-28 17:44:52', '2022-09-29 11:16:37'),
	(1581344155222880258, 1024738594893428865, '周二', '18500224566', 'xbsj002', 15, '2022-10', 3, 1, 1575259393138438146, '2022-09-28 17:45:20', '2022-09-29 11:16:37'),
	(1581344155222880259, 1024741978908228513, '吴用', '18500766555', 'xnsj001', 15, '2022-10', 3, 1, 1575259393138438146, '2022-09-28 17:58:47', '2022-09-29 11:16:37'),
	(1581344155222880260, 1024742117286706369, '吴西', '18346766666', 'xnsj002', 15, '2022-10', 3, 1, 1575259393138438146, '2022-09-28 17:59:20', '2022-09-29 11:16:37'),
	(1581344155222880261, 1024742265953811937, '成功', '18950867777', 'cdsj001', 15, '2022-10', 3, 1, 1575259393138438146, '2022-09-28 17:59:55', '2022-09-29 11:17:58'),
	(1581344155222880262, 1024742403489234657, '成仁', '18394867666', 'cdsj002', 15, '2022-10', 3, 1, 1575259393138438146, '2022-09-28 18:00:28', '2022-09-29 11:17:58'),
	(1581344155222880263, 1024976390379916929, '西王', '18355544444', 'xasj001', 15, '2022-10', 3, 1, 1575259393138438146, '2022-09-29 09:30:15', '2022-09-29 11:17:58'),
	(1581344155227074561, 1024976605161836353, '西米', '17655555555', 'xasj002', 15, '2022-10', 3, 1, 1575259393138438146, '2022-09-29 09:31:06', '2022-09-29 11:17:58'),
	(1581344155227074562, 1024976781221941281, '贝林', '13434343434', 'blkdy001', 15, '2022-10', 2, 1, 1575259393138438146, '2022-09-29 09:31:48', '2022-09-29 11:17:58'),
	(1581344155227074563, 1024976941658263777, '贝小贝', '13433434544', 'blkdy002', 15, '2022-10', 2, 1, 1575259393138438146, '2022-09-29 09:32:27', '2022-09-29 11:17:57'),
	(1581344155227074564, 1024977078208025057, '长小名', '18364636473', 'casj001', 15, '2022-10', 2, 1, 1575259393138438146, '2022-09-29 09:32:59', '2022-09-29 11:17:57'),
	(1581344155227074565, 1024977221418341025, '长城', '13445657565', 'casj002', 15, '2022-10', 2, 1, 1575259393138438146, '2022-09-29 09:33:33', '2022-09-29 11:17:57'),
	(1581344155227074566, 1024977388880122881, '金元宝', '18374673467', 'jnkdy001', 15, '2022-10', 2, 1, 1575259393138438146, '2022-09-29 09:34:13', '2022-09-29 11:17:56'),
	(1581344155227074567, 1024977522992993473, '金开', '18374734736', 'jnkdy002', 15, '2022-10', 2, 1, 1575259393138438146, '2022-09-29 09:34:45', '2022-09-29 11:17:55'),
	(1581344155227074568, 1024977621806601633, '青青', '18273827382', 'qykdy001', 15, '2022-10', 2, 1, 1575259393138438146, '2022-09-29 09:35:08', '2022-09-29 11:18:18'),
	(1581344155231268865, 1024977719693268993, '青风', '18273872382', 'qykdy002', 15, '2022-10', 2, 1, 1575259393138438146, '2022-09-29 09:35:32', '2022-09-29 11:18:18'),
	(1581344155231268866, 1024984140988150081, '华亮', '18837473473', 'hdsj001', 15, '2022-10', 3, 1, 1575259393138438146, '2022-09-29 10:01:03', '2022-09-29 11:18:18'),
	(1581344155231268867, 1024984230121304705, '华明', '13454545454', 'hdsj002', 15, '2022-10', 3, 1, 1575259393138438146, '2022-09-29 10:01:24', '2022-09-29 11:18:18'),
	(1581344155231268868, 1024984365991588705, '海明月', '18566666667', 'shsj001', 15, '2022-10', 3, 1, 1575259393138438146, '2022-09-29 10:01:57', '2022-09-29 11:18:17'),
	(1581344155231268869, 1024984516357387297, '海阔', '18734736473', 'shsj002', 15, '2022-10', 3, 1, 1575259393138438146, '2022-09-29 10:02:32', '2022-09-29 11:18:17'),
	(1581344155231268870, 1024984720745821569, '周生生', '18776676767', 'hkkdy001', 15, '2022-10', 2, 1, 1575259393138438146, '2022-09-29 10:03:21', '2022-09-29 11:18:17'),
	(1581344155231268871, 1024984891772761697, '周生辰', '13434343434', 'hkkdy002', 15, '2022-10', 2, 1, 1575259393138438146, '2022-09-29 10:04:02', '2022-09-29 11:18:17'),
	(1581344155231268872, 1024985344870841121, '刘徽', '18737373647', 'pdkdy001', 15, '2022-10', 2, 1, 1575259393138438146, '2022-09-29 10:05:50', '2022-09-29 11:18:17'),
	(1581344155235463169, 1024985481462545409, '萧晏', '18737473647', 'pdkdy002', 15, '2022-10', 2, 1, 1575259393138438146, '2022-09-29 10:06:22', '2022-09-29 11:18:17'),
	(1581344155235463170, 1024985621531327777, '平秦王', '18723736473', 'hbsj001', 15, '2022-10', 3, 1, 1575259393138438146, '2022-09-29 10:06:56', '2022-09-29 11:18:48'),
	(1581344155235463171, 1024986076978217057, '长孙杰', '13987675455', 'hbsj002', 15, '2022-10', 3, 1, 1575259393138438146, '2022-09-29 10:08:44', '2022-09-29 11:18:48'),
	(1581344155235463172, 1024986455853892225, '漼时宜', '17898989565', 'bjsj002', 15, '2022-10', 3, 1, 1575259393138438146, '2022-09-29 10:10:15', '2022-09-29 11:18:48'),
	(1581344155235463173, 1024987310187482529, '宏晓誉', '18737437483', 'bjsj001', 15, '2022-10', 3, 1, 1575259393138438146, '2022-09-29 10:13:38', '2022-09-29 11:18:48'),
	(1581344155235463174, 1024987378881793537, '司沈阳', '13311111222', 'sysj001', 15, '2022-10', 3, 1, 1575259393138438146, '2022-09-29 10:13:57', '2022-09-29 11:18:48'),
	(1581344155235463175, 1024987860782158145, '顺意', '18734736473', 'sykdy001', 15, '2022-10', 2, 1, 1575259393138438146, '2022-09-29 10:15:50', '2022-09-29 11:18:48'),
	(1581344155340320770, 1024987931753976513, '顺心', '17647657465', 'sykdy002', 15, '2022-10', 2, 1, 1575259393138438146, '2022-09-29 10:16:07', '2022-09-29 11:18:48'),
	(1581344155340320771, 1024988097613534273, '景昌', '18784574758', 'cpkdy001', 15, '2022-10', 2, 1, 1575259393138438146, '2022-09-29 10:16:46', '2022-09-29 11:18:48'),
	(1581344155340320772, 1024988171324232993, '景元', '18783748374', 'cpkdy002', 15, '2022-10', 2, 1, 1575259393138438146, '2022-09-29 10:17:04', '2022-09-29 11:18:48'),
	(1581344155340320773, 1024988319861315553, '李和平', '13355554444', 'hpkdy001', 15, '2022-10', 2, 1, 1575347921490882562, '2022-09-29 10:17:39', '2022-09-29 16:06:11'),
	(1581344155340320774, 1024988498702245281, '李平和', '17788889999', 'hpkdy002', 15, '2022-10', 2, 1, 1575347921490882562, '2022-09-29 10:18:22', '2022-09-29 16:05:52'),
	(1581344155344515073, 1024988744815617761, '李姑皇', '17766667777', 'gukdy001', 15, '2022-10', 2, 1, 1575347921490882562, '2022-09-29 10:19:20', '2022-09-30 18:26:28'),
	(1581344155344515074, 1024989856838856577, '李皇姑', '18877776666', 'hgkdy002', 15, '2022-10', 2, 1, 1575347921490882562, '2022-09-29 10:23:46', '2022-09-30 18:28:37'),
	(1581344155344515075, 1024994498993865153, '司华中', '18877776666', 'hzsj', 15, '2022-10', 3, 1, 1575347921490882562, '2022-09-29 10:42:12', '2022-09-29 12:54:04'),
	(1581344155344515076, 1024994711959651169, '司武汉', '17788887777', 'whsj', 15, '2022-10', 3, 1, 1575347921490882562, '2022-09-29 10:43:03', '2022-09-29 15:55:24'),
	(1581344155344515077, 1024995063794648993, '李江汉', '17799990000', 'jhkdy001', 15, '2022-10', 2, 1, 1575347921490882562, '2022-09-29 10:44:27', '2022-09-29 12:54:04'),
	(1581344155344515078, 1024995257768626273, '李汉江', '17788882222', 'jhkdy002', 15, '2022-10', 2, 1, 1575347921490882562, '2022-09-29 10:45:13', '2022-10-06 09:50:15'),
	(1581344155344515079, 1024995991193013985, '李武昌', '18877778888', 'wckdy001', 15, '2022-10', 2, 1, 1575347921490882562, '2022-09-29 10:48:08', '2022-09-29 12:54:04'),
	(1581344155348709378, 1024996147695079329, '李昌武', '18877776666', 'wckdy002', 15, '2022-10', 2, 1, 1575347921490882562, '2022-09-29 10:48:45', '2022-09-29 12:54:04'),
	(1581344155348709379, 1024997316655995489, '司东北', '17788887777', 'dbsj', 15, '2022-10', 3, 1, 1575347921490882562, '2022-09-29 10:53:24', '2022-09-29 12:54:03'),
	(1581344155348709380, 1025074399029692449, '王和平', '17788887777', 'hpkdy003', 15, '2022-10', 2, 1, 1575347921490882562, '2022-09-29 15:59:42', '2022-09-29 16:01:07'),
	(1581706538600574978, 1024988319861315553, '李和平', '13355554444', 'hpkdy001', 16, '2022-10', 2, 1, 1575347921490882562, '2022-09-29 10:17:39', '2022-09-29 16:06:11'),
	(1581706538604769281, 1024988498702245281, '李平和', '17788889999', 'hpkdy002', 16, '2022-10', 2, 1, 1575347921490882562, '2022-09-29 10:18:22', '2022-09-29 16:05:52'),
	(1581706538604769282, 1024988744815617761, '李姑皇', '17766667777', 'gukdy001', 16, '2022-10', 2, 1, 1575347921490882562, '2022-09-29 10:19:20', '2022-09-30 18:26:28'),
	(1581706538604769283, 1024989856838856577, '李皇姑', '18877776666', 'hgkdy002', 16, '2022-10', 2, 1, 1575347921490882562, '2022-09-29 10:23:46', '2022-09-30 18:28:37'),
	(1581706538604769284, 1024994498993865153, '司华中', '18877776666', 'hzsj', 16, '2022-10', 3, 1, 1575347921490882562, '2022-09-29 10:42:12', '2022-09-29 12:54:04'),
	(1581706538608963585, 1024994711959651169, '司武汉', '17788887777', 'whsj', 16, '2022-10', 3, 1, 1575347921490882562, '2022-09-29 10:43:03', '2022-09-29 15:55:24'),
	(1581706538608963586, 1024995063794648993, '李江汉', '17799990000', 'jhkdy001', 16, '2022-10', 2, 1, 1575347921490882562, '2022-09-29 10:44:27', '2022-09-29 12:54:04'),
	(1581706538608963587, 1024995257768626273, '李汉江', '17788882222', 'jhkdy002', 16, '2022-10', 2, 1, 1575347921490882562, '2022-09-29 10:45:13', '2022-10-06 09:50:15'),
	(1581706538608963588, 1024995991193013985, '李武昌', '18877778888', 'wckdy001', 16, '2022-10', 2, 1, 1575347921490882562, '2022-09-29 10:48:08', '2022-09-29 12:54:04'),
	(1581706538608963589, 1024996147695079329, '李昌武', '18877776666', 'wckdy002', 16, '2022-10', 2, 1, 1575347921490882562, '2022-09-29 10:48:45', '2022-09-29 12:54:04'),
	(1581706538608963590, 1024997316655995489, '司东北', '17788887777', 'dbsj', 16, '2022-10', 3, 1, 1575347921490882562, '2022-09-29 10:53:24', '2022-09-29 12:54:03'),
	(1581706538613157889, 1025074399029692449, '王和平', '17788887777', 'hpkdy003', 16, '2022-10', 2, 1, 1575347921490882562, '2022-09-29 15:59:42', '2022-09-29 16:01:07'),
	(1582068939879559170, 1024738476802799553, '周一', '13571250987', 'xbsj001', 17, '2022-10', 3, 1, 1575259393138438146, '2022-09-28 17:44:52', '2022-09-29 11:16:37'),
	(1582068939883753473, 1024738594893428865, '周二', '18500224566', 'xbsj002', 17, '2022-10', 3, 1, 1575259393138438146, '2022-09-28 17:45:20', '2022-09-29 11:16:37'),
	(1582068939883753474, 1024741978908228513, '吴用', '18500766555', 'xnsj001', 17, '2022-10', 3, 1, 1575259393138438146, '2022-09-28 17:58:47', '2022-09-29 11:16:37'),
	(1582068939883753475, 1024742117286706369, '吴西', '18346766666', 'xnsj002', 17, '2022-10', 3, 1, 1575259393138438146, '2022-09-28 17:59:20', '2022-09-29 11:16:37'),
	(1582068939883753476, 1024742265953811937, '成功', '18950867777', 'cdsj001', 17, '2022-10', 3, 1, 1575259393138438146, '2022-09-28 17:59:55', '2022-09-29 11:17:58'),
	(1582068939883753477, 1024742403489234657, '成仁', '18394867666', 'cdsj002', 17, '2022-10', 3, 1, 1575259393138438146, '2022-09-28 18:00:28', '2022-09-29 11:17:58'),
	(1582068939887947778, 1024976390379916929, '西王', '18355544444', 'xasj001', 17, '2022-10', 3, 1, 1575259393138438146, '2022-09-29 09:30:15', '2022-09-29 11:17:58'),
	(1582068939887947779, 1024976605161836353, '西米', '17655555555', 'xasj002', 17, '2022-10', 3, 1, 1575259393138438146, '2022-09-29 09:31:06', '2022-09-29 11:17:58'),
	(1582068939887947780, 1024976781221941281, '贝林', '13434343434', 'blkdy001', 17, '2022-10', 2, 1, 1575259393138438146, '2022-09-29 09:31:48', '2022-09-29 11:17:58'),
	(1582068939887947781, 1024976941658263777, '贝小贝', '13433434544', 'blkdy002', 17, '2022-10', 2, 1, 1575259393138438146, '2022-09-29 09:32:27', '2022-09-29 11:17:57'),
	(1582068939887947782, 1024977078208025057, '长小名', '18364636473', 'casj001', 17, '2022-10', 2, 1, 1575259393138438146, '2022-09-29 09:32:59', '2022-09-29 11:17:57'),
	(1582068939887947783, 1024977221418341025, '长城', '13445657565', 'casj002', 17, '2022-10', 2, 1, 1575259393138438146, '2022-09-29 09:33:33', '2022-09-29 11:17:57'),
	(1582068939887947784, 1024977388880122881, '金元宝', '18374673467', 'jnkdy001', 17, '2022-10', 2, 1, 1575259393138438146, '2022-09-29 09:34:13', '2022-09-29 11:17:56'),
	(1582068939887947785, 1024977522992993473, '金开', '18374734736', 'jnkdy002', 17, '2022-10', 2, 1, 1575259393138438146, '2022-09-29 09:34:45', '2022-09-29 11:17:55'),
	(1582068939892142081, 1024977621806601633, '青青', '18273827382', 'qykdy001', 17, '2022-10', 2, 1, 1575259393138438146, '2022-09-29 09:35:08', '2022-09-29 11:18:18'),
	(1582068939892142082, 1024977719693268993, '青风', '18273872382', 'qykdy002', 17, '2022-10', 2, 1, 1575259393138438146, '2022-09-29 09:35:32', '2022-09-29 11:18:18'),
	(1582068939892142083, 1024984140988150081, '华亮', '18837473473', 'hdsj001', 17, '2022-10', 3, 1, 1575259393138438146, '2022-09-29 10:01:03', '2022-09-29 11:18:18'),
	(1582068939892142084, 1024984230121304705, '华明', '13454545454', 'hdsj002', 17, '2022-10', 3, 1, 1575259393138438146, '2022-09-29 10:01:24', '2022-09-29 11:18:18'),
	(1582068939892142085, 1024984365991588705, '海明月', '18566666667', 'shsj001', 17, '2022-10', 3, 1, 1575259393138438146, '2022-09-29 10:01:57', '2022-09-29 11:18:17'),
	(1582068939892142086, 1024984516357387297, '海阔', '18734736473', 'shsj002', 17, '2022-10', 3, 1, 1575259393138438146, '2022-09-29 10:02:32', '2022-09-29 11:18:17'),
	(1582068939892142087, 1024984720745821569, '周生生', '18776676767', 'hkkdy001', 17, '2022-10', 2, 1, 1575259393138438146, '2022-09-29 10:03:21', '2022-09-29 11:18:17'),
	(1582068939892142088, 1024984891772761697, '周生辰', '13434343434', 'hkkdy002', 17, '2022-10', 2, 1, 1575259393138438146, '2022-09-29 10:04:02', '2022-09-29 11:18:17'),
	(1582068939896336385, 1024985344870841121, '刘徽', '18737373647', 'pdkdy001', 17, '2022-10', 2, 1, 1575259393138438146, '2022-09-29 10:05:50', '2022-09-29 11:18:17'),
	(1582068939896336386, 1024985481462545409, '萧晏', '18737473647', 'pdkdy002', 17, '2022-10', 2, 1, 1575259393138438146, '2022-09-29 10:06:22', '2022-09-29 11:18:17'),
	(1582068939896336387, 1024985621531327777, '平秦王', '18723736473', 'hbsj001', 17, '2022-10', 3, 1, 1575259393138438146, '2022-09-29 10:06:56', '2022-09-29 11:18:48'),
	(1582068939896336388, 1024986076978217057, '长孙杰', '13987675455', 'hbsj002', 17, '2022-10', 3, 1, 1575259393138438146, '2022-09-29 10:08:44', '2022-09-29 11:18:48'),
	(1582068939896336389, 1024986455853892225, '漼时宜', '17898989565', 'bjsj002', 17, '2022-10', 3, 1, 1575259393138438146, '2022-09-29 10:10:15', '2022-09-29 11:18:48'),
	(1582068939896336390, 1024987310187482529, '宏晓誉', '18737437483', 'bjsj001', 17, '2022-10', 3, 1, 1575259393138438146, '2022-09-29 10:13:38', '2022-09-29 11:18:48'),
	(1582068939896336391, 1024987378881793537, '司沈阳', '13311111222', 'sysj001', 17, '2022-10', 3, 1, 1575259393138438146, '2022-09-29 10:13:57', '2022-09-29 11:18:48'),
	(1582068939896336392, 1024987860782158145, '顺意', '18734736473', 'sykdy001', 17, '2022-10', 2, 1, 1575259393138438146, '2022-09-29 10:15:50', '2022-09-29 11:18:48'),
	(1582068939896336393, 1024987931753976513, '顺心', '17647657465', 'sykdy002', 17, '2022-10', 2, 1, 1575259393138438146, '2022-09-29 10:16:07', '2022-09-29 11:18:48'),
	(1582068939900530690, 1024988097613534273, '景昌', '18784574758', 'cpkdy001', 17, '2022-10', 2, 1, 1575259393138438146, '2022-09-29 10:16:46', '2022-09-29 11:18:48'),
	(1582068939900530691, 1024988171324232993, '景元', '18783748374', 'cpkdy002', 17, '2022-10', 2, 1, 1575259393138438146, '2022-09-29 10:17:04', '2022-09-29 11:18:48'),
	(1582068939900530692, 1024988319861315553, '李和平', '13355554444', 'hpkdy001', 17, '2022-10', 2, 1, 1575347921490882562, '2022-09-29 10:17:39', '2022-09-29 16:06:11'),
	(1582068939900530693, 1024988498702245281, '李平和', '17788889999', 'hpkdy002', 17, '2022-10', 2, 1, 1575347921490882562, '2022-09-29 10:18:22', '2022-09-29 16:05:52'),
	(1582068939900530694, 1024988744815617761, '李姑皇', '17766667777', 'gukdy001', 17, '2022-10', 2, 1, 1575347921490882562, '2022-09-29 10:19:20', '2022-09-30 18:26:28'),
	(1582068939900530695, 1024989856838856577, '李皇姑', '18877776666', 'hgkdy002', 17, '2022-10', 2, 1, 1575347921490882562, '2022-09-29 10:23:46', '2022-09-30 18:28:37'),
	(1582068939900530696, 1024994498993865153, '司华中', '18877776666', 'hzsj', 17, '2022-10', 3, 1, 1575347921490882562, '2022-09-29 10:42:12', '2022-09-29 12:54:04'),
	(1582068939900530697, 1024994711959651169, '司武汉', '17788887777', 'whsj', 17, '2022-10', 3, 1, 1575347921490882562, '2022-09-29 10:43:03', '2022-09-29 15:55:24'),
	(1582068939904724994, 1024995063794648993, '李江汉', '17799990000', 'jhkdy001', 17, '2022-10', 2, 1, 1575347921490882562, '2022-09-29 10:44:27', '2022-09-29 12:54:04'),
	(1582068939904724995, 1024995257768626273, '李汉江', '17788882222', 'jhkdy002', 17, '2022-10', 2, 1, 1575347921490882562, '2022-09-29 10:45:13', '2022-10-06 09:50:15'),
	(1582068939904724996, 1024995991193013985, '李武昌', '18877778888', 'wckdy001', 17, '2022-10', 2, 1, 1575347921490882562, '2022-09-29 10:48:08', '2022-09-29 12:54:04'),
	(1582068939904724997, 1024996147695079329, '李昌武', '18877776666', 'wckdy002', 17, '2022-10', 2, 1, 1575347921490882562, '2022-09-29 10:48:45', '2022-09-29 12:54:04'),
	(1582068939904724998, 1024997316655995489, '司东北', '17788887777', 'dbsj', 17, '2022-10', 3, 1, 1575347921490882562, '2022-09-29 10:53:24', '2022-09-29 12:54:03'),
	(1582068939904724999, 1025074399029692449, '王和平', '17788887777', 'hpkdy003', 17, '2022-10', 2, 1, 1575347921490882562, '2022-09-29 15:59:42', '2022-09-29 16:01:07'),
	(1582068939904725000, 1025104059952247329, '司华南', '17788887777', 'hnsj001', 17, '2022-10', 3, 1, 1575258946549919745, '2022-09-29 17:57:36', '2022-10-06 09:40:21'),
	(1582068939904725001, 1025104550799061921, '司深圳', '18877776666', 'szsj001', 17, '2022-10', 3, 1, 1575258946549919745, '2022-09-29 17:59:31', '2022-10-06 09:40:21'),
	(1582068939904725002, 1025109259005971617, '王光明', '18877776666', 'gmkdy001', 17, '2022-10', 2, 1, 1575258946549919745, '2022-09-29 18:18:13', '2022-10-06 09:40:03'),
	(1582068939908919298, 1025110041134617825, '王保安', '18877776666', 'bakdy001', 17, '2022-10', 2, 1, 1575258946549919745, '2022-09-29 18:21:20', '2022-10-06 09:40:03'),
	(1582068939908919299, 1025110490961140193, '王明光', '16677779999', 'gmkdy002', 17, '2022-10', 2, 1, 1575258946549919745, '2022-09-29 18:23:07', '2022-10-06 09:40:02'),
	(1582068939908919300, 1025110675888003969, '王安宝', '16677776666', 'bakdy002', 17, '2022-10', 2, 1, 1575258946549919745, '2022-09-29 18:23:51', '2022-10-06 09:40:02'),
	(1582068939908919301, 1025110935532199265, '王越秀', '16688886666', 'yxkdy001', 17, '2022-10', 2, 1, 1575258946549919745, '2022-09-29 18:24:53', '2022-10-06 09:40:02'),
	(1582068939908919302, 1025111112225644097, '王华都', '17799995555', 'hdkdy001', 17, '2022-10', 2, 1, 1575258946549919745, '2022-09-29 18:25:37', '2022-10-06 09:40:02'),
	(1582068939908919303, 1025111247919767297, '王都花', '16677776666', 'hdkdy002', 17, '2022-10', 2, 1, 1575258946549919745, '2022-09-29 18:26:07', '2022-10-06 09:40:02'),
	(1582068939908919304, 1025111573938823425, '王秀越', '17788887777', 'yxkdy002', 17, '2022-10', 2, 1, 1575258946549919745, '2022-09-29 18:27:25', '2022-10-06 09:40:02'),
	(1582068939908919305, 1025112013736764417, '司广州', '18877770000', 'gzsj', 17, '2022-10', 3, 1, 1575258946549919745, '2022-09-29 18:29:10', '2022-10-06 09:40:01'),
	(1582068939908919306, 1025428687312684929, '张成飞', '18866666666', 'sl001', 17, '2022-10', 1, 1, 1575258946549919745, '2022-09-30 15:27:31', '2022-10-06 09:50:38'),
	(1582431320572522498, 1024738476802799553, '周一', '13571250987', 'xbsj001', 18, '2022-10', 3, 1, 1575259393138438146, '2022-09-28 17:44:52', '2022-09-29 11:16:37'),
	(1582431320954204161, 1024738594893428865, '周二', '18500224566', 'xbsj002', 18, '2022-10', 3, 1, 1575259393138438146, '2022-09-28 17:45:20', '2022-09-29 11:16:37'),
	(1582431320966787074, 1024741978908228513, '吴用', '18500766555', 'xnsj001', 18, '2022-10', 3, 1, 1575259393138438146, '2022-09-28 17:58:47', '2022-09-29 11:16:37'),
	(1582431320966787075, 1024742117286706369, '吴西', '18346766666', 'xnsj002', 18, '2022-10', 3, 1, 1575259393138438146, '2022-09-28 17:59:20', '2022-09-29 11:16:37'),
	(1582431320966787076, 1024742265953811937, '成功', '18950867777', 'cdsj001', 18, '2022-10', 3, 1, 1575259393138438146, '2022-09-28 17:59:55', '2022-09-29 11:17:58'),
	(1582431320991952897, 1024742403489234657, '成仁', '18394867666', 'cdsj002', 18, '2022-10', 3, 1, 1575259393138438146, '2022-09-28 18:00:28', '2022-09-29 11:17:58'),
	(1582431320996147202, 1024976390379916929, '西王', '18355544444', 'xasj001', 18, '2022-10', 3, 1, 1575259393138438146, '2022-09-29 09:30:15', '2022-09-29 11:17:58'),
	(1582431321352663041, 1024976605161836353, '西米', '17655555555', 'xasj002', 18, '2022-10', 3, 1, 1575259393138438146, '2022-09-29 09:31:06', '2022-09-29 11:17:58'),
	(1582431321352663042, 1024976781221941281, '贝林', '13434343434', 'blkdy001', 18, '2022-10', 2, 1, 1575259393138438146, '2022-09-29 09:31:48', '2022-09-29 11:17:58'),
	(1582431321352663043, 1024976941658263777, '贝小贝', '13433434544', 'blkdy002', 18, '2022-10', 2, 1, 1575259393138438146, '2022-09-29 09:32:27', '2022-09-29 11:17:57'),
	(1582431321352663044, 1024977078208025057, '长小名', '18364636473', 'casj001', 18, '2022-10', 2, 1, 1575259393138438146, '2022-09-29 09:32:59', '2022-09-29 11:17:57'),
	(1582431321352663045, 1024977221418341025, '长城', '13445657565', 'casj002', 18, '2022-10', 2, 1, 1575259393138438146, '2022-09-29 09:33:33', '2022-09-29 11:17:57'),
	(1582431321415577602, 1024977388880122881, '金元宝', '18374673467', 'jnkdy001', 18, '2022-10', 2, 1, 1575259393138438146, '2022-09-29 09:34:13', '2022-09-29 11:17:56'),
	(1582431321419771906, 1024977522992993473, '金开', '18374734736', 'jnkdy002', 18, '2022-10', 2, 1, 1575259393138438146, '2022-09-29 09:34:45', '2022-09-29 11:17:55'),
	(1582431321423966209, 1024977621806601633, '青青', '18273827382', 'qykdy001', 18, '2022-10', 2, 1, 1575259393138438146, '2022-09-29 09:35:08', '2022-09-29 11:18:18'),
	(1582431321423966210, 1024977719693268993, '青风', '18273872382', 'qykdy002', 18, '2022-10', 2, 1, 1575259393138438146, '2022-09-29 09:35:32', '2022-09-29 11:18:18'),
	(1582431321784676353, 1024984140988150081, '华亮', '18837473473', 'hdsj001', 18, '2022-10', 3, 1, 1575259393138438146, '2022-09-29 10:01:03', '2022-09-29 11:18:18'),
	(1582431321784676354, 1024984230121304705, '华明', '13454545454', 'hdsj002', 18, '2022-10', 3, 1, 1575259393138438146, '2022-09-29 10:01:24', '2022-09-29 11:18:18'),
	(1582431321788870658, 1024984365991588705, '海明月', '18566666667', 'shsj001', 18, '2022-10', 3, 1, 1575259393138438146, '2022-09-29 10:01:57', '2022-09-29 11:18:17'),
	(1582431321788870659, 1024984516357387297, '海阔', '18734736473', 'shsj002', 18, '2022-10', 3, 1, 1575259393138438146, '2022-09-29 10:02:32', '2022-09-29 11:18:17'),
	(1582431321788870660, 1024984720745821569, '周生生', '18776676767', 'hkkdy001', 18, '2022-10', 2, 1, 1575259393138438146, '2022-09-29 10:03:21', '2022-09-29 11:18:17'),
	(1582431321788870661, 1024984891772761697, '周生辰', '13434343434', 'hkkdy002', 18, '2022-10', 2, 1, 1575259393138438146, '2022-09-29 10:04:02', '2022-09-29 11:18:17'),
	(1582431321793064961, 1024985344870841121, '刘徽', '18737373647', 'pdkdy001', 18, '2022-10', 2, 1, 1575259393138438146, '2022-09-29 10:05:50', '2022-09-29 11:18:17'),
	(1582431321793064962, 1024985481462545409, '萧晏', '18737473647', 'pdkdy002', 18, '2022-10', 2, 1, 1575259393138438146, '2022-09-29 10:06:22', '2022-09-29 11:18:17'),
	(1582431321793064963, 1024985621531327777, '平秦王', '18723736473', 'hbsj001', 18, '2022-10', 3, 1, 1575259393138438146, '2022-09-29 10:06:56', '2022-09-29 11:18:48'),
	(1582431321797259265, 1024986076978217057, '长孙杰', '13987675455', 'hbsj002', 18, '2022-10', 3, 1, 1575259393138438146, '2022-09-29 10:08:44', '2022-09-29 11:18:48'),
	(1582431321797259266, 1024986455853892225, '漼时宜', '17898989565', 'bjsj002', 18, '2022-10', 3, 1, 1575259393138438146, '2022-09-29 10:10:15', '2022-09-29 11:18:48'),
	(1582431321797259267, 1024987310187482529, '宏晓誉', '18737437483', 'bjsj001', 18, '2022-10', 3, 1, 1575259393138438146, '2022-09-29 10:13:38', '2022-09-29 11:18:48'),
	(1582431321797259268, 1024987378881793537, '司沈阳', '13311111222', 'sysj001', 18, '2022-10', 3, 1, 1575259393138438146, '2022-09-29 10:13:57', '2022-09-29 11:18:48'),
	(1582431321801453569, 1024987860782158145, '顺意', '18734736473', 'sykdy001', 18, '2022-10', 2, 1, 1575259393138438146, '2022-09-29 10:15:50', '2022-09-29 11:18:48'),
	(1582431321826619393, 1024987931753976513, '顺心', '17647657465', 'sykdy002', 18, '2022-10', 2, 1, 1575259393138438146, '2022-09-29 10:16:07', '2022-09-29 11:18:48'),
	(1582431322216689665, 1024988097613534273, '景昌', '18784574758', 'cpkdy001', 18, '2022-10', 2, 1, 1575259393138438146, '2022-09-29 10:16:46', '2022-09-29 11:18:48'),
	(1582431322220883969, 1024988171324232993, '景元', '18783748374', 'cpkdy002', 18, '2022-10', 2, 1, 1575259393138438146, '2022-09-29 10:17:04', '2022-09-29 11:18:48'),
	(1582431322225078273, 1024988319861315553, '李和平', '13355554444', 'hpkdy001', 18, '2022-10', 2, 1, 1575347921490882562, '2022-09-29 10:17:39', '2022-09-29 16:06:11'),
	(1582431322237661186, 1024988498702245281, '李平和', '17788889999', 'hpkdy002', 18, '2022-10', 2, 1, 1575347921490882562, '2022-09-29 10:18:22', '2022-09-29 16:05:52'),
	(1582431322237661187, 1024988744815617761, '李姑皇', '17766667777', 'gukdy001', 18, '2022-10', 2, 1, 1575347921490882562, '2022-09-29 10:19:20', '2022-09-30 18:26:28'),
	(1582431322669674498, 1024989856838856577, '李皇姑', '18877776666', 'hgkdy002', 18, '2022-10', 2, 1, 1575347921490882562, '2022-09-29 10:23:46', '2022-09-30 18:28:37'),
	(1582431322669674499, 1024994498993865153, '司华中', '18877776666', 'hzsj', 18, '2022-10', 3, 1, 1575347921490882562, '2022-09-29 10:42:12', '2022-09-29 12:54:04'),
	(1582431322669674500, 1024994711959651169, '司武汉', '17788887777', 'whsj', 18, '2022-10', 3, 1, 1575347921490882562, '2022-09-29 10:43:03', '2022-09-29 15:55:24'),
	(1582431322673868801, 1024995063794648993, '李江汉', '17799990000', 'jhkdy001', 18, '2022-10', 2, 1, 1575347921490882562, '2022-09-29 10:44:27', '2022-09-29 12:54:04'),
	(1582431322673868802, 1024995257768626273, '李汉江', '17788882222', 'jhkdy002', 18, '2022-10', 2, 1, 1575347921490882562, '2022-09-29 10:45:13', '2022-10-06 09:50:15'),
	(1582431322673868803, 1024995991193013985, '李武昌', '18877778888', 'wckdy001', 18, '2022-10', 2, 1, 1575347921490882562, '2022-09-29 10:48:08', '2022-09-29 12:54:04'),
	(1582431322678063105, 1024996147695079329, '李昌武', '18877776666', 'wckdy002', 18, '2022-10', 2, 1, 1575347921490882562, '2022-09-29 10:48:45', '2022-09-29 12:54:04'),
	(1582431322678063106, 1024997316655995489, '司东北', '17788887777', 'dbsj', 18, '2022-10', 3, 1, 1575347921490882562, '2022-09-29 10:53:24', '2022-09-29 12:54:03'),
	(1582431322682257409, 1025074399029692449, '王和平', '17788887777', 'hpkdy003', 18, '2022-10', 2, 1, 1575347921490882562, '2022-09-29 15:59:42', '2022-09-29 16:01:07'),
	(1582431322682257410, 1025104059952247329, '司华南', '17788887777', 'hnsj001', 18, '2022-10', 3, 1, 1575258946549919745, '2022-09-29 17:57:36', '2022-10-06 09:40:21'),
	(1582431323030384642, 1025104550799061921, '司深圳', '18877776666', 'szsj001', 18, '2022-10', 3, 1, 1575258946549919745, '2022-09-29 17:59:31', '2022-10-06 09:40:21'),
	(1582431323030384643, 1025109259005971617, '王光明', '18877776666', 'gmkdy001', 18, '2022-10', 2, 1, 1575258946549919745, '2022-09-29 18:18:13', '2022-10-06 09:40:03'),
	(1582431323030384644, 1025110041134617825, '王保安', '18877776666', 'bakdy001', 18, '2022-10', 2, 1, 1575258946549919745, '2022-09-29 18:21:20', '2022-10-06 09:40:03'),
	(1582431323030384645, 1025110490961140193, '王明光', '16677779999', 'gmkdy002', 18, '2022-10', 2, 1, 1575258946549919745, '2022-09-29 18:23:07', '2022-10-06 09:40:02'),
	(1582431323030384646, 1025110675888003969, '王安宝', '16677776666', 'bakdy002', 18, '2022-10', 2, 1, 1575258946549919745, '2022-09-29 18:23:51', '2022-10-06 09:40:02'),
	(1582431323030384647, 1025110935532199265, '王越秀', '16688886666', 'yxkdy001', 18, '2022-10', 2, 1, 1575258946549919745, '2022-09-29 18:24:53', '2022-10-06 09:40:02'),
	(1582431323030384648, 1025111112225644097, '王华都', '17799995555', 'hdkdy001', 18, '2022-10', 2, 1, 1575258946549919745, '2022-09-29 18:25:37', '2022-10-06 09:40:02'),
	(1582431323030384649, 1025111247919767297, '王都花', '16677776666', 'hdkdy002', 18, '2022-10', 2, 1, 1575258946549919745, '2022-09-29 18:26:07', '2022-10-06 09:40:02'),
	(1582431323030384650, 1025111573938823425, '王秀越', '17788887777', 'yxkdy002', 18, '2022-10', 2, 1, 1575258946549919745, '2022-09-29 18:27:25', '2022-10-06 09:40:02'),
	(1582431323051356161, 1025112013736764417, '司广州', '18877770000', 'gzsj', 18, '2022-10', 3, 1, 1575258946549919745, '2022-09-29 18:29:10', '2022-10-06 09:40:01'),
	(1582431323097493506, 1025428687312684929, '张成飞', '18866666666', 'sl001', 18, '2022-10', 1, 1, 1575258946549919745, '2022-09-30 15:27:31', '2022-10-06 09:50:38'),
	(1614321448795049986, 1024738476802799553, '周一', '13571250987', 'xbsj001', 14, '2023-01', 3, 1, 1575259393138438146, '2023-01-14 17:44:52', '2023-01-14 11:16:37'),
	(1614321448803438593, 1024738594893428865, '周二', '18500224566', 'xbsj002', 14, '2023-01', 3, 1, 1575259393138438146, '2023-01-14 17:45:20', '2023-01-14 11:16:37'),
	(1614321448807632898, 1024741978908228513, '吴用', '18500766555', 'xnsj001', 14, '2023-01', 3, 1, 1575259393138438146, '2023-01-14 17:58:47', '2023-01-14 11:16:37'),
	(1614321448811827201, 1024742117286706369, '吴西', '18346766666', 'xnsj002', 14, '2023-01', 3, 1, 1575259393138438146, '2023-01-14 17:59:20', '2023-01-14 11:16:37'),
	(1614321448811827202, 1024742265953811937, '成功', '18950867777', 'cdsj001', 14, '2023-01', 3, 1, 1575259393138438146, '2023-01-14 17:59:55', '2023-01-14 11:17:58'),
	(1614321449180925954, 1024742403489234657, '成仁', '18394867666', 'cdsj002', 14, '2023-01', 3, 1, 1575259393138438146, '2023-01-14 18:00:28', '2023-01-14 11:17:58'),
	(1614321449180925955, 1024976390379916929, '西王', '18355544444', 'xasj001', 14, '2023-01', 3, 1, 1575259393138438146, '2023-01-14 09:30:15', '2023-01-14 11:17:58'),
	(1614321449185120258, 1024976605161836353, '西米', '17655555555', 'xasj002', 14, '2023-01', 3, 1, 1575259393138438146, '2023-01-14 09:31:06', '2023-01-14 11:17:58'),
	(1614321449185120259, 1024976781221941281, '贝林', '13434343434', 'blkdy001', 14, '2023-01', 2, 1, 1575259393138438146, '2023-01-14 09:31:48', '2023-01-14 11:17:58'),
	(1614321449185120260, 1024976941658263777, '贝小贝', '13433434544', 'blkdy002', 14, '2023-01', 2, 1, 1575259393138438146, '2023-01-14 09:32:27', '2023-01-14 11:17:57'),
	(1614321449189314561, 1024977078208025057, '长小名', '18364636473', 'casj001', 14, '2023-01', 2, 1, 1575259393138438146, '2023-01-14 09:32:59', '2023-01-14 11:17:57'),
	(1614321449189314562, 1024977221418341025, '长城', '13445657565', 'casj002', 14, '2023-01', 2, 1, 1575259393138438146, '2023-01-14 09:33:33', '2023-01-14 11:17:57'),
	(1614321449189314563, 1024977388880122881, '金元宝', '18374673467', 'jnkdy001', 14, '2023-01', 2, 1, 1575259393138438146, '2023-01-14 09:34:13', '2023-01-14 11:17:56'),
	(1614321449201897473, 1024977522992993473, '金开', '18374734736', 'jnkdy002', 14, '2023-01', 2, 1, 1575259393138438146, '2023-01-14 09:34:45', '2023-01-14 11:17:55'),
	(1614321449201897474, 1024977621806601633, '青青', '18273827382', 'qykdy001', 14, '2023-01', 2, 1, 1575259393138438146, '2023-01-14 09:35:08', '2023-01-14 11:18:18'),
	(1614321449206091778, 1024977719693268993, '青风', '18273872382', 'qykdy002', 14, '2023-01', 2, 1, 1575259393138438146, '2023-01-14 09:35:32', '2023-01-14 11:18:18'),
	(1614321449210286081, 1024984140988150081, '华亮', '18837473473', 'hdsj001', 14, '2023-01', 3, 1, 1575259393138438146, '2023-01-14 10:01:03', '2023-01-14 11:18:18'),
	(1614321449210286082, 1024984230121304705, '华明', '13454545454', 'hdsj002', 14, '2023-01', 3, 1, 1575259393138438146, '2023-01-14 10:01:24', '2023-01-14 11:18:18'),
	(1614321449214480386, 1024984365991588705, '海明月', '18566666667', 'shsj001', 14, '2023-01', 3, 1, 1575259393138438146, '2023-01-14 10:01:57', '2023-01-14 11:18:17'),
	(1614321449596162049, 1024984516357387297, '海阔', '18734736473', 'shsj002', 14, '2023-01', 3, 1, 1575259393138438146, '2023-01-14 10:02:32', '2023-01-14 11:18:17'),
	(1614321449600356354, 1024984720745821569, '周生生', '18776676767', 'hkkdy001', 14, '2023-01', 2, 1, 1575259393138438146, '2023-01-14 10:03:21', '2023-01-14 11:18:17'),
	(1614321449600356355, 1024984891772761697, '周生辰', '13434343434', 'hkkdy002', 14, '2023-01', 2, 1, 1575259393138438146, '2023-01-14 10:04:02', '2023-01-14 11:18:17'),
	(1614321449600356356, 1024985344870841121, '刘徽', '18737373647', 'pdkdy001', 14, '2023-01', 2, 1, 1575259393138438146, '2023-01-14 10:05:50', '2023-01-14 11:18:17'),
	(1614321449608744962, 1024985481462545409, '萧晏', '18737473647', 'pdkdy002', 14, '2023-01', 2, 1, 1575259393138438146, '2023-01-14 10:06:22', '2023-01-14 11:18:17'),
	(1614321449608744963, 1024985621531327777, '平秦王', '18723736473', 'hbsj001', 14, '2023-01', 3, 1, 1575259393138438146, '2023-01-14 10:06:56', '2023-01-14 11:18:48'),
	(1614321449608744964, 1024986076978217057, '长孙杰', '13987675455', 'hbsj002', 14, '2023-01', 3, 1, 1575259393138438146, '2023-01-14 10:08:44', '2023-01-14 11:18:48'),
	(1614321449608744965, 1024986455853892225, '漼时宜', '17898989565', 'bjsj002', 14, '2023-01', 3, 1, 1575259393138438146, '2023-01-14 10:10:15', '2023-01-14 11:18:48'),
	(1614321449612939266, 1024987310187482529, '宏晓誉', '18737437483', 'bjsj001', 14, '2023-01', 3, 1, 1575259393138438146, '2023-01-14 10:13:38', '2023-01-14 11:18:48'),
	(1614321449612939267, 1024987378881793537, '司沈阳', '13311111222', 'sysj001', 14, '2023-01', 3, 1, 1575259393138438146, '2023-01-14 10:13:57', '2023-01-14 11:18:48'),
	(1614321449612939268, 1024987860782158145, '顺意', '18734736473', 'sykdy001', 14, '2023-01', 2, 1, 1575259393138438146, '2023-01-14 10:15:50', '2023-01-14 11:18:48'),
	(1614321449612939269, 1024987931753976513, '顺心', '17647657465', 'sykdy002', 14, '2023-01', 2, 1, 1575259393138438146, '2023-01-14 10:16:07', '2023-01-14 11:18:48'),
	(1614321449617133569, 1024988097613534273, '景昌', '18784574758', 'cpkdy001', 14, '2023-01', 2, 1, 1575259393138438146, '2023-01-14 10:16:46', '2023-01-14 11:18:48'),
	(1614321449617133570, 1024988171324232993, '景元', '18783748374', 'cpkdy002', 14, '2023-01', 2, 1, 1575259393138438146, '2023-01-14 10:17:04', '2023-01-14 11:18:48'),
	(1614321449617133571, 1024988319861315553, '李和平', '13355554444', 'hpkdy001', 14, '2023-01', 2, 1, 1575347921490882562, '2023-01-14 10:17:39', '2023-01-14 16:06:11'),
	(1614321449617133572, 1024988498702245281, '李平和', '17788889999', 'hpkdy002', 14, '2023-01', 2, 1, 1575347921490882562, '2023-01-14 10:18:22', '2023-01-14 16:05:52'),
	(1614321449621327874, 1024988744815617761, '李姑皇', '17766667777', 'gukdy001', 14, '2023-01', 2, 1, 1575347921490882562, '2023-01-14 10:19:20', '2023-01-14 18:26:28'),
	(1614321449621327875, 1024989856838856577, '李皇姑', '18877776666', 'hgkdy002', 14, '2023-01', 2, 1, 1575347921490882562, '2023-01-14 10:23:46', '2023-01-14 18:28:37'),
	(1614321449621327876, 1024994498993865153, '司华中', '18877776666', 'hzsj', 14, '2023-01', 3, 1, 1575347921490882562, '2023-01-14 10:42:12', '2023-01-14 12:54:04'),
	(1614321449625522178, 1024994711959651169, '司武汉', '17788887777', 'whsj', 14, '2023-01', 3, 1, 1575347921490882562, '2023-01-14 10:43:03', '2023-01-14 15:55:24'),
	(1614321450019786754, 1024995063794648993, '李江汉', '17799990000', 'jhkdy001', 14, '2023-01', 2, 1, 1575347921490882562, '2023-01-14 10:44:27', '2023-01-14 12:54:04'),
	(1614321450019786755, 1024995257768626273, '李汉江', '17788882222', 'jhkdy002', 14, '2023-01', 2, 1, 1575347921490882562, '2023-01-14 10:45:13', '2023-01-14 09:50:15'),
	(1614321450019786756, 1024995991193013985, '李武昌', '18877778888', 'wckdy001', 14, '2023-01', 2, 1, 1575347921490882562, '2023-01-14 10:48:08', '2023-01-14 12:54:04'),
	(1614321450023981058, 1024996147695079329, '李昌武', '18877776666', 'wckdy002', 14, '2023-01', 2, 1, 1575347921490882562, '2023-01-14 10:48:45', '2023-01-14 12:54:04'),
	(1614321450023981059, 1024997316655995489, '司东北', '17788887777', 'dbsj', 14, '2023-01', 3, 1, 1575347921490882562, '2023-01-14 10:53:24', '2023-01-14 12:54:03'),
	(1614321450028175362, 1025074399029692449, '王和平', '17788887777', 'hpkdy003', 14, '2023-01', 2, 1, 1575347921490882562, '2023-01-14 15:59:42', '2023-01-14 16:01:07'),
	(1614321450028175363, 1027527374507700225, '张调马', '13111332426', 'sldd001', 14, '2023-01', 1, 1, 1575259393138438146, '2023-01-14 10:26:57', '2023-01-14 13:38:23'),
	(1614683835398164481, 1024988319861315553, '李和平', '13355554444', 'hpkdy001', 15, '2023-01', 2, 1, 1575347921490882562, '2023-01-15 10:17:39', '2023-01-15 16:06:11'),
	(1614683835784040450, 1024988498702245281, '李平和', '17788889999', 'hpkdy002', 15, '2023-01', 2, 1, 1575347921490882562, '2023-01-15 10:18:22', '2023-01-15 16:05:52'),
	(1614683835784040451, 1024988744815617761, '李姑皇', '17766667777', 'gukdy001', 15, '2023-01', 2, 1, 1575347921490882562, '2023-01-15 10:19:20', '2023-01-15 18:26:28'),
	(1614683835792429057, 1024989856838856577, '李皇姑', '18877776666', 'hgkdy002', 15, '2023-01', 2, 1, 1575347921490882562, '2023-01-15 10:23:46', '2023-01-15 18:28:37'),
	(1614683835792429058, 1024994498993865153, '司华中', '18877776666', 'hzsj', 15, '2023-01', 3, 1, 1575347921490882562, '2023-01-15 10:42:12', '2023-01-15 12:54:04'),
	(1614683835792429059, 1024994711959651169, '司武汉', '17788887777', 'whsj', 15, '2023-01', 3, 1, 1575347921490882562, '2023-01-15 10:43:03', '2023-01-15 15:55:24'),
	(1614683835792429060, 1024995063794648993, '李江汉', '17799990000', 'jhkdy001', 15, '2023-01', 2, 1, 1575347921490882562, '2023-01-15 10:44:27', '2023-01-15 12:54:04'),
	(1614683835796623361, 1024995257768626273, '李汉江', '17788882222', 'jhkdy002', 15, '2023-01', 2, 1, 1575347921490882562, '2023-01-15 10:45:13', '2023-01-15 09:50:15'),
	(1614683835796623362, 1024995991193013985, '李武昌', '18877778888', 'wckdy001', 15, '2023-01', 2, 1, 1575347921490882562, '2023-01-15 10:48:08', '2023-01-15 12:54:04'),
	(1614683835796623363, 1024996147695079329, '李昌武', '18877776666', 'wckdy002', 15, '2023-01', 2, 1, 1575347921490882562, '2023-01-15 10:48:45', '2023-01-15 12:54:04'),
	(1614683835796623364, 1024997316655995489, '司东北', '17788887777', 'dbsj', 15, '2023-01', 3, 1, 1575347921490882562, '2023-01-15 10:53:24', '2023-01-15 12:54:03'),
	(1614683835800817666, 1025074399029692449, '王和平', '17788887777', 'hpkdy003', 15, '2023-01', 2, 1, 1575347921490882562, '2023-01-15 15:59:42', '2023-01-15 16:01:07'),
	(1615046222835945474, 1024738476802799553, '周一', '13571250987', 'xbsj001', 16, '2023-01', 3, 1, 1575259393138438146, '2023-01-16 17:44:52', '2023-01-16 11:16:37'),
	(1615046222840139777, 1024738594893428865, '周二', '18500224566', 'xbsj002', 16, '2023-01', 3, 1, 1575259393138438146, '2023-01-16 17:45:20', '2023-01-16 11:16:37'),
	(1615046222840139778, 1024741978908228513, '吴用', '18500766555', 'xnsj001', 16, '2023-01', 3, 1, 1575259393138438146, '2023-01-16 17:58:47', '2023-01-16 11:16:37'),
	(1615046222840139779, 1024742117286706369, '吴西', '18346766666', 'xnsj002', 16, '2023-01', 3, 1, 1575259393138438146, '2023-01-16 17:59:20', '2023-01-16 11:16:37'),
	(1615046222840139780, 1024742265953811937, '成功', '18950867777', 'cdsj001', 16, '2023-01', 3, 1, 1575259393138438146, '2023-01-16 17:59:55', '2023-01-16 11:17:58'),
	(1615046222848528385, 1024742403489234657, '成仁', '18394867666', 'cdsj002', 16, '2023-01', 3, 1, 1575259393138438146, '2023-01-16 18:00:28', '2023-01-16 11:17:58'),
	(1615046222848528386, 1024976390379916929, '西王', '18355544444', 'xasj001', 16, '2023-01', 3, 1, 1575259393138438146, '2023-01-16 09:30:15', '2023-01-16 11:17:58'),
	(1615046222848528387, 1024976605161836353, '西米', '17655555555', 'xasj002', 16, '2023-01', 3, 1, 1575259393138438146, '2023-01-16 09:31:06', '2023-01-16 11:17:58'),
	(1615046222848528388, 1024976781221941281, '贝林', '13434343434', 'blkdy001', 16, '2023-01', 2, 1, 1575259393138438146, '2023-01-16 09:31:48', '2023-01-16 11:17:58'),
	(1615046222848528389, 1024976941658263777, '贝小贝', '13433434544', 'blkdy002', 16, '2023-01', 2, 1, 1575259393138438146, '2023-01-16 09:32:27', '2023-01-16 11:17:57'),
	(1615046222848528390, 1024977078208025057, '长小名', '18364636473', 'casj001', 16, '2023-01', 2, 1, 1575259393138438146, '2023-01-16 09:32:59', '2023-01-16 11:17:57'),
	(1615046222852722689, 1024977221418341025, '长城', '13445657565', 'casj002', 16, '2023-01', 2, 1, 1575259393138438146, '2023-01-16 09:33:33', '2023-01-16 11:17:57'),
	(1615046222852722690, 1024977388880122881, '金元宝', '18374673467', 'jnkdy001', 16, '2023-01', 2, 1, 1575259393138438146, '2023-01-16 09:34:13', '2023-01-16 11:17:56'),
	(1615046222852722691, 1024977522992993473, '金开', '18374734736', 'jnkdy002', 16, '2023-01', 2, 1, 1575259393138438146, '2023-01-16 09:34:45', '2023-01-16 11:17:55'),
	(1615046222852722692, 1024977621806601633, '青青', '18273827382', 'qykdy001', 16, '2023-01', 2, 1, 1575259393138438146, '2023-01-16 09:35:08', '2023-01-16 11:18:18'),
	(1615046222852722693, 1024977719693268993, '青风', '18273872382', 'qykdy002', 16, '2023-01', 2, 1, 1575259393138438146, '2023-01-16 09:35:32', '2023-01-16 11:18:18'),
	(1615046222852722694, 1024984140988150081, '华亮', '18837473473', 'hdsj001', 16, '2023-01', 3, 1, 1575259393138438146, '2023-01-16 10:01:03', '2023-01-16 11:18:18'),
	(1615046222856916994, 1024984230121304705, '华明', '13454545454', 'hdsj002', 16, '2023-01', 3, 1, 1575259393138438146, '2023-01-16 10:01:24', '2023-01-16 11:18:18'),
	(1615046222856916995, 1024984365991588705, '海明月', '18566666667', 'shsj001', 16, '2023-01', 3, 1, 1575259393138438146, '2023-01-16 10:01:57', '2023-01-16 11:18:17'),
	(1615046222856916996, 1024984516357387297, '海阔', '18734736473', 'shsj002', 16, '2023-01', 3, 1, 1575259393138438146, '2023-01-16 10:02:32', '2023-01-16 11:18:17'),
	(1615046222861111297, 1024984720745821569, '周生生', '18776676767', 'hkkdy001', 16, '2023-01', 2, 1, 1575259393138438146, '2023-01-16 10:03:21', '2023-01-16 11:18:17'),
	(1615046222861111298, 1024984891772761697, '周生辰', '13434343434', 'hkkdy002', 16, '2023-01', 2, 1, 1575259393138438146, '2023-01-16 10:04:02', '2023-01-16 11:18:17'),
	(1615046222861111299, 1024985344870841121, '刘徽', '18737373647', 'pdkdy001', 16, '2023-01', 2, 1, 1575259393138438146, '2023-01-16 10:05:50', '2023-01-16 11:18:17'),
	(1615046222861111300, 1024985481462545409, '萧晏', '18737473647', 'pdkdy002', 16, '2023-01', 2, 1, 1575259393138438146, '2023-01-16 10:06:22', '2023-01-16 11:18:17'),
	(1615046222861111301, 1024985621531327777, '平秦王', '18723736473', 'hbsj001', 16, '2023-01', 3, 1, 1575259393138438146, '2023-01-16 10:06:56', '2023-01-16 11:18:48'),
	(1615046223049854977, 1024986076978217057, '长孙杰', '13987675455', 'hbsj002', 16, '2023-01', 3, 1, 1575259393138438146, '2023-01-16 10:08:44', '2023-01-16 11:18:48'),
	(1615046223049854978, 1024986455853892225, '漼时宜', '17898989565', 'bjsj002', 16, '2023-01', 3, 1, 1575259393138438146, '2023-01-16 10:10:15', '2023-01-16 11:18:48'),
	(1615046223049854979, 1024987310187482529, '宏晓誉', '18737437483', 'bjsj001', 16, '2023-01', 3, 1, 1575259393138438146, '2023-01-16 10:13:38', '2023-01-16 11:18:48'),
	(1615046223049854980, 1024987378881793537, '司沈阳', '13311111222', 'sysj001', 16, '2023-01', 3, 1, 1575259393138438146, '2023-01-16 10:13:57', '2023-01-16 11:18:48'),
	(1615046223049854981, 1024987860782158145, '顺意', '18734736473', 'sykdy001', 16, '2023-01', 2, 1, 1575259393138438146, '2023-01-16 10:15:50', '2023-01-16 11:18:48'),
	(1615046223049854982, 1024987931753976513, '顺心', '17647657465', 'sykdy002', 16, '2023-01', 2, 1, 1575259393138438146, '2023-01-16 10:16:07', '2023-01-16 11:18:48'),
	(1615046223049854983, 1024988097613534273, '景昌', '18784574758', 'cpkdy001', 16, '2023-01', 2, 1, 1575259393138438146, '2023-01-16 10:16:46', '2023-01-16 11:18:48'),
	(1615046223238598658, 1024988171324232993, '景元', '18783748374', 'cpkdy002', 16, '2023-01', 2, 1, 1575259393138438146, '2023-01-16 10:17:04', '2023-01-16 11:18:48'),
	(1615046223238598659, 1024988319861315553, '李和平', '13355554444', 'hpkdy001', 16, '2023-01', 2, 1, 1575347921490882562, '2023-01-16 10:17:39', '2023-01-16 16:06:11'),
	(1615046223238598660, 1024988498702245281, '李平和', '17788889999', 'hpkdy002', 16, '2023-01', 2, 1, 1575347921490882562, '2023-01-16 10:18:22', '2023-01-16 16:05:52'),
	(1615046223242792961, 1024988744815617761, '李姑皇', '17766667777', 'gukdy001', 16, '2023-01', 2, 1, 1575347921490882562, '2023-01-16 10:19:20', '2023-01-16 18:26:28'),
	(1615046223242792962, 1024989856838856577, '李皇姑', '18877776666', 'hgkdy002', 16, '2023-01', 2, 1, 1575347921490882562, '2023-01-16 10:23:46', '2023-01-16 18:28:37'),
	(1615046223242792963, 1024994498993865153, '司华中', '18877776666', 'hzsj', 16, '2023-01', 3, 1, 1575347921490882562, '2023-01-16 10:42:12', '2023-01-16 12:54:04'),
	(1615046223246987265, 1024994711959651169, '司武汉', '17788887777', 'whsj', 16, '2023-01', 3, 1, 1575347921490882562, '2023-01-16 10:43:03', '2023-01-16 15:55:24'),
	(1615046223246987266, 1024995063794648993, '李江汉', '17799990000', 'jhkdy001', 16, '2023-01', 2, 1, 1575347921490882562, '2023-01-16 10:44:27', '2023-01-16 12:54:04'),
	(1615046223246987267, 1024995257768626273, '李汉江', '17788882222', 'jhkdy002', 16, '2023-01', 2, 1, 1575347921490882562, '2023-01-16 10:45:13', '2023-01-16 09:50:15'),
	(1615046223246987268, 1024995991193013985, '李武昌', '18877778888', 'wckdy001', 16, '2023-01', 2, 1, 1575347921490882562, '2023-01-16 10:48:08', '2023-01-16 12:54:04'),
	(1615046223251181569, 1024996147695079329, '李昌武', '18877776666', 'wckdy002', 16, '2023-01', 2, 1, 1575347921490882562, '2023-01-16 10:48:45', '2023-01-16 12:54:04'),
	(1615046223251181570, 1024997316655995489, '司东北', '17788887777', 'dbsj', 16, '2023-01', 3, 1, 1575347921490882562, '2023-01-16 10:53:24', '2023-01-16 12:54:03'),
	(1615046223251181571, 1025074399029692449, '王和平', '17788887777', 'hpkdy003', 16, '2023-01', 2, 1, 1575347921490882562, '2023-01-16 15:59:42', '2023-01-16 16:01:07'),
	(1615046223251181572, 1025104059952247329, '司华南', '17788887777', 'hnsj001', 16, '2023-01', 3, 1, 1575258946549919745, '2023-01-16 17:57:36', '2023-01-16 09:40:21'),
	(1615046223251181573, 1025104550799061921, '司深圳', '18877776666', 'szsj001', 16, '2023-01', 3, 1, 1575258946549919745, '2023-01-16 17:59:31', '2023-01-16 09:40:21'),
	(1615046223251181574, 1025109259005971617, '王光明', '18877776666', 'gmkdy001', 16, '2023-01', 2, 1, 1575258946549919745, '2023-01-16 18:18:13', '2023-01-16 09:40:03'),
	(1615046223259570178, 1025110041134617825, '王保安', '18877776666', 'bakdy001', 16, '2023-01', 2, 1, 1575258946549919745, '2023-01-16 18:21:20', '2023-01-16 09:40:03'),
	(1615046223293124610, 1025110490961140193, '王明光', '16677779999', 'gmkdy002', 16, '2023-01', 2, 1, 1575258946549919745, '2023-01-16 18:23:07', '2023-01-16 09:40:02'),
	(1615046223297318914, 1025110675888003969, '王安宝', '16677776666', 'bakdy002', 16, '2023-01', 2, 1, 1575258946549919745, '2023-01-16 18:23:51', '2023-01-16 09:40:02'),
	(1615046223297318915, 1025110935532199265, '王越秀', '16688886666', 'yxkdy001', 16, '2023-01', 2, 1, 1575258946549919745, '2023-01-16 18:24:53', '2023-01-16 09:40:02'),
	(1615046223297318916, 1025111112225644097, '王华都', '17799995555', 'hdkdy001', 16, '2023-01', 2, 1, 1575258946549919745, '2023-01-16 18:25:37', '2023-01-16 09:40:02'),
	(1615046223301513218, 1025111247919767297, '王都花', '16677776666', 'hdkdy002', 16, '2023-01', 2, 1, 1575258946549919745, '2023-01-16 18:26:07', '2023-01-16 09:40:02'),
	(1615046223360233474, 1025111573938823425, '王秀越', '17788887777', 'yxkdy002', 16, '2023-01', 2, 1, 1575258946549919745, '2023-01-16 18:27:25', '2023-01-16 09:40:02'),
	(1615046223653834753, 1025112013736764417, '司广州', '18877770000', 'gzsj', 16, '2023-01', 3, 1, 1575258946549919745, '2023-01-16 18:29:10', '2023-01-16 09:40:01'),
	(1615046223653834754, 1025428687312684929, '张成飞', '18866666666', 'sl001', 16, '2023-01', 1, 1, 1575258946549919745, '2023-01-16 15:27:31', '2023-01-16 09:50:38'),
	(1615046223653834755, 1027527374507700225, '张调马', '13111332426', 'sldd001', 16, '2023-01', 1, 1, 1575259393138438146, '2023-01-16 10:26:57', '2023-01-16 13:38:23'),
	(1615408611947253762, 1024738476802799553, '周一', '13571250987', 'xbsj001', 17, '2023-01', 3, 1, 1575259393138438146, '2023-01-17 17:44:52', '2023-01-17 11:16:37'),
	(1615408611947253763, 1024738594893428865, '周二', '18500224566', 'xbsj002', 17, '2023-01', 3, 1, 1575259393138438146, '2023-01-17 17:45:20', '2023-01-17 11:16:37'),
	(1615408611947253764, 1024741978908228513, '吴用', '18500766555', 'xnsj001', 17, '2023-01', 3, 1, 1575259393138438146, '2023-01-17 17:58:47', '2023-01-17 11:16:37'),
	(1615408611947253765, 1024742117286706369, '吴西', '18346766666', 'xnsj002', 17, '2023-01', 3, 1, 1575259393138438146, '2023-01-17 17:59:20', '2023-01-17 11:16:37'),
	(1615408611947253766, 1024742265953811937, '成功', '18950867777', 'cdsj001', 17, '2023-01', 3, 1, 1575259393138438146, '2023-01-17 17:59:55', '2023-01-17 11:17:58'),
	(1615408611947253767, 1024742403489234657, '成仁', '18394867666', 'cdsj002', 17, '2023-01', 3, 1, 1575259393138438146, '2023-01-17 18:00:28', '2023-01-17 11:17:58'),
	(1615408611959836673, 1024976390379916929, '西王', '18355544444', 'xasj001', 17, '2023-01', 3, 1, 1575259393138438146, '2023-01-17 09:30:15', '2023-01-17 11:17:58'),
	(1615408611959836674, 1024976605161836353, '西米', '17655555555', 'xasj002', 17, '2023-01', 3, 1, 1575259393138438146, '2023-01-17 09:31:06', '2023-01-17 11:17:58'),
	(1615408611959836675, 1024976781221941281, '贝林', '13434343434', 'blkdy001', 17, '2023-01', 2, 1, 1575259393138438146, '2023-01-17 09:31:48', '2023-01-17 11:17:58'),
	(1615408611959836676, 1024976941658263777, '贝小贝', '13433434544', 'blkdy002', 17, '2023-01', 2, 1, 1575259393138438146, '2023-01-17 09:32:27', '2023-01-17 11:17:57'),
	(1615408611959836677, 1024977078208025057, '长小名', '18364636473', 'casj001', 17, '2023-01', 2, 1, 1575259393138438146, '2023-01-17 09:32:59', '2023-01-17 11:17:57'),
	(1615408611959836678, 1024977221418341025, '长城', '13445657565', 'casj002', 17, '2023-01', 2, 1, 1575259393138438146, '2023-01-17 09:33:33', '2023-01-17 11:17:57'),
	(1615408611964030978, 1024977388880122881, '金元宝', '18374673467', 'jnkdy001', 17, '2023-01', 2, 1, 1575259393138438146, '2023-01-17 09:34:13', '2023-01-17 11:17:56'),
	(1615408611964030979, 1024977522992993473, '金开', '18374734736', 'jnkdy002', 17, '2023-01', 2, 1, 1575259393138438146, '2023-01-17 09:34:45', '2023-01-17 11:17:55'),
	(1615408611964030980, 1024977621806601633, '青青', '18273827382', 'qykdy001', 17, '2023-01', 2, 1, 1575259393138438146, '2023-01-17 09:35:08', '2023-01-17 11:18:18'),
	(1615408611964030981, 1024977719693268993, '青风', '18273872382', 'qykdy002', 17, '2023-01', 2, 1, 1575259393138438146, '2023-01-17 09:35:32', '2023-01-17 11:18:18'),
	(1615408611964030982, 1024984140988150081, '华亮', '18837473473', 'hdsj001', 17, '2023-01', 3, 1, 1575259393138438146, '2023-01-17 10:01:03', '2023-01-17 11:18:18'),
	(1615408611964030983, 1024984230121304705, '华明', '13454545454', 'hdsj002', 17, '2023-01', 3, 1, 1575259393138438146, '2023-01-17 10:01:24', '2023-01-17 11:18:18'),
	(1615408611968225281, 1024984365991588705, '海明月', '18566666667', 'shsj001', 17, '2023-01', 3, 1, 1575259393138438146, '2023-01-17 10:01:57', '2023-01-17 11:18:17'),
	(1615408611968225282, 1024984516357387297, '海阔', '18734736473', 'shsj002', 17, '2023-01', 3, 1, 1575259393138438146, '2023-01-17 10:02:32', '2023-01-17 11:18:17'),
	(1615408611968225283, 1024984720745821569, '周生生', '18776676767', 'hkkdy001', 17, '2023-01', 2, 1, 1575259393138438146, '2023-01-17 10:03:21', '2023-01-17 11:18:17'),
	(1615408611968225284, 1024984891772761697, '周生辰', '13434343434', 'hkkdy002', 17, '2023-01', 2, 1, 1575259393138438146, '2023-01-17 10:04:02', '2023-01-17 11:18:17'),
	(1615408611968225285, 1024985344870841121, '刘徽', '18737373647', 'pdkdy001', 17, '2023-01', 2, 1, 1575259393138438146, '2023-01-17 10:05:50', '2023-01-17 11:18:17'),
	(1615408611968225286, 1024985481462545409, '萧晏', '18737473647', 'pdkdy002', 17, '2023-01', 2, 1, 1575259393138438146, '2023-01-17 10:06:22', '2023-01-17 11:18:17'),
	(1615408611972419586, 1024985621531327777, '平秦王', '18723736473', 'hbsj001', 17, '2023-01', 3, 1, 1575259393138438146, '2023-01-17 10:06:56', '2023-01-17 11:18:48'),
	(1615408611972419587, 1024986076978217057, '长孙杰', '13987675455', 'hbsj002', 17, '2023-01', 3, 1, 1575259393138438146, '2023-01-17 10:08:44', '2023-01-17 11:18:48'),
	(1615408611972419588, 1024986455853892225, '漼时宜', '17898989565', 'bjsj002', 17, '2023-01', 3, 1, 1575259393138438146, '2023-01-17 10:10:15', '2023-01-17 11:18:48'),
	(1615408611972419589, 1024987310187482529, '宏晓誉', '18737437483', 'bjsj001', 17, '2023-01', 3, 1, 1575259393138438146, '2023-01-17 10:13:38', '2023-01-17 11:18:48'),
	(1615408611972419590, 1024987378881793537, '司沈阳', '13311111222', 'sysj001', 17, '2023-01', 3, 1, 1575259393138438146, '2023-01-17 10:13:57', '2023-01-17 11:18:48'),
	(1615408611972419591, 1024987860782158145, '顺意', '18734736473', 'sykdy001', 17, '2023-01', 2, 1, 1575259393138438146, '2023-01-17 10:15:50', '2023-01-17 11:18:48'),
	(1615408611972419592, 1024987931753976513, '顺心', '17647657465', 'sykdy002', 17, '2023-01', 2, 1, 1575259393138438146, '2023-01-17 10:16:07', '2023-01-17 11:18:48'),
	(1615408611972419593, 1024988097613534273, '景昌', '18784574758', 'cpkdy001', 17, '2023-01', 2, 1, 1575259393138438146, '2023-01-17 10:16:46', '2023-01-17 11:18:48'),
	(1615408611972419594, 1024988171324232993, '景元', '18783748374', 'cpkdy002', 17, '2023-01', 2, 1, 1575259393138438146, '2023-01-17 10:17:04', '2023-01-17 11:18:48'),
	(1615408611972419595, 1024988319861315553, '李和平', '13355554444', 'hpkdy001', 17, '2023-01', 2, 1, 1575347921490882562, '2023-01-17 10:17:39', '2023-01-17 16:06:11'),
	(1615408611972419596, 1024988498702245281, '李平和', '17788889999', 'hpkdy002', 17, '2023-01', 2, 1, 1575347921490882562, '2023-01-17 10:18:22', '2023-01-17 16:05:52'),
	(1615408611972419597, 1024988744815617761, '李姑皇', '17766667777', 'gukdy001', 17, '2023-01', 2, 1, 1575347921490882562, '2023-01-17 10:19:20', '2023-01-17 18:26:28'),
	(1615408611972419598, 1024989856838856577, '李皇姑', '18877776666', 'hgkdy002', 17, '2023-01', 2, 1, 1575347921490882562, '2023-01-17 10:23:46', '2023-01-17 18:28:37'),
	(1615408611972419599, 1024994498993865153, '司华中', '18877776666', 'hzsj', 17, '2023-01', 3, 1, 1575347921490882562, '2023-01-17 10:42:12', '2023-01-17 12:54:04'),
	(1615408611972419600, 1024994711959651169, '司武汉', '17788887777', 'whsj', 17, '2023-01', 3, 1, 1575347921490882562, '2023-01-17 10:43:03', '2023-01-17 15:55:24'),
	(1615408611972419601, 1024995063794648993, '李江汉', '17799990000', 'jhkdy001', 17, '2023-01', 2, 1, 1575347921490882562, '2023-01-17 10:44:27', '2023-01-17 12:54:04'),
	(1615408611972419602, 1024995257768626273, '李汉江', '17788882222', 'jhkdy002', 17, '2023-01', 2, 1, 1575347921490882562, '2023-01-17 10:45:13', '2023-01-17 09:50:15'),
	(1615408611972419603, 1024995991193013985, '李武昌', '18877778888', 'wckdy001', 17, '2023-01', 2, 1, 1575347921490882562, '2023-01-17 10:48:08', '2023-01-17 12:54:04'),
	(1615408611972419604, 1024996147695079329, '李昌武', '18877776666', 'wckdy002', 17, '2023-01', 2, 1, 1575347921490882562, '2023-01-17 10:48:45', '2023-01-17 12:54:04'),
	(1615408611972419605, 1024997316655995489, '司东北', '17788887777', 'dbsj', 17, '2023-01', 3, 1, 1575347921490882562, '2023-01-17 10:53:24', '2023-01-17 12:54:03'),
	(1615408611972419606, 1025074399029692449, '王和平', '17788887777', 'hpkdy003', 17, '2023-01', 2, 1, 1575347921490882562, '2023-01-17 15:59:42', '2023-01-17 16:01:07'),
	(1615408611972419607, 1025104059952247329, '司华南', '17788887777', 'hnsj001', 17, '2023-01', 3, 1, 1575258946549919745, '2023-01-17 17:57:36', '2023-01-17 09:40:21'),
	(1615408611972419608, 1025104550799061921, '司深圳', '18877776666', 'szsj001', 17, '2023-01', 3, 1, 1575258946549919745, '2023-01-17 17:59:31', '2023-01-17 09:40:21'),
	(1615408611972419609, 1025109259005971617, '王光明', '18877776666', 'gmkdy001', 17, '2023-01', 2, 1, 1575258946549919745, '2023-01-17 18:18:13', '2023-01-17 09:40:03'),
	(1615408611972419610, 1025110041134617825, '王保安', '18877776666', 'bakdy001', 17, '2023-01', 2, 1, 1575258946549919745, '2023-01-17 18:21:20', '2023-01-17 09:40:03'),
	(1615408611972419611, 1025110490961140193, '王明光', '16677779999', 'gmkdy002', 17, '2023-01', 2, 1, 1575258946549919745, '2023-01-17 18:23:07', '2023-01-17 09:40:02'),
	(1615408611972419612, 1025110675888003969, '王安宝', '16677776666', 'bakdy002', 17, '2023-01', 2, 1, 1575258946549919745, '2023-01-17 18:23:51', '2023-01-17 09:40:02'),
	(1615408611972419613, 1025110935532199265, '王越秀', '16688886666', 'yxkdy001', 17, '2023-01', 2, 1, 1575258946549919745, '2023-01-17 18:24:53', '2023-01-17 09:40:02'),
	(1615408612354101250, 1025111112225644097, '王华都', '17799995555', 'hdkdy001', 17, '2023-01', 2, 1, 1575258946549919745, '2023-01-17 18:25:37', '2023-01-17 09:40:02'),
	(1615408612354101251, 1025111247919767297, '王都花', '16677776666', 'hdkdy002', 17, '2023-01', 2, 1, 1575258946549919745, '2023-01-17 18:26:07', '2023-01-17 09:40:02'),
	(1615408612354101252, 1025111573938823425, '王秀越', '17788887777', 'yxkdy002', 17, '2023-01', 2, 1, 1575258946549919745, '2023-01-17 18:27:25', '2023-01-17 09:40:02'),
	(1615408612358295553, 1025112013736764417, '司广州', '18877770000', 'gzsj', 17, '2023-01', 3, 1, 1575258946549919745, '2023-01-17 18:29:10', '2023-01-17 09:40:01'),
	(1615408612358295554, 1025428687312684929, '张成飞', '18866666666', 'sl001', 17, '2023-01', 1, 1, 1575258946549919745, '2023-01-17 15:27:31', '2023-01-17 09:50:38'),
	(1615408612358295555, 1027527374507700225, '张调马', '13111332426', 'sldd001', 17, '2023-01', 1, 1, 1575259393138438146, '2023-01-17 10:26:57', '2023-01-17 13:38:23'),
	(1615771000735600642, 1024738476802799553, '周一', '13571250987', 'xbsj001', 18, '2023-01', 3, 1, 1575259393138438146, '2023-01-18 17:44:52', '2023-01-18 11:16:37'),
	(1615771000735600643, 1024738594893428865, '周二', '18500224566', 'xbsj002', 18, '2023-01', 3, 1, 1575259393138438146, '2023-01-18 17:45:20', '2023-01-18 11:16:37'),
	(1615771000739794945, 1024741978908228513, '吴用', '18500766555', 'xnsj001', 18, '2023-01', 3, 1, 1575259393138438146, '2023-01-18 17:58:47', '2023-01-18 11:16:37'),
	(1615771000739794946, 1024742117286706369, '吴西', '18346766666', 'xnsj002', 18, '2023-01', 3, 1, 1575259393138438146, '2023-01-18 17:59:20', '2023-01-18 11:16:37'),
	(1615771000739794947, 1024742265953811937, '成功', '18950867777', 'cdsj001', 18, '2023-01', 3, 1, 1575259393138438146, '2023-01-18 17:59:55', '2023-01-18 11:17:58'),
	(1615771000739794948, 1024742403489234657, '成仁', '18394867666', 'cdsj002', 18, '2023-01', 3, 1, 1575259393138438146, '2023-01-18 18:00:28', '2023-01-18 11:17:58'),
	(1615771000739794949, 1024976390379916929, '西王', '18355544444', 'xasj001', 18, '2023-01', 3, 1, 1575259393138438146, '2023-01-18 09:30:15', '2023-01-18 11:17:58'),
	(1615771000743989249, 1024976605161836353, '西米', '17655555555', 'xasj002', 18, '2023-01', 3, 1, 1575259393138438146, '2023-01-18 09:31:06', '2023-01-18 11:17:58'),
	(1615771000743989250, 1024976781221941281, '贝林', '13434343434', 'blkdy001', 18, '2023-01', 2, 1, 1575259393138438146, '2023-01-18 09:31:48', '2023-01-18 11:17:58'),
	(1615771000743989251, 1024976941658263777, '贝小贝', '13433434544', 'blkdy002', 18, '2023-01', 2, 1, 1575259393138438146, '2023-01-18 09:32:27', '2023-01-18 11:17:57'),
	(1615771000743989252, 1024977078208025057, '长小名', '18364636473', 'casj001', 18, '2023-01', 2, 1, 1575259393138438146, '2023-01-18 09:32:59', '2023-01-18 11:17:57'),
	(1615771000743989253, 1024977221418341025, '长城', '13445657565', 'casj002', 18, '2023-01', 2, 1, 1575259393138438146, '2023-01-18 09:33:33', '2023-01-18 11:17:57'),
	(1615771000743989254, 1024977388880122881, '金元宝', '18374673467', 'jnkdy001', 18, '2023-01', 2, 1, 1575259393138438146, '2023-01-18 09:34:13', '2023-01-18 11:17:56'),
	(1615771000743989255, 1024977522992993473, '金开', '18374734736', 'jnkdy002', 18, '2023-01', 2, 1, 1575259393138438146, '2023-01-18 09:34:45', '2023-01-18 11:17:55'),
	(1615771000743989256, 1024977621806601633, '青青', '18273827382', 'qykdy001', 18, '2023-01', 2, 1, 1575259393138438146, '2023-01-18 09:35:08', '2023-01-18 11:18:18'),
	(1615771000743989257, 1024977719693268993, '青风', '18273872382', 'qykdy002', 18, '2023-01', 2, 1, 1575259393138438146, '2023-01-18 09:35:32', '2023-01-18 11:18:18'),
	(1615771000743989258, 1024984140988150081, '华亮', '18837473473', 'hdsj001', 18, '2023-01', 3, 1, 1575259393138438146, '2023-01-18 10:01:03', '2023-01-18 11:18:18'),
	(1615771001066950658, 1024984230121304705, '华明', '13454545454', 'hdsj002', 18, '2023-01', 3, 1, 1575259393138438146, '2023-01-18 10:01:24', '2023-01-18 11:18:18'),
	(1615771001066950659, 1024984365991588705, '海明月', '18566666667', 'shsj001', 18, '2023-01', 3, 1, 1575259393138438146, '2023-01-18 10:01:57', '2023-01-18 11:18:17'),
	(1615771001066950660, 1024984516357387297, '海阔', '18734736473', 'shsj002', 18, '2023-01', 3, 1, 1575259393138438146, '2023-01-18 10:02:32', '2023-01-18 11:18:17'),
	(1615771001066950661, 1024984720745821569, '周生生', '18776676767', 'hkkdy001', 18, '2023-01', 2, 1, 1575259393138438146, '2023-01-18 10:03:21', '2023-01-18 11:18:17'),
	(1615771001066950662, 1024984891772761697, '周生辰', '13434343434', 'hkkdy002', 18, '2023-01', 2, 1, 1575259393138438146, '2023-01-18 10:04:02', '2023-01-18 11:18:17'),
	(1615771001066950663, 1024985344870841121, '刘徽', '18737373647', 'pdkdy001', 18, '2023-01', 2, 1, 1575259393138438146, '2023-01-18 10:05:50', '2023-01-18 11:18:17'),
	(1615771001066950664, 1024985481462545409, '萧晏', '18737473647', 'pdkdy002', 18, '2023-01', 2, 1, 1575259393138438146, '2023-01-18 10:06:22', '2023-01-18 11:18:17'),
	(1615771001071144961, 1024985621531327777, '平秦王', '18723736473', 'hbsj001', 18, '2023-01', 3, 1, 1575259393138438146, '2023-01-18 10:06:56', '2023-01-18 11:18:48'),
	(1615771001071144962, 1024986076978217057, '长孙杰', '13987675455', 'hbsj002', 18, '2023-01', 3, 1, 1575259393138438146, '2023-01-18 10:08:44', '2023-01-18 11:18:48'),
	(1615771001071144963, 1024986455853892225, '漼时宜', '17898989565', 'bjsj002', 18, '2023-01', 3, 1, 1575259393138438146, '2023-01-18 10:10:15', '2023-01-18 11:18:48'),
	(1615771001071144964, 1024987310187482529, '宏晓誉', '18737437483', 'bjsj001', 18, '2023-01', 3, 1, 1575259393138438146, '2023-01-18 10:13:38', '2023-01-18 11:18:48'),
	(1615771001071144965, 1024987378881793537, '司沈阳', '13311111222', 'sysj001', 18, '2023-01', 3, 1, 1575259393138438146, '2023-01-18 10:13:57', '2023-01-18 11:18:48'),
	(1615771001075339266, 1024987860782158145, '顺意', '18734736473', 'sykdy001', 18, '2023-01', 2, 1, 1575259393138438146, '2023-01-18 10:15:50', '2023-01-18 11:18:48'),
	(1615771001075339267, 1024987931753976513, '顺心', '17647657465', 'sykdy002', 18, '2023-01', 2, 1, 1575259393138438146, '2023-01-18 10:16:07', '2023-01-18 11:18:48'),
	(1615771001075339268, 1024988097613534273, '景昌', '18784574758', 'cpkdy001', 18, '2023-01', 2, 1, 1575259393138438146, '2023-01-18 10:16:46', '2023-01-18 11:18:48'),
	(1615771001075339269, 1024988171324232993, '景元', '18783748374', 'cpkdy002', 18, '2023-01', 2, 1, 1575259393138438146, '2023-01-18 10:17:04', '2023-01-18 11:18:48'),
	(1615771001075339270, 1024988319861315553, '李和平', '13355554444', 'hpkdy001', 18, '2023-01', 2, 1, 1575347921490882562, '2023-01-18 10:17:39', '2023-01-18 16:06:11'),
	(1615771001079533569, 1024988498702245281, '李平和', '17788889999', 'hpkdy002', 18, '2023-01', 2, 1, 1575347921490882562, '2023-01-18 10:18:22', '2023-01-18 16:05:52'),
	(1615771001079533570, 1024988744815617761, '李姑皇', '17766667777', 'gukdy001', 18, '2023-01', 2, 1, 1575347921490882562, '2023-01-18 10:19:20', '2023-01-18 18:26:28'),
	(1615771001079533571, 1024989856838856577, '李皇姑', '18877776666', 'hgkdy002', 18, '2023-01', 2, 1, 1575347921490882562, '2023-01-18 10:23:46', '2023-01-18 18:28:37'),
	(1615771001079533572, 1024994498993865153, '司华中', '18877776666', 'hzsj', 18, '2023-01', 3, 1, 1575347921490882562, '2023-01-18 10:42:12', '2023-01-18 12:54:04'),
	(1615771001079533573, 1024994711959651169, '司武汉', '17788887777', 'whsj', 18, '2023-01', 3, 1, 1575347921490882562, '2023-01-18 10:43:03', '2023-01-18 15:55:24'),
	(1615771001079533574, 1024995063794648993, '李江汉', '17799990000', 'jhkdy001', 18, '2023-01', 2, 1, 1575347921490882562, '2023-01-18 10:44:27', '2023-01-18 12:54:04'),
	(1615771001079533575, 1024995257768626273, '李汉江', '17788882222', 'jhkdy002', 18, '2023-01', 2, 1, 1575347921490882562, '2023-01-18 10:45:13', '2023-01-18 09:50:15'),
	(1615771001079533576, 1024995991193013985, '李武昌', '18877778888', 'wckdy001', 18, '2023-01', 2, 1, 1575347921490882562, '2023-01-18 10:48:08', '2023-01-18 12:54:04'),
	(1615771001087922177, 1024996147695079329, '李昌武', '18877776666', 'wckdy002', 18, '2023-01', 2, 1, 1575347921490882562, '2023-01-18 10:48:45', '2023-01-18 12:54:04'),
	(1615771001087922178, 1024997316655995489, '司东北', '17788887777', 'dbsj', 18, '2023-01', 3, 1, 1575347921490882562, '2023-01-18 10:53:24', '2023-01-18 12:54:03'),
	(1615771001087922179, 1025074399029692449, '王和平', '17788887777', 'hpkdy003', 18, '2023-01', 2, 1, 1575347921490882562, '2023-01-18 15:59:42', '2023-01-18 16:01:07'),
	(1615771001087922180, 1025104059952247329, '司华南', '17788887777', 'hnsj001', 18, '2023-01', 3, 1, 1575258946549919745, '2023-01-18 17:57:36', '2023-01-18 09:40:21'),
	(1615771001163419650, 1025104550799061921, '司深圳', '18877776666', 'szsj001', 18, '2023-01', 3, 1, 1575258946549919745, '2023-01-18 17:59:31', '2023-01-18 09:40:21'),
	(1615771001163419651, 1025109259005971617, '王光明', '18877776666', 'gmkdy001', 18, '2023-01', 2, 1, 1575258946549919745, '2023-01-18 18:18:13', '2023-01-18 09:40:03'),
	(1615771001163419652, 1025110041134617825, '王保安', '18877776666', 'bakdy001', 18, '2023-01', 2, 1, 1575258946549919745, '2023-01-18 18:21:20', '2023-01-18 09:40:03'),
	(1615771001163419653, 1025110490961140193, '王明光', '16677779999', 'gmkdy002', 18, '2023-01', 2, 1, 1575258946549919745, '2023-01-18 18:23:07', '2023-01-18 09:40:02'),
	(1615771001163419654, 1025110675888003969, '王安宝', '16677776666', 'bakdy002', 18, '2023-01', 2, 1, 1575258946549919745, '2023-01-18 18:23:51', '2023-01-18 09:40:02'),
	(1615771001163419655, 1025110935532199265, '王越秀', '16688886666', 'yxkdy001', 18, '2023-01', 2, 1, 1575258946549919745, '2023-01-18 18:24:53', '2023-01-18 09:40:02'),
	(1615771001163419656, 1025111112225644097, '王华都', '17799995555', 'hdkdy001', 18, '2023-01', 2, 1, 1575258946549919745, '2023-01-18 18:25:37', '2023-01-18 09:40:02'),
	(1615771001163419657, 1025111247919767297, '王都花', '16677776666', 'hdkdy002', 18, '2023-01', 2, 1, 1575258946549919745, '2023-01-18 18:26:07', '2023-01-18 09:40:02'),
	(1615771001163419658, 1025111573938823425, '王秀越', '17788887777', 'yxkdy002', 18, '2023-01', 2, 1, 1575258946549919745, '2023-01-18 18:27:25', '2023-01-18 09:40:02'),
	(1615771001163419659, 1025112013736764417, '司广州', '18877770000', 'gzsj', 18, '2023-01', 3, 1, 1575258946549919745, '2023-01-18 18:29:10', '2023-01-18 09:40:01'),
	(1615771001490575362, 1025428687312684929, '张成飞', '18866666666', 'sl001', 18, '2023-01', 1, 1, 1575258946549919745, '2023-01-18 15:27:31', '2023-01-18 09:50:38'),
	(1615771001490575363, 1027527374507700225, '张调马', '13111332426', 'sldd001', 18, '2023-01', 1, 1, 1575259393138438146, '2023-01-18 10:26:57', '2023-01-18 13:38:23'),
	(1616133386042675201, 1024738476802799553, '周一', '13571250987', 'xbsj001', 19, '2023-01', 3, 1, 1575259393138438146, '2023-01-19 17:44:52', '2023-01-19 11:16:37'),
	(1616133386046869505, 1024738594893428865, '周二', '18500224566', 'xbsj002', 19, '2023-01', 3, 1, 1575259393138438146, '2023-01-19 17:45:20', '2023-01-19 11:16:37'),
	(1616133386046869506, 1024741978908228513, '吴用', '18500766555', 'xnsj001', 19, '2023-01', 3, 1, 1575259393138438146, '2023-01-19 17:58:47', '2023-01-19 11:16:37'),
	(1616133386046869507, 1024742117286706369, '吴西', '18346766666', 'xnsj002', 19, '2023-01', 3, 1, 1575259393138438146, '2023-01-19 17:59:20', '2023-01-19 11:16:37'),
	(1616133386046869508, 1024742265953811937, '成功', '18950867777', 'cdsj001', 19, '2023-01', 3, 1, 1575259393138438146, '2023-01-19 17:59:55', '2023-01-19 11:17:58'),
	(1616133386046869509, 1024742403489234657, '成仁', '18394867666', 'cdsj002', 19, '2023-01', 3, 1, 1575259393138438146, '2023-01-19 18:00:28', '2023-01-19 11:17:58'),
	(1616133386051063810, 1024976390379916929, '西王', '18355544444', 'xasj001', 19, '2023-01', 3, 1, 1575259393138438146, '2023-01-19 09:30:15', '2023-01-19 11:17:58'),
	(1616133386051063811, 1024976605161836353, '西米', '17655555555', 'xasj002', 19, '2023-01', 3, 1, 1575259393138438146, '2023-01-19 09:31:06', '2023-01-19 11:17:58'),
	(1616133386051063812, 1024976781221941281, '贝林', '13434343434', 'blkdy001', 19, '2023-01', 2, 1, 1575259393138438146, '2023-01-19 09:31:48', '2023-01-19 11:17:58'),
	(1616133386051063813, 1024976941658263777, '贝小贝', '13433434544', 'blkdy002', 19, '2023-01', 2, 1, 1575259393138438146, '2023-01-19 09:32:27', '2023-01-19 11:17:57'),
	(1616133386051063814, 1024977078208025057, '长小名', '18364636473', 'casj001', 19, '2023-01', 2, 1, 1575259393138438146, '2023-01-19 09:32:59', '2023-01-19 11:17:57'),
	(1616133386051063815, 1024977221418341025, '长城', '13445657565', 'casj002', 19, '2023-01', 2, 1, 1575259393138438146, '2023-01-19 09:33:33', '2023-01-19 11:17:57'),
	(1616133386055258113, 1024977388880122881, '金元宝', '18374673467', 'jnkdy001', 19, '2023-01', 2, 1, 1575259393138438146, '2023-01-19 09:34:13', '2023-01-19 11:17:56'),
	(1616133386055258114, 1024977522992993473, '金开', '18374734736', 'jnkdy002', 19, '2023-01', 2, 1, 1575259393138438146, '2023-01-19 09:34:45', '2023-01-19 11:17:55'),
	(1616133386055258115, 1024977621806601633, '青青', '18273827382', 'qykdy001', 19, '2023-01', 2, 1, 1575259393138438146, '2023-01-19 09:35:08', '2023-01-19 11:18:18'),
	(1616133386055258116, 1024977719693268993, '青风', '18273872382', 'qykdy002', 19, '2023-01', 2, 1, 1575259393138438146, '2023-01-19 09:35:32', '2023-01-19 11:18:18'),
	(1616133386055258117, 1024984140988150081, '华亮', '18837473473', 'hdsj001', 19, '2023-01', 3, 1, 1575259393138438146, '2023-01-19 10:01:03', '2023-01-19 11:18:18'),
	(1616133386055258118, 1024984230121304705, '华明', '13454545454', 'hdsj002', 19, '2023-01', 3, 1, 1575259393138438146, '2023-01-19 10:01:24', '2023-01-19 11:18:18'),
	(1616133386055258119, 1024984365991588705, '海明月', '18566666667', 'shsj001', 19, '2023-01', 3, 1, 1575259393138438146, '2023-01-19 10:01:57', '2023-01-19 11:18:17'),
	(1616133386055258120, 1024984516357387297, '海阔', '18734736473', 'shsj002', 19, '2023-01', 3, 1, 1575259393138438146, '2023-01-19 10:02:32', '2023-01-19 11:18:17'),
	(1616133386055258121, 1024984720745821569, '周生生', '18776676767', 'hkkdy001', 19, '2023-01', 2, 1, 1575259393138438146, '2023-01-19 10:03:21', '2023-01-19 11:18:17'),
	(1616133386055258122, 1024984891772761697, '周生辰', '13434343434', 'hkkdy002', 19, '2023-01', 2, 1, 1575259393138438146, '2023-01-19 10:04:02', '2023-01-19 11:18:17'),
	(1616133386055258123, 1024985344870841121, '刘徽', '18737373647', 'pdkdy001', 19, '2023-01', 2, 1, 1575259393138438146, '2023-01-19 10:05:50', '2023-01-19 11:18:17'),
	(1616133386055258124, 1024985481462545409, '萧晏', '18737473647', 'pdkdy002', 19, '2023-01', 2, 1, 1575259393138438146, '2023-01-19 10:06:22', '2023-01-19 11:18:17'),
	(1616133386055258125, 1024985621531327777, '平秦王', '18723736473', 'hbsj001', 19, '2023-01', 3, 1, 1575259393138438146, '2023-01-19 10:06:56', '2023-01-19 11:18:48'),
	(1616133386055258126, 1024986076978217057, '长孙杰', '13987675455', 'hbsj002', 19, '2023-01', 3, 1, 1575259393138438146, '2023-01-19 10:08:44', '2023-01-19 11:18:48'),
	(1616133386055258127, 1024986455853892225, '漼时宜', '17898989565', 'bjsj002', 19, '2023-01', 3, 1, 1575259393138438146, '2023-01-19 10:10:15', '2023-01-19 11:18:48'),
	(1616133386055258128, 1024987310187482529, '宏晓誉', '18737437483', 'bjsj001', 19, '2023-01', 3, 1, 1575259393138438146, '2023-01-19 10:13:38', '2023-01-19 11:18:48'),
	(1616133386055258129, 1024987378881793537, '司沈阳', '13311111222', 'sysj001', 19, '2023-01', 3, 1, 1575259393138438146, '2023-01-19 10:13:57', '2023-01-19 11:18:48'),
	(1616133386055258130, 1024987860782158145, '顺意', '18734736473', 'sykdy001', 19, '2023-01', 2, 1, 1575259393138438146, '2023-01-19 10:15:50', '2023-01-19 11:18:48'),
	(1616133386411773953, 1024987931753976513, '顺心', '17647657465', 'sykdy002', 19, '2023-01', 2, 1, 1575259393138438146, '2023-01-19 10:16:07', '2023-01-19 11:18:48'),
	(1616133386411773954, 1024988097613534273, '景昌', '18784574758', 'cpkdy001', 19, '2023-01', 2, 1, 1575259393138438146, '2023-01-19 10:16:46', '2023-01-19 11:18:48'),
	(1616133386411773955, 1024988171324232993, '景元', '18783748374', 'cpkdy002', 19, '2023-01', 2, 1, 1575259393138438146, '2023-01-19 10:17:04', '2023-01-19 11:18:48'),
	(1616133386411773956, 1024988319861315553, '李和平', '13355554444', 'hpkdy001', 19, '2023-01', 2, 1, 1575347921490882562, '2023-01-19 10:17:39', '2023-01-19 16:06:11'),
	(1616133386411773957, 1024988498702245281, '李平和', '17788889999', 'hpkdy002', 19, '2023-01', 2, 1, 1575347921490882562, '2023-01-19 10:18:22', '2023-01-19 16:05:52'),
	(1616133386411773958, 1024988744815617761, '李姑皇', '17766667777', 'gukdy001', 19, '2023-01', 2, 1, 1575347921490882562, '2023-01-19 10:19:20', '2023-01-19 18:26:28'),
	(1616133386411773959, 1024989856838856577, '李皇姑', '18877776666', 'hgkdy002', 19, '2023-01', 2, 1, 1575347921490882562, '2023-01-19 10:23:46', '2023-01-19 18:28:37'),
	(1616133386411773960, 1024994498993865153, '司华中', '18877776666', 'hzsj', 19, '2023-01', 3, 1, 1575347921490882562, '2023-01-19 10:42:12', '2023-01-19 12:54:04'),
	(1616133386411773961, 1024994711959651169, '司武汉', '17788887777', 'whsj', 19, '2023-01', 3, 1, 1575347921490882562, '2023-01-19 10:43:03', '2023-01-19 15:55:24'),
	(1616133386420162561, 1024995063794648993, '李江汉', '17799990000', 'jhkdy001', 19, '2023-01', 2, 1, 1575347921490882562, '2023-01-19 10:44:27', '2023-01-19 12:54:04'),
	(1616133386420162562, 1024995257768626273, '李汉江', '17788882222', 'jhkdy002', 19, '2023-01', 2, 1, 1575347921490882562, '2023-01-19 10:45:13', '2023-01-19 09:50:15'),
	(1616133386420162563, 1024995991193013985, '李武昌', '18877778888', 'wckdy001', 19, '2023-01', 2, 1, 1575347921490882562, '2023-01-19 10:48:08', '2023-01-19 12:54:04'),
	(1616133386420162564, 1024996147695079329, '李昌武', '18877776666', 'wckdy002', 19, '2023-01', 2, 1, 1575347921490882562, '2023-01-19 10:48:45', '2023-01-19 12:54:04'),
	(1616133386420162565, 1024997316655995489, '司东北', '17788887777', 'dbsj', 19, '2023-01', 3, 1, 1575347921490882562, '2023-01-19 10:53:24', '2023-01-19 12:54:03'),
	(1616133386420162566, 1025074399029692449, '王和平', '17788887777', 'hpkdy003', 19, '2023-01', 2, 1, 1575347921490882562, '2023-01-19 15:59:42', '2023-01-19 16:01:07'),
	(1616133386420162567, 1025104059952247329, '司华南', '17788887777', 'hnsj001', 19, '2023-01', 3, 1, 1575258946549919745, '2023-01-19 17:57:36', '2023-01-19 09:40:21'),
	(1616133386420162568, 1025104550799061921, '司深圳', '18877776666', 'szsj001', 19, '2023-01', 3, 1, 1575258946549919745, '2023-01-19 17:59:31', '2023-01-19 09:40:21'),
	(1616133386424356865, 1025109259005971617, '王光明', '18877776666', 'gmkdy001', 19, '2023-01', 2, 1, 1575258946549919745, '2023-01-19 18:18:13', '2023-01-19 09:40:03'),
	(1616133386424356866, 1025110041134617825, '王保安', '18877776666', 'bakdy001', 19, '2023-01', 2, 1, 1575258946549919745, '2023-01-19 18:21:20', '2023-01-19 09:40:03'),
	(1616133386424356867, 1025110490961140193, '王明光', '16677779999', 'gmkdy002', 19, '2023-01', 2, 1, 1575258946549919745, '2023-01-19 18:23:07', '2023-01-19 09:40:02'),
	(1616133386424356868, 1025110675888003969, '王安宝', '16677776666', 'bakdy002', 19, '2023-01', 2, 1, 1575258946549919745, '2023-01-19 18:23:51', '2023-01-19 09:40:02'),
	(1616133386424356869, 1025110935532199265, '王越秀', '16688886666', 'yxkdy001', 19, '2023-01', 2, 1, 1575258946549919745, '2023-01-19 18:24:53', '2023-01-19 09:40:02'),
	(1616133386424356870, 1025111112225644097, '王华都', '17799995555', 'hdkdy001', 19, '2023-01', 2, 1, 1575258946549919745, '2023-01-19 18:25:37', '2023-01-19 09:40:02'),
	(1616133386424356871, 1025111247919767297, '王都花', '16677776666', 'hdkdy002', 19, '2023-01', 2, 1, 1575258946549919745, '2023-01-19 18:26:07', '2023-01-19 09:40:02'),
	(1616133386428551169, 1025111573938823425, '王秀越', '17788887777', 'yxkdy002', 19, '2023-01', 2, 1, 1575258946549919745, '2023-01-19 18:27:25', '2023-01-19 09:40:02'),
	(1616133386428551170, 1025112013736764417, '司广州', '18877770000', 'gzsj', 19, '2023-01', 3, 1, 1575258946549919745, '2023-01-19 18:29:10', '2023-01-19 09:40:01'),
	(1616133386428551171, 1025428687312684929, '张成飞', '18866666666', 'sl001', 19, '2023-01', 1, 1, 1575258946549919745, '2023-01-19 15:27:31', '2023-01-19 09:50:38'),
	(1616133386428551172, 1027527374507700225, '张调马', '13111332426', 'sldd001', 19, '2023-01', 1, 1, 1575259393138438146, '2023-01-19 10:26:57', '2023-01-19 13:38:23'),
	(1616495773874720770, 1024738476802799553, '周一', '13571250987', 'xbsj001', 20, '2023-01', 3, 1, 1575259393138438146, '2023-01-20 17:44:52', '2023-01-20 11:16:37'),
	(1616495773878915074, 1024738594893428865, '周二', '18500224566', 'xbsj002', 20, '2023-01', 3, 1, 1575259393138438146, '2023-01-20 17:45:20', '2023-01-20 11:16:37'),
	(1616495773878915075, 1024741978908228513, '吴用', '18500766555', 'xnsj001', 20, '2023-01', 3, 1, 1575259393138438146, '2023-01-20 17:58:47', '2023-01-20 11:16:37'),
	(1616495773883109377, 1024742117286706369, '吴西', '18346766666', 'xnsj002', 20, '2023-01', 3, 1, 1575259393138438146, '2023-01-20 17:59:20', '2023-01-20 11:16:37'),
	(1616495773883109378, 1024742265953811937, '成功', '18950867777', 'cdsj001', 20, '2023-01', 3, 1, 1575259393138438146, '2023-01-20 17:59:55', '2023-01-20 11:17:58'),
	(1616495773883109379, 1024742403489234657, '成仁', '18394867666', 'cdsj002', 20, '2023-01', 3, 1, 1575259393138438146, '2023-01-20 18:00:28', '2023-01-20 11:17:58'),
	(1616495773883109380, 1024976390379916929, '西王', '18355544444', 'xasj001', 20, '2023-01', 3, 1, 1575259393138438146, '2023-01-20 09:30:15', '2023-01-20 11:17:58'),
	(1616495773883109381, 1024976605161836353, '西米', '17655555555', 'xasj002', 20, '2023-01', 3, 1, 1575259393138438146, '2023-01-20 09:31:06', '2023-01-20 11:17:58'),
	(1616495773883109382, 1024976781221941281, '贝林', '13434343434', 'blkdy001', 20, '2023-01', 2, 1, 1575259393138438146, '2023-01-20 09:31:48', '2023-01-20 11:17:58'),
	(1616495773887303681, 1024976941658263777, '贝小贝', '13433434544', 'blkdy002', 20, '2023-01', 2, 1, 1575259393138438146, '2023-01-20 09:32:27', '2023-01-20 11:17:57'),
	(1616495773887303682, 1024977078208025057, '长小名', '18364636473', 'casj001', 20, '2023-01', 2, 1, 1575259393138438146, '2023-01-20 09:32:59', '2023-01-20 11:17:57'),
	(1616495773887303683, 1024977221418341025, '长城', '13445657565', 'casj002', 20, '2023-01', 2, 1, 1575259393138438146, '2023-01-20 09:33:33', '2023-01-20 11:17:57'),
	(1616495773887303684, 1024977388880122881, '金元宝', '18374673467', 'jnkdy001', 20, '2023-01', 2, 1, 1575259393138438146, '2023-01-20 09:34:13', '2023-01-20 11:17:56'),
	(1616495773887303685, 1024977522992993473, '金开', '18374734736', 'jnkdy002', 20, '2023-01', 2, 1, 1575259393138438146, '2023-01-20 09:34:45', '2023-01-20 11:17:55'),
	(1616495773891497986, 1024977621806601633, '青青', '18273827382', 'qykdy001', 20, '2023-01', 2, 1, 1575259393138438146, '2023-01-20 09:35:08', '2023-01-20 11:18:18'),
	(1616495773891497987, 1024977719693268993, '青风', '18273872382', 'qykdy002', 20, '2023-01', 2, 1, 1575259393138438146, '2023-01-20 09:35:32', '2023-01-20 11:18:18'),
	(1616495773891497988, 1024984140988150081, '华亮', '18837473473', 'hdsj001', 20, '2023-01', 3, 1, 1575259393138438146, '2023-01-20 10:01:03', '2023-01-20 11:18:18'),
	(1616495773891497989, 1024984230121304705, '华明', '13454545454', 'hdsj002', 20, '2023-01', 3, 1, 1575259393138438146, '2023-01-20 10:01:24', '2023-01-20 11:18:18'),
	(1616495773891497990, 1024984365991588705, '海明月', '18566666667', 'shsj001', 20, '2023-01', 3, 1, 1575259393138438146, '2023-01-20 10:01:57', '2023-01-20 11:18:17'),
	(1616495773891497991, 1024984516357387297, '海阔', '18734736473', 'shsj002', 20, '2023-01', 3, 1, 1575259393138438146, '2023-01-20 10:02:32', '2023-01-20 11:18:17'),
	(1616495773895692289, 1024984720745821569, '周生生', '18776676767', 'hkkdy001', 20, '2023-01', 2, 1, 1575259393138438146, '2023-01-20 10:03:21', '2023-01-20 11:18:17'),
	(1616495773895692290, 1024984891772761697, '周生辰', '13434343434', 'hkkdy002', 20, '2023-01', 2, 1, 1575259393138438146, '2023-01-20 10:04:02', '2023-01-20 11:18:17'),
	(1616495773895692291, 1024985344870841121, '刘徽', '18737373647', 'pdkdy001', 20, '2023-01', 2, 1, 1575259393138438146, '2023-01-20 10:05:50', '2023-01-20 11:18:17'),
	(1616495773895692292, 1024985481462545409, '萧晏', '18737473647', 'pdkdy002', 20, '2023-01', 2, 1, 1575259393138438146, '2023-01-20 10:06:22', '2023-01-20 11:18:17'),
	(1616495773895692293, 1024985621531327777, '平秦王', '18723736473', 'hbsj001', 20, '2023-01', 3, 1, 1575259393138438146, '2023-01-20 10:06:56', '2023-01-20 11:18:48'),
	(1616495773899886593, 1024986076978217057, '长孙杰', '13987675455', 'hbsj002', 20, '2023-01', 3, 1, 1575259393138438146, '2023-01-20 10:08:44', '2023-01-20 11:18:48'),
	(1616495773899886594, 1024986455853892225, '漼时宜', '17898989565', 'bjsj002', 20, '2023-01', 3, 1, 1575259393138438146, '2023-01-20 10:10:15', '2023-01-20 11:18:48'),
	(1616495773899886595, 1024987310187482529, '宏晓誉', '18737437483', 'bjsj001', 20, '2023-01', 3, 1, 1575259393138438146, '2023-01-20 10:13:38', '2023-01-20 11:18:48'),
	(1616495773899886596, 1024987378881793537, '司沈阳', '13311111222', 'sysj001', 20, '2023-01', 3, 1, 1575259393138438146, '2023-01-20 10:13:57', '2023-01-20 11:18:48'),
	(1616495773899886597, 1024987860782158145, '顺意', '18734736473', 'sykdy001', 20, '2023-01', 2, 1, 1575259393138438146, '2023-01-20 10:15:50', '2023-01-20 11:18:48'),
	(1616495773899886598, 1024987931753976513, '顺心', '17647657465', 'sykdy002', 20, '2023-01', 2, 1, 1575259393138438146, '2023-01-20 10:16:07', '2023-01-20 11:18:48'),
	(1616495773904080898, 1024988097613534273, '景昌', '18784574758', 'cpkdy001', 20, '2023-01', 2, 1, 1575259393138438146, '2023-01-20 10:16:46', '2023-01-20 11:18:48'),
	(1616495773904080899, 1024988171324232993, '景元', '18783748374', 'cpkdy002', 20, '2023-01', 2, 1, 1575259393138438146, '2023-01-20 10:17:04', '2023-01-20 11:18:48'),
	(1616495773904080900, 1024988319861315553, '李和平', '13355554444', 'hpkdy001', 20, '2023-01', 2, 1, 1575347921490882562, '2023-01-20 10:17:39', '2023-01-20 16:06:11'),
	(1616495773904080901, 1024988498702245281, '李平和', '17788889999', 'hpkdy002', 20, '2023-01', 2, 1, 1575347921490882562, '2023-01-20 10:18:22', '2023-01-20 16:05:52'),
	(1616495773904080902, 1024988744815617761, '李姑皇', '17766667777', 'gukdy001', 20, '2023-01', 2, 1, 1575347921490882562, '2023-01-20 10:19:20', '2023-01-20 18:26:28'),
	(1616495773904080903, 1024989856838856577, '李皇姑', '18877776666', 'hgkdy002', 20, '2023-01', 2, 1, 1575347921490882562, '2023-01-20 10:23:46', '2023-01-20 18:28:37'),
	(1616495773908275201, 1024994498993865153, '司华中', '18877776666', 'hzsj', 20, '2023-01', 3, 1, 1575347921490882562, '2023-01-20 10:42:12', '2023-01-20 12:54:04'),
	(1616495773908275202, 1024994711959651169, '司武汉', '17788887777', 'whsj', 20, '2023-01', 3, 1, 1575347921490882562, '2023-01-20 10:43:03', '2023-01-20 15:55:24'),
	(1616495773908275203, 1024995063794648993, '李江汉', '17799990000', 'jhkdy001', 20, '2023-01', 2, 1, 1575347921490882562, '2023-01-20 10:44:27', '2023-01-20 12:54:04'),
	(1616495773908275204, 1024995257768626273, '李汉江', '17788882222', 'jhkdy002', 20, '2023-01', 2, 1, 1575347921490882562, '2023-01-20 10:45:13', '2023-01-20 09:50:15'),
	(1616495773908275205, 1024995991193013985, '李武昌', '18877778888', 'wckdy001', 20, '2023-01', 2, 1, 1575347921490882562, '2023-01-20 10:48:08', '2023-01-20 12:54:04'),
	(1616495773908275206, 1024996147695079329, '李昌武', '18877776666', 'wckdy002', 20, '2023-01', 2, 1, 1575347921490882562, '2023-01-20 10:48:45', '2023-01-20 12:54:04'),
	(1616495773908275207, 1024997316655995489, '司东北', '17788887777', 'dbsj', 20, '2023-01', 3, 1, 1575347921490882562, '2023-01-20 10:53:24', '2023-01-20 12:54:03'),
	(1616495773912469505, 1025074399029692449, '王和平', '17788887777', 'hpkdy003', 20, '2023-01', 2, 1, 1575347921490882562, '2023-01-20 15:59:42', '2023-01-20 16:01:07'),
	(1616495773912469506, 1025104059952247329, '司华南', '17788887777', 'hnsj001', 20, '2023-01', 3, 1, 1575258946549919745, '2023-01-20 17:57:36', '2023-01-20 09:40:21'),
	(1616495773912469507, 1025104550799061921, '司深圳', '18877776666', 'szsj001', 20, '2023-01', 3, 1, 1575258946549919745, '2023-01-20 17:59:31', '2023-01-20 09:40:21'),
	(1616495773912469508, 1025109259005971617, '王光明', '18877776666', 'gmkdy001', 20, '2023-01', 2, 1, 1575258946549919745, '2023-01-20 18:18:13', '2023-01-20 09:40:03'),
	(1616495773912469509, 1025110041134617825, '王保安', '18877776666', 'bakdy001', 20, '2023-01', 2, 1, 1575258946549919745, '2023-01-20 18:21:20', '2023-01-20 09:40:03'),
	(1616495773912469510, 1025110490961140193, '王明光', '16677779999', 'gmkdy002', 20, '2023-01', 2, 1, 1575258946549919745, '2023-01-20 18:23:07', '2023-01-20 09:40:02'),
	(1616495773912469511, 1025110675888003969, '王安宝', '16677776666', 'bakdy002', 20, '2023-01', 2, 1, 1575258946549919745, '2023-01-20 18:23:51', '2023-01-20 09:40:02'),
	(1616495773912469512, 1025110935532199265, '王越秀', '16688886666', 'yxkdy001', 20, '2023-01', 2, 1, 1575258946549919745, '2023-01-20 18:24:53', '2023-01-20 09:40:02'),
	(1616495773912469513, 1025111112225644097, '王华都', '17799995555', 'hdkdy001', 20, '2023-01', 2, 1, 1575258946549919745, '2023-01-20 18:25:37', '2023-01-20 09:40:02'),
	(1616495773916663810, 1025111247919767297, '王都花', '16677776666', 'hdkdy002', 20, '2023-01', 2, 1, 1575258946549919745, '2023-01-20 18:26:07', '2023-01-20 09:40:02'),
	(1616495773916663811, 1025111573938823425, '王秀越', '17788887777', 'yxkdy002', 20, '2023-01', 2, 1, 1575258946549919745, '2023-01-20 18:27:25', '2023-01-20 09:40:02'),
	(1616495773916663812, 1025112013736764417, '司广州', '18877770000', 'gzsj', 20, '2023-01', 3, 1, 1575258946549919745, '2023-01-20 18:29:10', '2023-01-20 09:40:01'),
	(1616495774273179650, 1025428687312684929, '张成飞', '18866666666', 'sl001', 20, '2023-01', 1, 1, 1575258946549919745, '2023-01-20 15:27:31', '2023-01-20 09:50:38'),
	(1616495774277373954, 1027527374507700225, '张调马', '13111332426', 'sldd001', 20, '2023-01', 1, 1, 1575259393138438146, '2023-01-20 10:26:57', '2023-01-20 13:38:23'),
	(1616858161325084674, 1024738476802799553, '周一', '13571250987', 'xbsj001', 21, '2023-01', 3, 1, 1575259393138438146, '2023-01-21 17:44:52', '2023-01-21 11:16:37'),
	(1616858161325084675, 1024738594893428865, '周二', '18500224566', 'xbsj002', 21, '2023-01', 3, 1, 1575259393138438146, '2023-01-21 17:45:20', '2023-01-21 11:16:37'),
	(1616858161325084676, 1024741978908228513, '吴用', '18500766555', 'xnsj001', 21, '2023-01', 3, 1, 1575259393138438146, '2023-01-21 17:58:47', '2023-01-21 11:16:37'),
	(1616858161329278977, 1024742117286706369, '吴西', '18346766666', 'xnsj002', 21, '2023-01', 3, 1, 1575259393138438146, '2023-01-21 17:59:20', '2023-01-21 11:16:37'),
	(1616858161329278978, 1024742265953811937, '成功', '18950867777', 'cdsj001', 21, '2023-01', 3, 1, 1575259393138438146, '2023-01-21 17:59:55', '2023-01-21 11:17:58'),
	(1616858161329278979, 1024742403489234657, '成仁', '18394867666', 'cdsj002', 21, '2023-01', 3, 1, 1575259393138438146, '2023-01-21 18:00:28', '2023-01-21 11:17:58'),
	(1616858161329278980, 1024976390379916929, '西王', '18355544444', 'xasj001', 21, '2023-01', 3, 1, 1575259393138438146, '2023-01-21 09:30:15', '2023-01-21 11:17:58'),
	(1616858161329278981, 1024976605161836353, '西米', '17655555555', 'xasj002', 21, '2023-01', 3, 1, 1575259393138438146, '2023-01-21 09:31:06', '2023-01-21 11:17:58'),
	(1616858161329278982, 1024976781221941281, '贝林', '13434343434', 'blkdy001', 21, '2023-01', 2, 1, 1575259393138438146, '2023-01-21 09:31:48', '2023-01-21 11:17:58'),
	(1616858161329278983, 1024976941658263777, '贝小贝', '13433434544', 'blkdy002', 21, '2023-01', 2, 1, 1575259393138438146, '2023-01-21 09:32:27', '2023-01-21 11:17:57'),
	(1616858161329278984, 1024977078208025057, '长小名', '18364636473', 'casj001', 21, '2023-01', 2, 1, 1575259393138438146, '2023-01-21 09:32:59', '2023-01-21 11:17:57'),
	(1616858161329278985, 1024977221418341025, '长城', '13445657565', 'casj002', 21, '2023-01', 2, 1, 1575259393138438146, '2023-01-21 09:33:33', '2023-01-21 11:17:57'),
	(1616858161333473282, 1024977388880122881, '金元宝', '18374673467', 'jnkdy001', 21, '2023-01', 2, 1, 1575259393138438146, '2023-01-21 09:34:13', '2023-01-21 11:17:56'),
	(1616858161333473283, 1024977522992993473, '金开', '18374734736', 'jnkdy002', 21, '2023-01', 2, 1, 1575259393138438146, '2023-01-21 09:34:45', '2023-01-21 11:17:55'),
	(1616858161333473284, 1024977621806601633, '青青', '18273827382', 'qykdy001', 21, '2023-01', 2, 1, 1575259393138438146, '2023-01-21 09:35:08', '2023-01-21 11:18:18'),
	(1616858161333473285, 1024977719693268993, '青风', '18273872382', 'qykdy002', 21, '2023-01', 2, 1, 1575259393138438146, '2023-01-21 09:35:32', '2023-01-21 11:18:18'),
	(1616858161333473286, 1024984140988150081, '华亮', '18837473473', 'hdsj001', 21, '2023-01', 3, 1, 1575259393138438146, '2023-01-21 10:01:03', '2023-01-21 11:18:18'),
	(1616858161333473287, 1024984230121304705, '华明', '13454545454', 'hdsj002', 21, '2023-01', 3, 1, 1575259393138438146, '2023-01-21 10:01:24', '2023-01-21 11:18:18'),
	(1616858161333473288, 1024984365991588705, '海明月', '18566666667', 'shsj001', 21, '2023-01', 3, 1, 1575259393138438146, '2023-01-21 10:01:57', '2023-01-21 11:18:17'),
	(1616858161333473289, 1024984516357387297, '海阔', '18734736473', 'shsj002', 21, '2023-01', 3, 1, 1575259393138438146, '2023-01-21 10:02:32', '2023-01-21 11:18:17'),
	(1616858161333473290, 1024984720745821569, '周生生', '18776676767', 'hkkdy001', 21, '2023-01', 2, 1, 1575259393138438146, '2023-01-21 10:03:21', '2023-01-21 11:18:17'),
	(1616858161333473291, 1024984891772761697, '周生辰', '13434343434', 'hkkdy002', 21, '2023-01', 2, 1, 1575259393138438146, '2023-01-21 10:04:02', '2023-01-21 11:18:17'),
	(1616858161341861890, 1024985344870841121, '刘徽', '18737373647', 'pdkdy001', 21, '2023-01', 2, 1, 1575259393138438146, '2023-01-21 10:05:50', '2023-01-21 11:18:17'),
	(1616858161341861891, 1024985481462545409, '萧晏', '18737473647', 'pdkdy002', 21, '2023-01', 2, 1, 1575259393138438146, '2023-01-21 10:06:22', '2023-01-21 11:18:17'),
	(1616858161341861892, 1024985621531327777, '平秦王', '18723736473', 'hbsj001', 21, '2023-01', 3, 1, 1575259393138438146, '2023-01-21 10:06:56', '2023-01-21 11:18:48'),
	(1616858161341861893, 1024986076978217057, '长孙杰', '13987675455', 'hbsj002', 21, '2023-01', 3, 1, 1575259393138438146, '2023-01-21 10:08:44', '2023-01-21 11:18:48'),
	(1616858161341861894, 1024986455853892225, '漼时宜', '17898989565', 'bjsj002', 21, '2023-01', 3, 1, 1575259393138438146, '2023-01-21 10:10:15', '2023-01-21 11:18:48'),
	(1616858161341861895, 1024987310187482529, '宏晓誉', '18737437483', 'bjsj001', 21, '2023-01', 3, 1, 1575259393138438146, '2023-01-21 10:13:38', '2023-01-21 11:18:48'),
	(1616858161341861896, 1024987378881793537, '司沈阳', '13311111222', 'sysj001', 21, '2023-01', 3, 1, 1575259393138438146, '2023-01-21 10:13:57', '2023-01-21 11:18:48'),
	(1616858161341861897, 1024987860782158145, '顺意', '18734736473', 'sykdy001', 21, '2023-01', 2, 1, 1575259393138438146, '2023-01-21 10:15:50', '2023-01-21 11:18:48'),
	(1616858161341861898, 1024987931753976513, '顺心', '17647657465', 'sykdy002', 21, '2023-01', 2, 1, 1575259393138438146, '2023-01-21 10:16:07', '2023-01-21 11:18:48'),
	(1616858161341861899, 1024988097613534273, '景昌', '18784574758', 'cpkdy001', 21, '2023-01', 2, 1, 1575259393138438146, '2023-01-21 10:16:46', '2023-01-21 11:18:48'),
	(1616858161341861900, 1024988171324232993, '景元', '18783748374', 'cpkdy002', 21, '2023-01', 2, 1, 1575259393138438146, '2023-01-21 10:17:04', '2023-01-21 11:18:48'),
	(1616858161341861901, 1024988319861315553, '李和平', '13355554444', 'hpkdy001', 21, '2023-01', 2, 1, 1575347921490882562, '2023-01-21 10:17:39', '2023-01-21 16:06:11'),
	(1616858161341861902, 1024988498702245281, '李平和', '17788889999', 'hpkdy002', 21, '2023-01', 2, 1, 1575347921490882562, '2023-01-21 10:18:22', '2023-01-21 16:05:52'),
	(1616858161341861903, 1024988744815617761, '李姑皇', '17766667777', 'gukdy001', 21, '2023-01', 2, 1, 1575347921490882562, '2023-01-21 10:19:20', '2023-01-21 18:26:28'),
	(1616858161346056194, 1024989856838856577, '李皇姑', '18877776666', 'hgkdy002', 21, '2023-01', 2, 1, 1575347921490882562, '2023-01-21 10:23:46', '2023-01-21 18:28:37'),
	(1616858161346056195, 1024994498993865153, '司华中', '18877776666', 'hzsj', 21, '2023-01', 3, 1, 1575347921490882562, '2023-01-21 10:42:12', '2023-01-21 12:54:04'),
	(1616858161346056196, 1024994711959651169, '司武汉', '17788887777', 'whsj', 21, '2023-01', 3, 1, 1575347921490882562, '2023-01-21 10:43:03', '2023-01-21 15:55:24'),
	(1616858161346056197, 1024995063794648993, '李江汉', '17799990000', 'jhkdy001', 21, '2023-01', 2, 1, 1575347921490882562, '2023-01-21 10:44:27', '2023-01-21 12:54:04'),
	(1616858161346056198, 1024995257768626273, '李汉江', '17788882222', 'jhkdy002', 21, '2023-01', 2, 1, 1575347921490882562, '2023-01-21 10:45:13', '2023-01-21 09:50:15'),
	(1616858161346056199, 1024995991193013985, '李武昌', '18877778888', 'wckdy001', 21, '2023-01', 2, 1, 1575347921490882562, '2023-01-21 10:48:08', '2023-01-21 12:54:04'),
	(1616858161346056200, 1024996147695079329, '李昌武', '18877776666', 'wckdy002', 21, '2023-01', 2, 1, 1575347921490882562, '2023-01-21 10:48:45', '2023-01-21 12:54:04'),
	(1616858161346056201, 1024997316655995489, '司东北', '17788887777', 'dbsj', 21, '2023-01', 3, 1, 1575347921490882562, '2023-01-21 10:53:24', '2023-01-21 12:54:03'),
	(1616858161346056202, 1025074399029692449, '王和平', '17788887777', 'hpkdy003', 21, '2023-01', 2, 1, 1575347921490882562, '2023-01-21 15:59:42', '2023-01-21 16:01:07'),
	(1616858161350250497, 1027527374507700225, '张调马', '13111332426', 'sldd001', 21, '2023-01', 1, 1, 1575259393138438146, '2023-01-21 10:26:57', '2023-01-21 13:38:23'),
	(1617220550025351169, 1024988319861315553, '李和平', '13355554444', 'hpkdy001', 22, '2023-01', 2, 1, 1575347921490882562, '2023-01-22 10:17:39', '2023-01-22 16:06:11'),
	(1617220550029545474, 1024988498702245281, '李平和', '17788889999', 'hpkdy002', 22, '2023-01', 2, 1, 1575347921490882562, '2023-01-22 10:18:22', '2023-01-22 16:05:52'),
	(1617220550029545475, 1024988744815617761, '李姑皇', '17766667777', 'gukdy001', 22, '2023-01', 2, 1, 1575347921490882562, '2023-01-22 10:19:20', '2023-01-22 18:26:28'),
	(1617220550029545476, 1024989856838856577, '李皇姑', '18877776666', 'hgkdy002', 22, '2023-01', 2, 1, 1575347921490882562, '2023-01-22 10:23:46', '2023-01-22 18:28:37'),
	(1617220550029545477, 1024994498993865153, '司华中', '18877776666', 'hzsj', 22, '2023-01', 3, 1, 1575347921490882562, '2023-01-22 10:42:12', '2023-01-22 12:54:04'),
	(1617220550029545478, 1024994711959651169, '司武汉', '17788887777', 'whsj', 22, '2023-01', 3, 1, 1575347921490882562, '2023-01-22 10:43:03', '2023-01-22 15:55:24'),
	(1617220550029545479, 1024995063794648993, '李江汉', '17799990000', 'jhkdy001', 22, '2023-01', 2, 1, 1575347921490882562, '2023-01-22 10:44:27', '2023-01-22 12:54:04'),
	(1617220550029545480, 1024995257768626273, '李汉江', '17788882222', 'jhkdy002', 22, '2023-01', 2, 1, 1575347921490882562, '2023-01-22 10:45:13', '2023-01-22 09:50:15'),
	(1617220550033739777, 1024995991193013985, '李武昌', '18877778888', 'wckdy001', 22, '2023-01', 2, 1, 1575347921490882562, '2023-01-22 10:48:08', '2023-01-22 12:54:04'),
	(1617220550033739778, 1024996147695079329, '李昌武', '18877776666', 'wckdy002', 22, '2023-01', 2, 1, 1575347921490882562, '2023-01-22 10:48:45', '2023-01-22 12:54:04'),
	(1617220550033739779, 1024997316655995489, '司东北', '17788887777', 'dbsj', 22, '2023-01', 3, 1, 1575347921490882562, '2023-01-22 10:53:24', '2023-01-22 12:54:03'),
	(1617220550033739780, 1025074399029692449, '王和平', '17788887777', 'hpkdy003', 22, '2023-01', 2, 1, 1575347921490882562, '2023-01-22 15:59:42', '2023-01-22 16:01:07'),
	(1617582938469765122, 1024738476802799553, '周一', '13571250987', 'xbsj001', 23, '2023-01', 3, 1, 1575259393138438146, '2023-01-23 17:44:52', '2023-01-23 11:16:37'),
	(1617582938473959426, 1024738594893428865, '周二', '18500224566', 'xbsj002', 23, '2023-01', 3, 1, 1575259393138438146, '2023-01-23 17:45:20', '2023-01-23 11:16:37'),
	(1617582938473959427, 1024741978908228513, '吴用', '18500766555', 'xnsj001', 23, '2023-01', 3, 1, 1575259393138438146, '2023-01-23 17:58:47', '2023-01-23 11:16:37'),
	(1617582938473959428, 1024742117286706369, '吴西', '18346766666', 'xnsj002', 23, '2023-01', 3, 1, 1575259393138438146, '2023-01-23 17:59:20', '2023-01-23 11:16:37'),
	(1617582938473959429, 1024742265953811937, '成功', '18950867777', 'cdsj001', 23, '2023-01', 3, 1, 1575259393138438146, '2023-01-23 17:59:55', '2023-01-23 11:17:58'),
	(1617582938473959430, 1024742403489234657, '成仁', '18394867666', 'cdsj002', 23, '2023-01', 3, 1, 1575259393138438146, '2023-01-23 18:00:28', '2023-01-23 11:17:58'),
	(1617582938473959431, 1024976390379916929, '西王', '18355544444', 'xasj001', 23, '2023-01', 3, 1, 1575259393138438146, '2023-01-23 09:30:15', '2023-01-23 11:17:58'),
	(1617582938478153730, 1024976605161836353, '西米', '17655555555', 'xasj002', 23, '2023-01', 3, 1, 1575259393138438146, '2023-01-23 09:31:06', '2023-01-23 11:17:58'),
	(1617582938478153731, 1024976781221941281, '贝林', '13434343434', 'blkdy001', 23, '2023-01', 2, 1, 1575259393138438146, '2023-01-23 09:31:48', '2023-01-23 11:17:58'),
	(1617582938478153732, 1024976941658263777, '贝小贝', '13433434544', 'blkdy002', 23, '2023-01', 2, 1, 1575259393138438146, '2023-01-23 09:32:27', '2023-01-23 11:17:57'),
	(1617582938478153733, 1024977078208025057, '长小名', '18364636473', 'casj001', 23, '2023-01', 2, 1, 1575259393138438146, '2023-01-23 09:32:59', '2023-01-23 11:17:57'),
	(1617582938478153734, 1024977221418341025, '长城', '13445657565', 'casj002', 23, '2023-01', 2, 1, 1575259393138438146, '2023-01-23 09:33:33', '2023-01-23 11:17:57'),
	(1617582938478153735, 1024977388880122881, '金元宝', '18374673467', 'jnkdy001', 23, '2023-01', 2, 1, 1575259393138438146, '2023-01-23 09:34:13', '2023-01-23 11:17:56'),
	(1617582938478153736, 1024977522992993473, '金开', '18374734736', 'jnkdy002', 23, '2023-01', 2, 1, 1575259393138438146, '2023-01-23 09:34:45', '2023-01-23 11:17:55'),
	(1617582938478153737, 1024977621806601633, '青青', '18273827382', 'qykdy001', 23, '2023-01', 2, 1, 1575259393138438146, '2023-01-23 09:35:08', '2023-01-23 11:18:18'),
	(1617582938478153738, 1024977719693268993, '青风', '18273872382', 'qykdy002', 23, '2023-01', 2, 1, 1575259393138438146, '2023-01-23 09:35:32', '2023-01-23 11:18:18'),
	(1617582938478153739, 1024984140988150081, '华亮', '18837473473', 'hdsj001', 23, '2023-01', 3, 1, 1575259393138438146, '2023-01-23 10:01:03', '2023-01-23 11:18:18'),
	(1617582938482348034, 1024984230121304705, '华明', '13454545454', 'hdsj002', 23, '2023-01', 3, 1, 1575259393138438146, '2023-01-23 10:01:24', '2023-01-23 11:18:18'),
	(1617582938482348035, 1024984365991588705, '海明月', '18566666667', 'shsj001', 23, '2023-01', 3, 1, 1575259393138438146, '2023-01-23 10:01:57', '2023-01-23 11:18:17'),
	(1617582938482348036, 1024984516357387297, '海阔', '18734736473', 'shsj002', 23, '2023-01', 3, 1, 1575259393138438146, '2023-01-23 10:02:32', '2023-01-23 11:18:17'),
	(1617582938482348037, 1024984720745821569, '周生生', '18776676767', 'hkkdy001', 23, '2023-01', 2, 1, 1575259393138438146, '2023-01-23 10:03:21', '2023-01-23 11:18:17'),
	(1617582938482348038, 1024984891772761697, '周生辰', '13434343434', 'hkkdy002', 23, '2023-01', 2, 1, 1575259393138438146, '2023-01-23 10:04:02', '2023-01-23 11:18:17'),
	(1617582938482348039, 1024985344870841121, '刘徽', '18737373647', 'pdkdy001', 23, '2023-01', 2, 1, 1575259393138438146, '2023-01-23 10:05:50', '2023-01-23 11:18:17'),
	(1617582938482348040, 1024985481462545409, '萧晏', '18737473647', 'pdkdy002', 23, '2023-01', 2, 1, 1575259393138438146, '2023-01-23 10:06:22', '2023-01-23 11:18:17'),
	(1617582938482348041, 1024985621531327777, '平秦王', '18723736473', 'hbsj001', 23, '2023-01', 3, 1, 1575259393138438146, '2023-01-23 10:06:56', '2023-01-23 11:18:48'),
	(1617582938482348042, 1024986076978217057, '长孙杰', '13987675455', 'hbsj002', 23, '2023-01', 3, 1, 1575259393138438146, '2023-01-23 10:08:44', '2023-01-23 11:18:48'),
	(1617582938482348043, 1024986455853892225, '漼时宜', '17898989565', 'bjsj002', 23, '2023-01', 3, 1, 1575259393138438146, '2023-01-23 10:10:15', '2023-01-23 11:18:48'),
	(1617582938482348044, 1024987310187482529, '宏晓誉', '18737437483', 'bjsj001', 23, '2023-01', 3, 1, 1575259393138438146, '2023-01-23 10:13:38', '2023-01-23 11:18:48'),
	(1617582938486542338, 1024987378881793537, '司沈阳', '13311111222', 'sysj001', 23, '2023-01', 3, 1, 1575259393138438146, '2023-01-23 10:13:57', '2023-01-23 11:18:48'),
	(1617582938486542339, 1024987860782158145, '顺意', '18734736473', 'sykdy001', 23, '2023-01', 2, 1, 1575259393138438146, '2023-01-23 10:15:50', '2023-01-23 11:18:48'),
	(1617582938486542340, 1024987931753976513, '顺心', '17647657465', 'sykdy002', 23, '2023-01', 2, 1, 1575259393138438146, '2023-01-23 10:16:07', '2023-01-23 11:18:48'),
	(1617582938486542341, 1024988097613534273, '景昌', '18784574758', 'cpkdy001', 23, '2023-01', 2, 1, 1575259393138438146, '2023-01-23 10:16:46', '2023-01-23 11:18:48'),
	(1617582938486542342, 1024988171324232993, '景元', '18783748374', 'cpkdy002', 23, '2023-01', 2, 1, 1575259393138438146, '2023-01-23 10:17:04', '2023-01-23 11:18:48'),
	(1617582938486542343, 1024988319861315553, '李和平', '13355554444', 'hpkdy001', 23, '2023-01', 2, 1, 1575347921490882562, '2023-01-23 10:17:39', '2023-01-23 16:06:11'),
	(1617582938486542344, 1024988498702245281, '李平和', '17788889999', 'hpkdy002', 23, '2023-01', 2, 1, 1575347921490882562, '2023-01-23 10:18:22', '2023-01-23 16:05:52'),
	(1617582938486542345, 1024988744815617761, '李姑皇', '17766667777', 'gukdy001', 23, '2023-01', 2, 1, 1575347921490882562, '2023-01-23 10:19:20', '2023-01-23 18:26:28'),
	(1617582938486542346, 1024989856838856577, '李皇姑', '18877776666', 'hgkdy002', 23, '2023-01', 2, 1, 1575347921490882562, '2023-01-23 10:23:46', '2023-01-23 18:28:37'),
	(1617582938490736642, 1024994498993865153, '司华中', '18877776666', 'hzsj', 23, '2023-01', 3, 1, 1575347921490882562, '2023-01-23 10:42:12', '2023-01-23 12:54:04'),
	(1617582938490736643, 1024994711959651169, '司武汉', '17788887777', 'whsj', 23, '2023-01', 3, 1, 1575347921490882562, '2023-01-23 10:43:03', '2023-01-23 15:55:24'),
	(1617582938490736644, 1024995063794648993, '李江汉', '17799990000', 'jhkdy001', 23, '2023-01', 2, 1, 1575347921490882562, '2023-01-23 10:44:27', '2023-01-23 12:54:04'),
	(1617582938490736645, 1024995257768626273, '李汉江', '17788882222', 'jhkdy002', 23, '2023-01', 2, 1, 1575347921490882562, '2023-01-23 10:45:13', '2023-01-23 09:50:15'),
	(1617582938490736646, 1024995991193013985, '李武昌', '18877778888', 'wckdy001', 23, '2023-01', 2, 1, 1575347921490882562, '2023-01-23 10:48:08', '2023-01-23 12:54:04'),
	(1617582938490736647, 1024996147695079329, '李昌武', '18877776666', 'wckdy002', 23, '2023-01', 2, 1, 1575347921490882562, '2023-01-23 10:48:45', '2023-01-23 12:54:04'),
	(1617582938490736648, 1024997316655995489, '司东北', '17788887777', 'dbsj', 23, '2023-01', 3, 1, 1575347921490882562, '2023-01-23 10:53:24', '2023-01-23 12:54:03'),
	(1617582938490736649, 1025074399029692449, '王和平', '17788887777', 'hpkdy003', 23, '2023-01', 2, 1, 1575347921490882562, '2023-01-23 15:59:42', '2023-01-23 16:01:07'),
	(1617582938490736650, 1025104059952247329, '司华南', '17788887777', 'hnsj001', 23, '2023-01', 3, 1, 1575258946549919745, '2023-01-23 17:57:36', '2023-01-23 09:40:21'),
	(1617582938490736651, 1025104550799061921, '司深圳', '18877776666', 'szsj001', 23, '2023-01', 3, 1, 1575258946549919745, '2023-01-23 17:59:31', '2023-01-23 09:40:21'),
	(1617582938490736652, 1025109259005971617, '王光明', '18877776666', 'gmkdy001', 23, '2023-01', 2, 1, 1575258946549919745, '2023-01-23 18:18:13', '2023-01-23 09:40:03'),
	(1617582938494930946, 1025110041134617825, '王保安', '18877776666', 'bakdy001', 23, '2023-01', 2, 1, 1575258946549919745, '2023-01-23 18:21:20', '2023-01-23 09:40:03'),
	(1617582938494930947, 1025110490961140193, '王明光', '16677779999', 'gmkdy002', 23, '2023-01', 2, 1, 1575258946549919745, '2023-01-23 18:23:07', '2023-01-23 09:40:02'),
	(1617582938494930948, 1025110675888003969, '王安宝', '16677776666', 'bakdy002', 23, '2023-01', 2, 1, 1575258946549919745, '2023-01-23 18:23:51', '2023-01-23 09:40:02'),
	(1617582938494930949, 1025110935532199265, '王越秀', '16688886666', 'yxkdy001', 23, '2023-01', 2, 1, 1575258946549919745, '2023-01-23 18:24:53', '2023-01-23 09:40:02'),
	(1617582938494930950, 1025111112225644097, '王华都', '17799995555', 'hdkdy001', 23, '2023-01', 2, 1, 1575258946549919745, '2023-01-23 18:25:37', '2023-01-23 09:40:02'),
	(1617582938494930951, 1025111247919767297, '王都花', '16677776666', 'hdkdy002', 23, '2023-01', 2, 1, 1575258946549919745, '2023-01-23 18:26:07', '2023-01-23 09:40:02'),
	(1617582938494930952, 1025111573938823425, '王秀越', '17788887777', 'yxkdy002', 23, '2023-01', 2, 1, 1575258946549919745, '2023-01-23 18:27:25', '2023-01-23 09:40:02'),
	(1617582938494930953, 1025112013736764417, '司广州', '18877770000', 'gzsj', 23, '2023-01', 3, 1, 1575258946549919745, '2023-01-23 18:29:10', '2023-01-23 09:40:01'),
	(1617582938494930954, 1025428687312684929, '张成飞', '18866666666', 'sl001', 23, '2023-01', 1, 1, 1575258946549919745, '2023-01-23 15:27:31', '2023-01-23 09:50:38'),
	(1617582938494930955, 1027527374507700225, '张调马', '13111332426', 'sldd001', 23, '2023-01', 1, 1, 1575259393138438146, '2023-01-23 10:26:57', '2023-01-23 13:38:23'),
	(1617945326238896129, 1024738476802799553, '周一', '13571250987', 'xbsj001', 24, '2023-01', 3, 1, 1575259393138438146, '2023-01-24 17:44:52', '2023-01-24 11:16:37'),
	(1617945326238896130, 1024738594893428865, '周二', '18500224566', 'xbsj002', 24, '2023-01', 3, 1, 1575259393138438146, '2023-01-24 17:45:20', '2023-01-24 11:16:37'),
	(1617945326243090433, 1024741978908228513, '吴用', '18500766555', 'xnsj001', 24, '2023-01', 3, 1, 1575259393138438146, '2023-01-24 17:58:47', '2023-01-24 11:16:37'),
	(1617945326243090434, 1024742117286706369, '吴西', '18346766666', 'xnsj002', 24, '2023-01', 3, 1, 1575259393138438146, '2023-01-24 17:59:20', '2023-01-24 11:16:37'),
	(1617945326243090435, 1024742265953811937, '成功', '18950867777', 'cdsj001', 24, '2023-01', 3, 1, 1575259393138438146, '2023-01-24 17:59:55', '2023-01-24 11:17:58'),
	(1617945326243090436, 1024742403489234657, '成仁', '18394867666', 'cdsj002', 24, '2023-01', 3, 1, 1575259393138438146, '2023-01-24 18:00:28', '2023-01-24 11:17:58'),
	(1617945326243090437, 1024976390379916929, '西王', '18355544444', 'xasj001', 24, '2023-01', 3, 1, 1575259393138438146, '2023-01-24 09:30:15', '2023-01-24 11:17:58'),
	(1617945326243090438, 1024976605161836353, '西米', '17655555555', 'xasj002', 24, '2023-01', 3, 1, 1575259393138438146, '2023-01-24 09:31:06', '2023-01-24 11:17:58'),
	(1617945326243090439, 1024976781221941281, '贝林', '13434343434', 'blkdy001', 24, '2023-01', 2, 1, 1575259393138438146, '2023-01-24 09:31:48', '2023-01-24 11:17:58'),
	(1617945326243090440, 1024976941658263777, '贝小贝', '13433434544', 'blkdy002', 24, '2023-01', 2, 1, 1575259393138438146, '2023-01-24 09:32:27', '2023-01-24 11:17:57'),
	(1617945326243090441, 1024977078208025057, '长小名', '18364636473', 'casj001', 24, '2023-01', 2, 1, 1575259393138438146, '2023-01-24 09:32:59', '2023-01-24 11:17:57'),
	(1617945326243090442, 1024977221418341025, '长城', '13445657565', 'casj002', 24, '2023-01', 2, 1, 1575259393138438146, '2023-01-24 09:33:33', '2023-01-24 11:17:57'),
	(1617945326247284737, 1024977388880122881, '金元宝', '18374673467', 'jnkdy001', 24, '2023-01', 2, 1, 1575259393138438146, '2023-01-24 09:34:13', '2023-01-24 11:17:56'),
	(1617945326247284738, 1024977522992993473, '金开', '18374734736', 'jnkdy002', 24, '2023-01', 2, 1, 1575259393138438146, '2023-01-24 09:34:45', '2023-01-24 11:17:55'),
	(1617945326247284739, 1024977621806601633, '青青', '18273827382', 'qykdy001', 24, '2023-01', 2, 1, 1575259393138438146, '2023-01-24 09:35:08', '2023-01-24 11:18:18'),
	(1617945326247284740, 1024977719693268993, '青风', '18273872382', 'qykdy002', 24, '2023-01', 2, 1, 1575259393138438146, '2023-01-24 09:35:32', '2023-01-24 11:18:18'),
	(1617945326247284741, 1024984140988150081, '华亮', '18837473473', 'hdsj001', 24, '2023-01', 3, 1, 1575259393138438146, '2023-01-24 10:01:03', '2023-01-24 11:18:18'),
	(1617945326247284742, 1024984230121304705, '华明', '13454545454', 'hdsj002', 24, '2023-01', 3, 1, 1575259393138438146, '2023-01-24 10:01:24', '2023-01-24 11:18:18'),
	(1617945326247284743, 1024984365991588705, '海明月', '18566666667', 'shsj001', 24, '2023-01', 3, 1, 1575259393138438146, '2023-01-24 10:01:57', '2023-01-24 11:18:17'),
	(1617945326247284744, 1024984516357387297, '海阔', '18734736473', 'shsj002', 24, '2023-01', 3, 1, 1575259393138438146, '2023-01-24 10:02:32', '2023-01-24 11:18:17'),
	(1617945326247284745, 1024984720745821569, '周生生', '18776676767', 'hkkdy001', 24, '2023-01', 2, 1, 1575259393138438146, '2023-01-24 10:03:21', '2023-01-24 11:18:17'),
	(1617945326247284746, 1024984891772761697, '周生辰', '13434343434', 'hkkdy002', 24, '2023-01', 2, 1, 1575259393138438146, '2023-01-24 10:04:02', '2023-01-24 11:18:17'),
	(1617945326247284747, 1024985344870841121, '刘徽', '18737373647', 'pdkdy001', 24, '2023-01', 2, 1, 1575259393138438146, '2023-01-24 10:05:50', '2023-01-24 11:18:17'),
	(1617945326251479042, 1024985481462545409, '萧晏', '18737473647', 'pdkdy002', 24, '2023-01', 2, 1, 1575259393138438146, '2023-01-24 10:06:22', '2023-01-24 11:18:17'),
	(1617945326251479043, 1024985621531327777, '平秦王', '18723736473', 'hbsj001', 24, '2023-01', 3, 1, 1575259393138438146, '2023-01-24 10:06:56', '2023-01-24 11:18:48'),
	(1617945326251479044, 1024986076978217057, '长孙杰', '13987675455', 'hbsj002', 24, '2023-01', 3, 1, 1575259393138438146, '2023-01-24 10:08:44', '2023-01-24 11:18:48'),
	(1617945326251479045, 1024986455853892225, '漼时宜', '17898989565', 'bjsj002', 24, '2023-01', 3, 1, 1575259393138438146, '2023-01-24 10:10:15', '2023-01-24 11:18:48'),
	(1617945326251479046, 1024987310187482529, '宏晓誉', '18737437483', 'bjsj001', 24, '2023-01', 3, 1, 1575259393138438146, '2023-01-24 10:13:38', '2023-01-24 11:18:48'),
	(1617945326251479047, 1024987378881793537, '司沈阳', '13311111222', 'sysj001', 24, '2023-01', 3, 1, 1575259393138438146, '2023-01-24 10:13:57', '2023-01-24 11:18:48'),
	(1617945326251479048, 1024987860782158145, '顺意', '18734736473', 'sykdy001', 24, '2023-01', 2, 1, 1575259393138438146, '2023-01-24 10:15:50', '2023-01-24 11:18:48'),
	(1617945326251479049, 1024987931753976513, '顺心', '17647657465', 'sykdy002', 24, '2023-01', 2, 1, 1575259393138438146, '2023-01-24 10:16:07', '2023-01-24 11:18:48'),
	(1617945326251479050, 1024988097613534273, '景昌', '18784574758', 'cpkdy001', 24, '2023-01', 2, 1, 1575259393138438146, '2023-01-24 10:16:46', '2023-01-24 11:18:48'),
	(1617945326251479051, 1024988171324232993, '景元', '18783748374', 'cpkdy002', 24, '2023-01', 2, 1, 1575259393138438146, '2023-01-24 10:17:04', '2023-01-24 11:18:48'),
	(1617945326255673345, 1024988319861315553, '李和平', '13355554444', 'hpkdy001', 24, '2023-01', 2, 1, 1575347921490882562, '2023-01-24 10:17:39', '2023-01-24 16:06:11'),
	(1617945326255673346, 1024988498702245281, '李平和', '17788889999', 'hpkdy002', 24, '2023-01', 2, 1, 1575347921490882562, '2023-01-24 10:18:22', '2023-01-24 16:05:52'),
	(1617945326255673347, 1024988744815617761, '李姑皇', '17766667777', 'gukdy001', 24, '2023-01', 2, 1, 1575347921490882562, '2023-01-24 10:19:20', '2023-01-24 18:26:28'),
	(1617945326255673348, 1024989856838856577, '李皇姑', '18877776666', 'hgkdy002', 24, '2023-01', 2, 1, 1575347921490882562, '2023-01-24 10:23:46', '2023-01-24 18:28:37'),
	(1617945326255673349, 1024994498993865153, '司华中', '18877776666', 'hzsj', 24, '2023-01', 3, 1, 1575347921490882562, '2023-01-24 10:42:12', '2023-01-24 12:54:04'),
	(1617945326255673350, 1024994711959651169, '司武汉', '17788887777', 'whsj', 24, '2023-01', 3, 1, 1575347921490882562, '2023-01-24 10:43:03', '2023-01-24 15:55:24'),
	(1617945326255673351, 1024995063794648993, '李江汉', '17799990000', 'jhkdy001', 24, '2023-01', 2, 1, 1575347921490882562, '2023-01-24 10:44:27', '2023-01-24 12:54:04'),
	(1617945326255673352, 1024995257768626273, '李汉江', '17788882222', 'jhkdy002', 24, '2023-01', 2, 1, 1575347921490882562, '2023-01-24 10:45:13', '2023-01-24 09:50:15'),
	(1617945326255673353, 1024995991193013985, '李武昌', '18877778888', 'wckdy001', 24, '2023-01', 2, 1, 1575347921490882562, '2023-01-24 10:48:08', '2023-01-24 12:54:04'),
	(1617945326255673354, 1024996147695079329, '李昌武', '18877776666', 'wckdy002', 24, '2023-01', 2, 1, 1575347921490882562, '2023-01-24 10:48:45', '2023-01-24 12:54:04'),
	(1617945326255673355, 1024997316655995489, '司东北', '17788887777', 'dbsj', 24, '2023-01', 3, 1, 1575347921490882562, '2023-01-24 10:53:24', '2023-01-24 12:54:03'),
	(1617945326259867650, 1025074399029692449, '王和平', '17788887777', 'hpkdy003', 24, '2023-01', 2, 1, 1575347921490882562, '2023-01-24 15:59:42', '2023-01-24 16:01:07'),
	(1617945326259867651, 1025104059952247329, '司华南', '17788887777', 'hnsj001', 24, '2023-01', 3, 1, 1575258946549919745, '2023-01-24 17:57:36', '2023-01-24 09:40:21'),
	(1617945326259867652, 1025104550799061921, '司深圳', '18877776666', 'szsj001', 24, '2023-01', 3, 1, 1575258946549919745, '2023-01-24 17:59:31', '2023-01-24 09:40:21'),
	(1617945326259867653, 1025109259005971617, '王光明', '18877776666', 'gmkdy001', 24, '2023-01', 2, 1, 1575258946549919745, '2023-01-24 18:18:13', '2023-01-24 09:40:03'),
	(1617945326259867654, 1025110041134617825, '王保安', '18877776666', 'bakdy001', 24, '2023-01', 2, 1, 1575258946549919745, '2023-01-24 18:21:20', '2023-01-24 09:40:03'),
	(1617945326259867655, 1025110490961140193, '王明光', '16677779999', 'gmkdy002', 24, '2023-01', 2, 1, 1575258946549919745, '2023-01-24 18:23:07', '2023-01-24 09:40:02'),
	(1617945326259867656, 1025110675888003969, '王安宝', '16677776666', 'bakdy002', 24, '2023-01', 2, 1, 1575258946549919745, '2023-01-24 18:23:51', '2023-01-24 09:40:02'),
	(1617945326259867657, 1025110935532199265, '王越秀', '16688886666', 'yxkdy001', 24, '2023-01', 2, 1, 1575258946549919745, '2023-01-24 18:24:53', '2023-01-24 09:40:02'),
	(1617945326259867658, 1025111112225644097, '王华都', '17799995555', 'hdkdy001', 24, '2023-01', 2, 1, 1575258946549919745, '2023-01-24 18:25:37', '2023-01-24 09:40:02'),
	(1617945326264061953, 1025111247919767297, '王都花', '16677776666', 'hdkdy002', 24, '2023-01', 2, 1, 1575258946549919745, '2023-01-24 18:26:07', '2023-01-24 09:40:02'),
	(1617945326264061954, 1025111573938823425, '王秀越', '17788887777', 'yxkdy002', 24, '2023-01', 2, 1, 1575258946549919745, '2023-01-24 18:27:25', '2023-01-24 09:40:02'),
	(1617945326264061955, 1025112013736764417, '司广州', '18877770000', 'gzsj', 24, '2023-01', 3, 1, 1575258946549919745, '2023-01-24 18:29:10', '2023-01-24 09:40:01'),
	(1617945326264061956, 1025428687312684929, '张成飞', '18866666666', 'sl001', 24, '2023-01', 1, 1, 1575258946549919745, '2023-01-24 15:27:31', '2023-01-24 09:50:38'),
	(1617945326264061957, 1027527374507700225, '张调马', '13111332426', 'sldd001', 24, '2023-01', 1, 1, 1575259393138438146, '2023-01-24 10:26:57', '2023-01-24 13:38:23'),
	(1618307714922385410, 1024738476802799553, '周一', '13571250987', 'xbsj001', 25, '2023-01', 3, 1, 1575259393138438146, '2023-01-25 17:44:52', '2023-01-25 11:16:37'),
	(1618307714926579713, 1024738594893428865, '周二', '18500224566', 'xbsj002', 25, '2023-01', 3, 1, 1575259393138438146, '2023-01-25 17:45:20', '2023-01-25 11:16:37'),
	(1618307714926579714, 1024741978908228513, '吴用', '18500766555', 'xnsj001', 25, '2023-01', 3, 1, 1575259393138438146, '2023-01-25 17:58:47', '2023-01-25 11:16:37'),
	(1618307714926579715, 1024742117286706369, '吴西', '18346766666', 'xnsj002', 25, '2023-01', 3, 1, 1575259393138438146, '2023-01-25 17:59:20', '2023-01-25 11:16:37'),
	(1618307714926579716, 1024742265953811937, '成功', '18950867777', 'cdsj001', 25, '2023-01', 3, 1, 1575259393138438146, '2023-01-25 17:59:55', '2023-01-25 11:17:58'),
	(1618307714926579717, 1024742403489234657, '成仁', '18394867666', 'cdsj002', 25, '2023-01', 3, 1, 1575259393138438146, '2023-01-25 18:00:28', '2023-01-25 11:17:58'),
	(1618307714926579718, 1024976390379916929, '西王', '18355544444', 'xasj001', 25, '2023-01', 3, 1, 1575259393138438146, '2023-01-25 09:30:15', '2023-01-25 11:17:58'),
	(1618307714930774018, 1024976605161836353, '西米', '17655555555', 'xasj002', 25, '2023-01', 3, 1, 1575259393138438146, '2023-01-25 09:31:06', '2023-01-25 11:17:58'),
	(1618307714930774019, 1024976781221941281, '贝林', '13434343434', 'blkdy001', 25, '2023-01', 2, 1, 1575259393138438146, '2023-01-25 09:31:48', '2023-01-25 11:17:58'),
	(1618307714930774020, 1024976941658263777, '贝小贝', '13433434544', 'blkdy002', 25, '2023-01', 2, 1, 1575259393138438146, '2023-01-25 09:32:27', '2023-01-25 11:17:57'),
	(1618307715283095553, 1024977078208025057, '长小名', '18364636473', 'casj001', 25, '2023-01', 2, 1, 1575259393138438146, '2023-01-25 09:32:59', '2023-01-25 11:17:57'),
	(1618307715283095554, 1024977221418341025, '长城', '13445657565', 'casj002', 25, '2023-01', 2, 1, 1575259393138438146, '2023-01-25 09:33:33', '2023-01-25 11:17:57'),
	(1618307715283095555, 1024977388880122881, '金元宝', '18374673467', 'jnkdy001', 25, '2023-01', 2, 1, 1575259393138438146, '2023-01-25 09:34:13', '2023-01-25 11:17:56'),
	(1618307715283095556, 1024977522992993473, '金开', '18374734736', 'jnkdy002', 25, '2023-01', 2, 1, 1575259393138438146, '2023-01-25 09:34:45', '2023-01-25 11:17:55'),
	(1618307715283095557, 1024977621806601633, '青青', '18273827382', 'qykdy001', 25, '2023-01', 2, 1, 1575259393138438146, '2023-01-25 09:35:08', '2023-01-25 11:18:18'),
	(1618307715283095558, 1024977719693268993, '青风', '18273872382', 'qykdy002', 25, '2023-01', 2, 1, 1575259393138438146, '2023-01-25 09:35:32', '2023-01-25 11:18:18'),
	(1618307715283095559, 1024984140988150081, '华亮', '18837473473', 'hdsj001', 25, '2023-01', 3, 1, 1575259393138438146, '2023-01-25 10:01:03', '2023-01-25 11:18:18'),
	(1618307715283095560, 1024984230121304705, '华明', '13454545454', 'hdsj002', 25, '2023-01', 3, 1, 1575259393138438146, '2023-01-25 10:01:24', '2023-01-25 11:18:18'),
	(1618307715283095561, 1024984365991588705, '海明月', '18566666667', 'shsj001', 25, '2023-01', 3, 1, 1575259393138438146, '2023-01-25 10:01:57', '2023-01-25 11:18:17'),
	(1618307715283095562, 1024984516357387297, '海阔', '18734736473', 'shsj002', 25, '2023-01', 3, 1, 1575259393138438146, '2023-01-25 10:02:32', '2023-01-25 11:18:17'),
	(1618307715283095563, 1024984720745821569, '周生生', '18776676767', 'hkkdy001', 25, '2023-01', 2, 1, 1575259393138438146, '2023-01-25 10:03:21', '2023-01-25 11:18:17'),
	(1618307715283095564, 1024984891772761697, '周生辰', '13434343434', 'hkkdy002', 25, '2023-01', 2, 1, 1575259393138438146, '2023-01-25 10:04:02', '2023-01-25 11:18:17'),
	(1618307715283095565, 1024985344870841121, '刘徽', '18737373647', 'pdkdy001', 25, '2023-01', 2, 1, 1575259393138438146, '2023-01-25 10:05:50', '2023-01-25 11:18:17'),
	(1618307715283095566, 1024985481462545409, '萧晏', '18737473647', 'pdkdy002', 25, '2023-01', 2, 1, 1575259393138438146, '2023-01-25 10:06:22', '2023-01-25 11:18:17'),
	(1618307715287289858, 1024985621531327777, '平秦王', '18723736473', 'hbsj001', 25, '2023-01', 3, 1, 1575259393138438146, '2023-01-25 10:06:56', '2023-01-25 11:18:48'),
	(1618307715287289859, 1024986076978217057, '长孙杰', '13987675455', 'hbsj002', 25, '2023-01', 3, 1, 1575259393138438146, '2023-01-25 10:08:44', '2023-01-25 11:18:48'),
	(1618307715287289860, 1024986455853892225, '漼时宜', '17898989565', 'bjsj002', 25, '2023-01', 3, 1, 1575259393138438146, '2023-01-25 10:10:15', '2023-01-25 11:18:48'),
	(1618307715287289861, 1024987310187482529, '宏晓誉', '18737437483', 'bjsj001', 25, '2023-01', 3, 1, 1575259393138438146, '2023-01-25 10:13:38', '2023-01-25 11:18:48'),
	(1618307715287289862, 1024987378881793537, '司沈阳', '13311111222', 'sysj001', 25, '2023-01', 3, 1, 1575259393138438146, '2023-01-25 10:13:57', '2023-01-25 11:18:48'),
	(1618307715287289863, 1024987860782158145, '顺意', '18734736473', 'sykdy001', 25, '2023-01', 2, 1, 1575259393138438146, '2023-01-25 10:15:50', '2023-01-25 11:18:48'),
	(1618307715287289864, 1024987931753976513, '顺心', '17647657465', 'sykdy002', 25, '2023-01', 2, 1, 1575259393138438146, '2023-01-25 10:16:07', '2023-01-25 11:18:48'),
	(1618307715287289865, 1024988097613534273, '景昌', '18784574758', 'cpkdy001', 25, '2023-01', 2, 1, 1575259393138438146, '2023-01-25 10:16:46', '2023-01-25 11:18:48'),
	(1618307715287289866, 1024988171324232993, '景元', '18783748374', 'cpkdy002', 25, '2023-01', 2, 1, 1575259393138438146, '2023-01-25 10:17:04', '2023-01-25 11:18:48'),
	(1618307715287289867, 1024988319861315553, '李和平', '13355554444', 'hpkdy001', 25, '2023-01', 2, 1, 1575347921490882562, '2023-01-25 10:17:39', '2023-01-25 16:06:11'),
	(1618307715287289868, 1024988498702245281, '李平和', '17788889999', 'hpkdy002', 25, '2023-01', 2, 1, 1575347921490882562, '2023-01-25 10:18:22', '2023-01-25 16:05:52'),
	(1618307715291484162, 1024988744815617761, '李姑皇', '17766667777', 'gukdy001', 25, '2023-01', 2, 1, 1575347921490882562, '2023-01-25 10:19:20', '2023-01-25 18:26:28'),
	(1618307715291484163, 1024989856838856577, '李皇姑', '18877776666', 'hgkdy002', 25, '2023-01', 2, 1, 1575347921490882562, '2023-01-25 10:23:46', '2023-01-25 18:28:37'),
	(1618307715291484164, 1024994498993865153, '司华中', '18877776666', 'hzsj', 25, '2023-01', 3, 1, 1575347921490882562, '2023-01-25 10:42:12', '2023-01-25 12:54:04'),
	(1618307715291484165, 1024994711959651169, '司武汉', '17788887777', 'whsj', 25, '2023-01', 3, 1, 1575347921490882562, '2023-01-25 10:43:03', '2023-01-25 15:55:24'),
	(1618307715291484166, 1024995063794648993, '李江汉', '17799990000', 'jhkdy001', 25, '2023-01', 2, 1, 1575347921490882562, '2023-01-25 10:44:27', '2023-01-25 12:54:04'),
	(1618307715291484167, 1024995257768626273, '李汉江', '17788882222', 'jhkdy002', 25, '2023-01', 2, 1, 1575347921490882562, '2023-01-25 10:45:13', '2023-01-25 09:50:15'),
	(1618307715291484168, 1024995991193013985, '李武昌', '18877778888', 'wckdy001', 25, '2023-01', 2, 1, 1575347921490882562, '2023-01-25 10:48:08', '2023-01-25 12:54:04'),
	(1618307715291484169, 1024996147695079329, '李昌武', '18877776666', 'wckdy002', 25, '2023-01', 2, 1, 1575347921490882562, '2023-01-25 10:48:45', '2023-01-25 12:54:04'),
	(1618307715291484170, 1024997316655995489, '司东北', '17788887777', 'dbsj', 25, '2023-01', 3, 1, 1575347921490882562, '2023-01-25 10:53:24', '2023-01-25 12:54:03'),
	(1618307715291484171, 1025074399029692449, '王和平', '17788887777', 'hpkdy003', 25, '2023-01', 2, 1, 1575347921490882562, '2023-01-25 15:59:42', '2023-01-25 16:01:07'),
	(1618307715291484172, 1025104059952247329, '司华南', '17788887777', 'hnsj001', 25, '2023-01', 3, 1, 1575258946549919745, '2023-01-25 17:57:36', '2023-01-25 09:40:21'),
	(1618307715291484173, 1025104550799061921, '司深圳', '18877776666', 'szsj001', 25, '2023-01', 3, 1, 1575258946549919745, '2023-01-25 17:59:31', '2023-01-25 09:40:21'),
	(1618307715295678465, 1025109259005971617, '王光明', '18877776666', 'gmkdy001', 25, '2023-01', 2, 1, 1575258946549919745, '2023-01-25 18:18:13', '2023-01-25 09:40:03'),
	(1618307715295678466, 1025110041134617825, '王保安', '18877776666', 'bakdy001', 25, '2023-01', 2, 1, 1575258946549919745, '2023-01-25 18:21:20', '2023-01-25 09:40:03'),
	(1618307715295678467, 1025110490961140193, '王明光', '16677779999', 'gmkdy002', 25, '2023-01', 2, 1, 1575258946549919745, '2023-01-25 18:23:07', '2023-01-25 09:40:02'),
	(1618307715295678468, 1025110675888003969, '王安宝', '16677776666', 'bakdy002', 25, '2023-01', 2, 1, 1575258946549919745, '2023-01-25 18:23:51', '2023-01-25 09:40:02'),
	(1618307715295678469, 1025110935532199265, '王越秀', '16688886666', 'yxkdy001', 25, '2023-01', 2, 1, 1575258946549919745, '2023-01-25 18:24:53', '2023-01-25 09:40:02'),
	(1618307715295678470, 1025111112225644097, '王华都', '17799995555', 'hdkdy001', 25, '2023-01', 2, 1, 1575258946549919745, '2023-01-25 18:25:37', '2023-01-25 09:40:02'),
	(1618307715295678471, 1025111247919767297, '王都花', '16677776666', 'hdkdy002', 25, '2023-01', 2, 1, 1575258946549919745, '2023-01-25 18:26:07', '2023-01-25 09:40:02'),
	(1618307715295678472, 1025111573938823425, '王秀越', '17788887777', 'yxkdy002', 25, '2023-01', 2, 1, 1575258946549919745, '2023-01-25 18:27:25', '2023-01-25 09:40:02'),
	(1618307715295678473, 1025112013736764417, '司广州', '18877770000', 'gzsj', 25, '2023-01', 3, 1, 1575258946549919745, '2023-01-25 18:29:10', '2023-01-25 09:40:01'),
	(1618307715295678474, 1025428687312684929, '张成飞', '18866666666', 'sl001', 25, '2023-01', 1, 1, 1575258946549919745, '2023-01-25 15:27:31', '2023-01-25 09:50:38'),
	(1618307715295678475, 1027527374507700225, '张调马', '13111332426', 'sldd001', 25, '2023-01', 1, 1, 1575259393138438146, '2023-01-25 10:26:57', '2023-01-25 13:38:23'),
	(1618670100665667585, 1024738476802799553, '周一', '13571250987', 'xbsj001', 26, '2023-01', 3, 1, 1575259393138438146, '2023-01-26 17:44:52', '2023-01-26 11:16:37'),
	(1618670100669861890, 1024738594893428865, '周二', '18500224566', 'xbsj002', 26, '2023-01', 3, 1, 1575259393138438146, '2023-01-26 17:45:20', '2023-01-26 11:16:37'),
	(1618670100669861891, 1024741978908228513, '吴用', '18500766555', 'xnsj001', 26, '2023-01', 3, 1, 1575259393138438146, '2023-01-26 17:58:47', '2023-01-26 11:16:37'),
	(1618670100669861892, 1024742117286706369, '吴西', '18346766666', 'xnsj002', 26, '2023-01', 3, 1, 1575259393138438146, '2023-01-26 17:59:20', '2023-01-26 11:16:37'),
	(1618670100669861893, 1024742265953811937, '成功', '18950867777', 'cdsj001', 26, '2023-01', 3, 1, 1575259393138438146, '2023-01-26 17:59:55', '2023-01-26 11:17:58'),
	(1618670100669861894, 1024742403489234657, '成仁', '18394867666', 'cdsj002', 26, '2023-01', 3, 1, 1575259393138438146, '2023-01-26 18:00:28', '2023-01-26 11:17:58'),
	(1618670100674056194, 1024976390379916929, '西王', '18355544444', 'xasj001', 26, '2023-01', 3, 1, 1575259393138438146, '2023-01-26 09:30:15', '2023-01-26 11:17:58'),
	(1618670100674056195, 1024976605161836353, '西米', '17655555555', 'xasj002', 26, '2023-01', 3, 1, 1575259393138438146, '2023-01-26 09:31:06', '2023-01-26 11:17:58'),
	(1618670100674056196, 1024976781221941281, '贝林', '13434343434', 'blkdy001', 26, '2023-01', 2, 1, 1575259393138438146, '2023-01-26 09:31:48', '2023-01-26 11:17:58'),
	(1618670100674056197, 1024976941658263777, '贝小贝', '13433434544', 'blkdy002', 26, '2023-01', 2, 1, 1575259393138438146, '2023-01-26 09:32:27', '2023-01-26 11:17:57'),
	(1618670100674056198, 1024977078208025057, '长小名', '18364636473', 'casj001', 26, '2023-01', 2, 1, 1575259393138438146, '2023-01-26 09:32:59', '2023-01-26 11:17:57'),
	(1618670100674056199, 1024977221418341025, '长城', '13445657565', 'casj002', 26, '2023-01', 2, 1, 1575259393138438146, '2023-01-26 09:33:33', '2023-01-26 11:17:57'),
	(1618670100674056200, 1024977388880122881, '金元宝', '18374673467', 'jnkdy001', 26, '2023-01', 2, 1, 1575259393138438146, '2023-01-26 09:34:13', '2023-01-26 11:17:56'),
	(1618670100674056201, 1024977522992993473, '金开', '18374734736', 'jnkdy002', 26, '2023-01', 2, 1, 1575259393138438146, '2023-01-26 09:34:45', '2023-01-26 11:17:55'),
	(1618670100674056202, 1024977621806601633, '青青', '18273827382', 'qykdy001', 26, '2023-01', 2, 1, 1575259393138438146, '2023-01-26 09:35:08', '2023-01-26 11:18:18'),
	(1618670100674056203, 1024977719693268993, '青风', '18273872382', 'qykdy002', 26, '2023-01', 2, 1, 1575259393138438146, '2023-01-26 09:35:32', '2023-01-26 11:18:18'),
	(1618670100678250498, 1024984140988150081, '华亮', '18837473473', 'hdsj001', 26, '2023-01', 3, 1, 1575259393138438146, '2023-01-26 10:01:03', '2023-01-26 11:18:18'),
	(1618670100678250499, 1024984230121304705, '华明', '13454545454', 'hdsj002', 26, '2023-01', 3, 1, 1575259393138438146, '2023-01-26 10:01:24', '2023-01-26 11:18:18'),
	(1618670100678250500, 1024984365991588705, '海明月', '18566666667', 'shsj001', 26, '2023-01', 3, 1, 1575259393138438146, '2023-01-26 10:01:57', '2023-01-26 11:18:17'),
	(1618670100678250501, 1024984516357387297, '海阔', '18734736473', 'shsj002', 26, '2023-01', 3, 1, 1575259393138438146, '2023-01-26 10:02:32', '2023-01-26 11:18:17'),
	(1618670100678250502, 1024984720745821569, '周生生', '18776676767', 'hkkdy001', 26, '2023-01', 2, 1, 1575259393138438146, '2023-01-26 10:03:21', '2023-01-26 11:18:17'),
	(1618670100678250503, 1024984891772761697, '周生辰', '13434343434', 'hkkdy002', 26, '2023-01', 2, 1, 1575259393138438146, '2023-01-26 10:04:02', '2023-01-26 11:18:17'),
	(1618670100678250504, 1024985344870841121, '刘徽', '18737373647', 'pdkdy001', 26, '2023-01', 2, 1, 1575259393138438146, '2023-01-26 10:05:50', '2023-01-26 11:18:17'),
	(1618670100678250505, 1024985481462545409, '萧晏', '18737473647', 'pdkdy002', 26, '2023-01', 2, 1, 1575259393138438146, '2023-01-26 10:06:22', '2023-01-26 11:18:17'),
	(1618670100678250506, 1024985621531327777, '平秦王', '18723736473', 'hbsj001', 26, '2023-01', 3, 1, 1575259393138438146, '2023-01-26 10:06:56', '2023-01-26 11:18:48'),
	(1618670100678250507, 1024986076978217057, '长孙杰', '13987675455', 'hbsj002', 26, '2023-01', 3, 1, 1575259393138438146, '2023-01-26 10:08:44', '2023-01-26 11:18:48'),
	(1618670100678250508, 1024986455853892225, '漼时宜', '17898989565', 'bjsj002', 26, '2023-01', 3, 1, 1575259393138438146, '2023-01-26 10:10:15', '2023-01-26 11:18:48'),
	(1618670100682444801, 1024987310187482529, '宏晓誉', '18737437483', 'bjsj001', 26, '2023-01', 3, 1, 1575259393138438146, '2023-01-26 10:13:38', '2023-01-26 11:18:48'),
	(1618670100682444802, 1024987378881793537, '司沈阳', '13311111222', 'sysj001', 26, '2023-01', 3, 1, 1575259393138438146, '2023-01-26 10:13:57', '2023-01-26 11:18:48'),
	(1618670100682444803, 1024987860782158145, '顺意', '18734736473', 'sykdy001', 26, '2023-01', 2, 1, 1575259393138438146, '2023-01-26 10:15:50', '2023-01-26 11:18:48'),
	(1618670100682444804, 1024987931753976513, '顺心', '17647657465', 'sykdy002', 26, '2023-01', 2, 1, 1575259393138438146, '2023-01-26 10:16:07', '2023-01-26 11:18:48'),
	(1618670100682444805, 1024988097613534273, '景昌', '18784574758', 'cpkdy001', 26, '2023-01', 2, 1, 1575259393138438146, '2023-01-26 10:16:46', '2023-01-26 11:18:48'),
	(1618670100682444806, 1024988171324232993, '景元', '18783748374', 'cpkdy002', 26, '2023-01', 2, 1, 1575259393138438146, '2023-01-26 10:17:04', '2023-01-26 11:18:48'),
	(1618670100682444807, 1024988319861315553, '李和平', '13355554444', 'hpkdy001', 26, '2023-01', 2, 1, 1575347921490882562, '2023-01-26 10:17:39', '2023-01-26 16:06:11'),
	(1618670100682444808, 1024988498702245281, '李平和', '17788889999', 'hpkdy002', 26, '2023-01', 2, 1, 1575347921490882562, '2023-01-26 10:18:22', '2023-01-26 16:05:52'),
	(1618670100686639106, 1024988744815617761, '李姑皇', '17766667777', 'gukdy001', 26, '2023-01', 2, 1, 1575347921490882562, '2023-01-26 10:19:20', '2023-01-26 18:26:28'),
	(1618670100686639107, 1024989856838856577, '李皇姑', '18877776666', 'hgkdy002', 26, '2023-01', 2, 1, 1575347921490882562, '2023-01-26 10:23:46', '2023-01-26 18:28:37'),
	(1618670100686639108, 1024994498993865153, '司华中', '18877776666', 'hzsj', 26, '2023-01', 3, 1, 1575347921490882562, '2023-01-26 10:42:12', '2023-01-26 12:54:04'),
	(1618670100686639109, 1024994711959651169, '司武汉', '17788887777', 'whsj', 26, '2023-01', 3, 1, 1575347921490882562, '2023-01-26 10:43:03', '2023-01-26 15:55:24'),
	(1618670100686639110, 1024995063794648993, '李江汉', '17799990000', 'jhkdy001', 26, '2023-01', 2, 1, 1575347921490882562, '2023-01-26 10:44:27', '2023-01-26 12:54:04'),
	(1618670100686639111, 1024995257768626273, '李汉江', '17788882222', 'jhkdy002', 26, '2023-01', 2, 1, 1575347921490882562, '2023-01-26 10:45:13', '2023-01-26 09:50:15'),
	(1618670100686639112, 1024995991193013985, '李武昌', '18877778888', 'wckdy001', 26, '2023-01', 2, 1, 1575347921490882562, '2023-01-26 10:48:08', '2023-01-26 12:54:04'),
	(1618670100686639113, 1024996147695079329, '李昌武', '18877776666', 'wckdy002', 26, '2023-01', 2, 1, 1575347921490882562, '2023-01-26 10:48:45', '2023-01-26 12:54:04'),
	(1618670100686639114, 1024997316655995489, '司东北', '17788887777', 'dbsj', 26, '2023-01', 3, 1, 1575347921490882562, '2023-01-26 10:53:24', '2023-01-26 12:54:03'),
	(1618670100690833410, 1025074399029692449, '王和平', '17788887777', 'hpkdy003', 26, '2023-01', 2, 1, 1575347921490882562, '2023-01-26 15:59:42', '2023-01-26 16:01:07'),
	(1618670100690833411, 1025104059952247329, '司华南', '17788887777', 'hnsj001', 26, '2023-01', 3, 1, 1575258946549919745, '2023-01-26 17:57:36', '2023-01-26 09:40:21'),
	(1618670100720193537, 1025104550799061921, '司深圳', '18877776666', 'szsj001', 26, '2023-01', 3, 1, 1575258946549919745, '2023-01-26 17:59:31', '2023-01-26 09:40:21'),
	(1618670100720193538, 1025109259005971617, '王光明', '18877776666', 'gmkdy001', 26, '2023-01', 2, 1, 1575258946549919745, '2023-01-26 18:18:13', '2023-01-26 09:40:03'),
	(1618670100720193539, 1025110041134617825, '王保安', '18877776666', 'bakdy001', 26, '2023-01', 2, 1, 1575258946549919745, '2023-01-26 18:21:20', '2023-01-26 09:40:03'),
	(1618670100720193540, 1025110490961140193, '王明光', '16677779999', 'gmkdy002', 26, '2023-01', 2, 1, 1575258946549919745, '2023-01-26 18:23:07', '2023-01-26 09:40:02'),
	(1618670100720193541, 1025110675888003969, '王安宝', '16677776666', 'bakdy002', 26, '2023-01', 2, 1, 1575258946549919745, '2023-01-26 18:23:51', '2023-01-26 09:40:02'),
	(1618670100720193542, 1025110935532199265, '王越秀', '16688886666', 'yxkdy001', 26, '2023-01', 2, 1, 1575258946549919745, '2023-01-26 18:24:53', '2023-01-26 09:40:02'),
	(1618670100720193543, 1025111112225644097, '王华都', '17799995555', 'hdkdy001', 26, '2023-01', 2, 1, 1575258946549919745, '2023-01-26 18:25:37', '2023-01-26 09:40:02'),
	(1618670101051543553, 1025111247919767297, '王都花', '16677776666', 'hdkdy002', 26, '2023-01', 2, 1, 1575258946549919745, '2023-01-26 18:26:07', '2023-01-26 09:40:02'),
	(1618670101051543554, 1025111573938823425, '王秀越', '17788887777', 'yxkdy002', 26, '2023-01', 2, 1, 1575258946549919745, '2023-01-26 18:27:25', '2023-01-26 09:40:02'),
	(1618670101051543555, 1025112013736764417, '司广州', '18877770000', 'gzsj', 26, '2023-01', 3, 1, 1575258946549919745, '2023-01-26 18:29:10', '2023-01-26 09:40:01'),
	(1618670101051543556, 1025428687312684929, '张成飞', '18866666666', 'sl001', 26, '2023-01', 1, 1, 1575258946549919745, '2023-01-26 15:27:31', '2023-01-26 09:50:38'),
	(1618670101051543557, 1027527374507700225, '张调马', '13111332426', 'sldd001', 26, '2023-01', 1, 1, 1575259393138438146, '2023-01-26 10:26:57', '2023-01-26 13:38:23'),
	(1619032490192211970, 1024738476802799553, '周一', '13571250987', 'xbsj001', 27, '2023-01', 3, 1, 1575259393138438146, '2023-01-27 17:44:52', '2023-01-27 11:16:37'),
	(1619032490192211971, 1024738594893428865, '周二', '18500224566', 'xbsj002', 27, '2023-01', 3, 1, 1575259393138438146, '2023-01-27 17:45:20', '2023-01-27 11:16:37'),
	(1619032490192211972, 1024741978908228513, '吴用', '18500766555', 'xnsj001', 27, '2023-01', 3, 1, 1575259393138438146, '2023-01-27 17:58:47', '2023-01-27 11:16:37'),
	(1619032490192211973, 1024742117286706369, '吴西', '18346766666', 'xnsj002', 27, '2023-01', 3, 1, 1575259393138438146, '2023-01-27 17:59:20', '2023-01-27 11:16:37'),
	(1619032490192211974, 1024742265953811937, '成功', '18950867777', 'cdsj001', 27, '2023-01', 3, 1, 1575259393138438146, '2023-01-27 17:59:55', '2023-01-27 11:17:58'),
	(1619032490200600578, 1024742403489234657, '成仁', '18394867666', 'cdsj002', 27, '2023-01', 3, 1, 1575259393138438146, '2023-01-27 18:00:28', '2023-01-27 11:17:58'),
	(1619032490200600579, 1024976390379916929, '西王', '18355544444', 'xasj001', 27, '2023-01', 3, 1, 1575259393138438146, '2023-01-27 09:30:15', '2023-01-27 11:17:58'),
	(1619032490200600580, 1024976605161836353, '西米', '17655555555', 'xasj002', 27, '2023-01', 3, 1, 1575259393138438146, '2023-01-27 09:31:06', '2023-01-27 11:17:58'),
	(1619032490200600581, 1024976781221941281, '贝林', '13434343434', 'blkdy001', 27, '2023-01', 2, 1, 1575259393138438146, '2023-01-27 09:31:48', '2023-01-27 11:17:58'),
	(1619032490200600582, 1024976941658263777, '贝小贝', '13433434544', 'blkdy002', 27, '2023-01', 2, 1, 1575259393138438146, '2023-01-27 09:32:27', '2023-01-27 11:17:57'),
	(1619032490200600583, 1024977078208025057, '长小名', '18364636473', 'casj001', 27, '2023-01', 2, 1, 1575259393138438146, '2023-01-27 09:32:59', '2023-01-27 11:17:57'),
	(1619032490200600584, 1024977221418341025, '长城', '13445657565', 'casj002', 27, '2023-01', 2, 1, 1575259393138438146, '2023-01-27 09:33:33', '2023-01-27 11:17:57'),
	(1619032490204794881, 1024977388880122881, '金元宝', '18374673467', 'jnkdy001', 27, '2023-01', 2, 1, 1575259393138438146, '2023-01-27 09:34:13', '2023-01-27 11:17:56'),
	(1619032490204794882, 1024977522992993473, '金开', '18374734736', 'jnkdy002', 27, '2023-01', 2, 1, 1575259393138438146, '2023-01-27 09:34:45', '2023-01-27 11:17:55'),
	(1619032490204794883, 1024977621806601633, '青青', '18273827382', 'qykdy001', 27, '2023-01', 2, 1, 1575259393138438146, '2023-01-27 09:35:08', '2023-01-27 11:18:18'),
	(1619032490204794884, 1024977719693268993, '青风', '18273872382', 'qykdy002', 27, '2023-01', 2, 1, 1575259393138438146, '2023-01-27 09:35:32', '2023-01-27 11:18:18'),
	(1619032490204794885, 1024984140988150081, '华亮', '18837473473', 'hdsj001', 27, '2023-01', 3, 1, 1575259393138438146, '2023-01-27 10:01:03', '2023-01-27 11:18:18'),
	(1619032490204794886, 1024984230121304705, '华明', '13454545454', 'hdsj002', 27, '2023-01', 3, 1, 1575259393138438146, '2023-01-27 10:01:24', '2023-01-27 11:18:18'),
	(1619032490204794887, 1024984365991588705, '海明月', '18566666667', 'shsj001', 27, '2023-01', 3, 1, 1575259393138438146, '2023-01-27 10:01:57', '2023-01-27 11:18:17'),
	(1619032490204794888, 1024984516357387297, '海阔', '18734736473', 'shsj002', 27, '2023-01', 3, 1, 1575259393138438146, '2023-01-27 10:02:32', '2023-01-27 11:18:17'),
	(1619032490208989185, 1024984720745821569, '周生生', '18776676767', 'hkkdy001', 27, '2023-01', 2, 1, 1575259393138438146, '2023-01-27 10:03:21', '2023-01-27 11:18:17'),
	(1619032490208989186, 1024984891772761697, '周生辰', '13434343434', 'hkkdy002', 27, '2023-01', 2, 1, 1575259393138438146, '2023-01-27 10:04:02', '2023-01-27 11:18:17'),
	(1619032490225766401, 1024985344870841121, '刘徽', '18737373647', 'pdkdy001', 27, '2023-01', 2, 1, 1575259393138438146, '2023-01-27 10:05:50', '2023-01-27 11:18:17'),
	(1619032490225766402, 1024985481462545409, '萧晏', '18737473647', 'pdkdy002', 27, '2023-01', 2, 1, 1575259393138438146, '2023-01-27 10:06:22', '2023-01-27 11:18:17'),
	(1619032490225766403, 1024985621531327777, '平秦王', '18723736473', 'hbsj001', 27, '2023-01', 3, 1, 1575259393138438146, '2023-01-27 10:06:56', '2023-01-27 11:18:48'),
	(1619032490229960706, 1024986076978217057, '长孙杰', '13987675455', 'hbsj002', 27, '2023-01', 3, 1, 1575259393138438146, '2023-01-27 10:08:44', '2023-01-27 11:18:48'),
	(1619032490229960707, 1024986455853892225, '漼时宜', '17898989565', 'bjsj002', 27, '2023-01', 3, 1, 1575259393138438146, '2023-01-27 10:10:15', '2023-01-27 11:18:48'),
	(1619032490229960708, 1024987310187482529, '宏晓誉', '18737437483', 'bjsj001', 27, '2023-01', 3, 1, 1575259393138438146, '2023-01-27 10:13:38', '2023-01-27 11:18:48'),
	(1619032490229960709, 1024987378881793537, '司沈阳', '13311111222', 'sysj001', 27, '2023-01', 3, 1, 1575259393138438146, '2023-01-27 10:13:57', '2023-01-27 11:18:48'),
	(1619032490229960710, 1024987860782158145, '顺意', '18734736473', 'sykdy001', 27, '2023-01', 2, 1, 1575259393138438146, '2023-01-27 10:15:50', '2023-01-27 11:18:48'),
	(1619032490229960711, 1024987931753976513, '顺心', '17647657465', 'sykdy002', 27, '2023-01', 2, 1, 1575259393138438146, '2023-01-27 10:16:07', '2023-01-27 11:18:48'),
	(1619032490229960712, 1024988097613534273, '景昌', '18784574758', 'cpkdy001', 27, '2023-01', 2, 1, 1575259393138438146, '2023-01-27 10:16:46', '2023-01-27 11:18:48'),
	(1619032490229960713, 1024988171324232993, '景元', '18783748374', 'cpkdy002', 27, '2023-01', 2, 1, 1575259393138438146, '2023-01-27 10:17:04', '2023-01-27 11:18:48'),
	(1619032490234155010, 1024988319861315553, '李和平', '13355554444', 'hpkdy001', 27, '2023-01', 2, 1, 1575347921490882562, '2023-01-27 10:17:39', '2023-01-27 16:06:11'),
	(1619032490234155011, 1024988498702245281, '李平和', '17788889999', 'hpkdy002', 27, '2023-01', 2, 1, 1575347921490882562, '2023-01-27 10:18:22', '2023-01-27 16:05:52'),
	(1619032490234155012, 1024988744815617761, '李姑皇', '17766667777', 'gukdy001', 27, '2023-01', 2, 1, 1575347921490882562, '2023-01-27 10:19:20', '2023-01-27 18:26:28'),
	(1619032490234155013, 1024989856838856577, '李皇姑', '18877776666', 'hgkdy002', 27, '2023-01', 2, 1, 1575347921490882562, '2023-01-27 10:23:46', '2023-01-27 18:28:37'),
	(1619032490234155014, 1024994498993865153, '司华中', '18877776666', 'hzsj', 27, '2023-01', 3, 1, 1575347921490882562, '2023-01-27 10:42:12', '2023-01-27 12:54:04'),
	(1619032490234155015, 1024994711959651169, '司武汉', '17788887777', 'whsj', 27, '2023-01', 3, 1, 1575347921490882562, '2023-01-27 10:43:03', '2023-01-27 15:55:24'),
	(1619032490234155016, 1024995063794648993, '李江汉', '17799990000', 'jhkdy001', 27, '2023-01', 2, 1, 1575347921490882562, '2023-01-27 10:44:27', '2023-01-27 12:54:04'),
	(1619032490238349314, 1024995257768626273, '李汉江', '17788882222', 'jhkdy002', 27, '2023-01', 2, 1, 1575347921490882562, '2023-01-27 10:45:13', '2023-01-27 09:50:15'),
	(1619032490238349315, 1024995991193013985, '李武昌', '18877778888', 'wckdy001', 27, '2023-01', 2, 1, 1575347921490882562, '2023-01-27 10:48:08', '2023-01-27 12:54:04'),
	(1619032490238349316, 1024996147695079329, '李昌武', '18877776666', 'wckdy002', 27, '2023-01', 2, 1, 1575347921490882562, '2023-01-27 10:48:45', '2023-01-27 12:54:04'),
	(1619032490238349317, 1024997316655995489, '司东北', '17788887777', 'dbsj', 27, '2023-01', 3, 1, 1575347921490882562, '2023-01-27 10:53:24', '2023-01-27 12:54:03'),
	(1619032490238349318, 1025074399029692449, '王和平', '17788887777', 'hpkdy003', 27, '2023-01', 2, 1, 1575347921490882562, '2023-01-27 15:59:42', '2023-01-27 16:01:07'),
	(1619032490238349319, 1025104059952247329, '司华南', '17788887777', 'hnsj001', 27, '2023-01', 3, 1, 1575258946549919745, '2023-01-27 17:57:36', '2023-01-27 09:40:21'),
	(1619032490238349320, 1025104550799061921, '司深圳', '18877776666', 'szsj001', 27, '2023-01', 3, 1, 1575258946549919745, '2023-01-27 17:59:31', '2023-01-27 09:40:21'),
	(1619032490238349321, 1025109259005971617, '王光明', '18877776666', 'gmkdy001', 27, '2023-01', 2, 1, 1575258946549919745, '2023-01-27 18:18:13', '2023-01-27 09:40:03'),
	(1619032490242543618, 1025110041134617825, '王保安', '18877776666', 'bakdy001', 27, '2023-01', 2, 1, 1575258946549919745, '2023-01-27 18:21:20', '2023-01-27 09:40:03'),
	(1619032490242543619, 1025110490961140193, '王明光', '16677779999', 'gmkdy002', 27, '2023-01', 2, 1, 1575258946549919745, '2023-01-27 18:23:07', '2023-01-27 09:40:02'),
	(1619032490242543620, 1025110675888003969, '王安宝', '16677776666', 'bakdy002', 27, '2023-01', 2, 1, 1575258946549919745, '2023-01-27 18:23:51', '2023-01-27 09:40:02'),
	(1619032490242543621, 1025110935532199265, '王越秀', '16688886666', 'yxkdy001', 27, '2023-01', 2, 1, 1575258946549919745, '2023-01-27 18:24:53', '2023-01-27 09:40:02'),
	(1619032490242543622, 1025111112225644097, '王华都', '17799995555', 'hdkdy001', 27, '2023-01', 2, 1, 1575258946549919745, '2023-01-27 18:25:37', '2023-01-27 09:40:02'),
	(1619032490242543623, 1025111247919767297, '王都花', '16677776666', 'hdkdy002', 27, '2023-01', 2, 1, 1575258946549919745, '2023-01-27 18:26:07', '2023-01-27 09:40:02'),
	(1619032490242543624, 1025111573938823425, '王秀越', '17788887777', 'yxkdy002', 27, '2023-01', 2, 1, 1575258946549919745, '2023-01-27 18:27:25', '2023-01-27 09:40:02'),
	(1619032490242543625, 1025112013736764417, '司广州', '18877770000', 'gzsj', 27, '2023-01', 3, 1, 1575258946549919745, '2023-01-27 18:29:10', '2023-01-27 09:40:01'),
	(1619032490242543626, 1025428687312684929, '张成飞', '18866666666', 'sl001', 27, '2023-01', 1, 1, 1575258946549919745, '2023-01-27 15:27:31', '2023-01-27 09:50:38'),
	(1619032490246737922, 1027527374507700225, '张调马', '13111332426', 'sldd001', 27, '2023-01', 1, 1, 1575259393138438146, '2023-01-27 10:26:57', '2023-01-27 13:38:23'),
	(1619394881425838082, 1024738476802799553, '周一', '13571250987', 'xbsj001', 28, '2023-01', 3, 1, 1575259393138438146, '2023-01-28 17:44:52', '2023-01-28 11:16:37'),
	(1619394881425838083, 1024738594893428865, '周二', '18500224566', 'xbsj002', 28, '2023-01', 3, 1, 1575259393138438146, '2023-01-28 17:45:20', '2023-01-28 11:16:37'),
	(1619394881811714050, 1024741978908228513, '吴用', '18500766555', 'xnsj001', 28, '2023-01', 3, 1, 1575259393138438146, '2023-01-28 17:58:47', '2023-01-28 11:16:37'),
	(1619394881811714051, 1024742117286706369, '吴西', '18346766666', 'xnsj002', 28, '2023-01', 3, 1, 1575259393138438146, '2023-01-28 17:59:20', '2023-01-28 11:16:37'),
	(1619394881811714052, 1024742265953811937, '成功', '18950867777', 'cdsj001', 28, '2023-01', 3, 1, 1575259393138438146, '2023-01-28 17:59:55', '2023-01-28 11:17:58'),
	(1619394881811714053, 1024742403489234657, '成仁', '18394867666', 'cdsj002', 28, '2023-01', 3, 1, 1575259393138438146, '2023-01-28 18:00:28', '2023-01-28 11:17:58'),
	(1619394881815908354, 1024976390379916929, '西王', '18355544444', 'xasj001', 28, '2023-01', 3, 1, 1575259393138438146, '2023-01-28 09:30:15', '2023-01-28 11:17:58'),
	(1619394881815908355, 1024976605161836353, '西米', '17655555555', 'xasj002', 28, '2023-01', 3, 1, 1575259393138438146, '2023-01-28 09:31:06', '2023-01-28 11:17:58'),
	(1619394881815908356, 1024976781221941281, '贝林', '13434343434', 'blkdy001', 28, '2023-01', 2, 1, 1575259393138438146, '2023-01-28 09:31:48', '2023-01-28 11:17:58'),
	(1619394881815908357, 1024976941658263777, '贝小贝', '13433434544', 'blkdy002', 28, '2023-01', 2, 1, 1575259393138438146, '2023-01-28 09:32:27', '2023-01-28 11:17:57'),
	(1619394881815908358, 1024977078208025057, '长小名', '18364636473', 'casj001', 28, '2023-01', 2, 1, 1575259393138438146, '2023-01-28 09:32:59', '2023-01-28 11:17:57'),
	(1619394881815908359, 1024977221418341025, '长城', '13445657565', 'casj002', 28, '2023-01', 2, 1, 1575259393138438146, '2023-01-28 09:33:33', '2023-01-28 11:17:57'),
	(1619394881815908360, 1024977388880122881, '金元宝', '18374673467', 'jnkdy001', 28, '2023-01', 2, 1, 1575259393138438146, '2023-01-28 09:34:13', '2023-01-28 11:17:56'),
	(1619394881815908361, 1024977522992993473, '金开', '18374734736', 'jnkdy002', 28, '2023-01', 2, 1, 1575259393138438146, '2023-01-28 09:34:45', '2023-01-28 11:17:55'),
	(1619394881815908362, 1024977621806601633, '青青', '18273827382', 'qykdy001', 28, '2023-01', 2, 1, 1575259393138438146, '2023-01-28 09:35:08', '2023-01-28 11:18:18'),
	(1619394881815908363, 1024977719693268993, '青风', '18273872382', 'qykdy002', 28, '2023-01', 2, 1, 1575259393138438146, '2023-01-28 09:35:32', '2023-01-28 11:18:18'),
	(1619394881815908364, 1024984140988150081, '华亮', '18837473473', 'hdsj001', 28, '2023-01', 3, 1, 1575259393138438146, '2023-01-28 10:01:03', '2023-01-28 11:18:18'),
	(1619394881820102657, 1024984230121304705, '华明', '13454545454', 'hdsj002', 28, '2023-01', 3, 1, 1575259393138438146, '2023-01-28 10:01:24', '2023-01-28 11:18:18'),
	(1619394881820102658, 1024984365991588705, '海明月', '18566666667', 'shsj001', 28, '2023-01', 3, 1, 1575259393138438146, '2023-01-28 10:01:57', '2023-01-28 11:18:17'),
	(1619394881820102659, 1024984516357387297, '海阔', '18734736473', 'shsj002', 28, '2023-01', 3, 1, 1575259393138438146, '2023-01-28 10:02:32', '2023-01-28 11:18:17'),
	(1619394881820102660, 1024984720745821569, '周生生', '18776676767', 'hkkdy001', 28, '2023-01', 2, 1, 1575259393138438146, '2023-01-28 10:03:21', '2023-01-28 11:18:17'),
	(1619394881820102661, 1024984891772761697, '周生辰', '13434343434', 'hkkdy002', 28, '2023-01', 2, 1, 1575259393138438146, '2023-01-28 10:04:02', '2023-01-28 11:18:17'),
	(1619394881820102662, 1024985344870841121, '刘徽', '18737373647', 'pdkdy001', 28, '2023-01', 2, 1, 1575259393138438146, '2023-01-28 10:05:50', '2023-01-28 11:18:17'),
	(1619394881820102663, 1024985481462545409, '萧晏', '18737473647', 'pdkdy002', 28, '2023-01', 2, 1, 1575259393138438146, '2023-01-28 10:06:22', '2023-01-28 11:18:17'),
	(1619394881820102664, 1024985621531327777, '平秦王', '18723736473', 'hbsj001', 28, '2023-01', 3, 1, 1575259393138438146, '2023-01-28 10:06:56', '2023-01-28 11:18:48'),
	(1619394881820102665, 1024986076978217057, '长孙杰', '13987675455', 'hbsj002', 28, '2023-01', 3, 1, 1575259393138438146, '2023-01-28 10:08:44', '2023-01-28 11:18:48'),
	(1619394881820102666, 1024986455853892225, '漼时宜', '17898989565', 'bjsj002', 28, '2023-01', 3, 1, 1575259393138438146, '2023-01-28 10:10:15', '2023-01-28 11:18:48'),
	(1619394881820102667, 1024987310187482529, '宏晓誉', '18737437483', 'bjsj001', 28, '2023-01', 3, 1, 1575259393138438146, '2023-01-28 10:13:38', '2023-01-28 11:18:48'),
	(1619394881820102668, 1024987378881793537, '司沈阳', '13311111222', 'sysj001', 28, '2023-01', 3, 1, 1575259393138438146, '2023-01-28 10:13:57', '2023-01-28 11:18:48'),
	(1619394881820102669, 1024987860782158145, '顺意', '18734736473', 'sykdy001', 28, '2023-01', 2, 1, 1575259393138438146, '2023-01-28 10:15:50', '2023-01-28 11:18:48'),
	(1619394881824296962, 1024987931753976513, '顺心', '17647657465', 'sykdy002', 28, '2023-01', 2, 1, 1575259393138438146, '2023-01-28 10:16:07', '2023-01-28 11:18:48'),
	(1619394881824296963, 1024988097613534273, '景昌', '18784574758', 'cpkdy001', 28, '2023-01', 2, 1, 1575259393138438146, '2023-01-28 10:16:46', '2023-01-28 11:18:48'),
	(1619394881824296964, 1024988171324232993, '景元', '18783748374', 'cpkdy002', 28, '2023-01', 2, 1, 1575259393138438146, '2023-01-28 10:17:04', '2023-01-28 11:18:48'),
	(1619394881824296965, 1024988319861315553, '李和平', '13355554444', 'hpkdy001', 28, '2023-01', 2, 1, 1575347921490882562, '2023-01-28 10:17:39', '2023-01-28 16:06:11'),
	(1619394881824296966, 1024988498702245281, '李平和', '17788889999', 'hpkdy002', 28, '2023-01', 2, 1, 1575347921490882562, '2023-01-28 10:18:22', '2023-01-28 16:05:52'),
	(1619394881824296967, 1024988744815617761, '李姑皇', '17766667777', 'gukdy001', 28, '2023-01', 2, 1, 1575347921490882562, '2023-01-28 10:19:20', '2023-01-28 18:26:28'),
	(1619394881824296968, 1024989856838856577, '李皇姑', '18877776666', 'hgkdy002', 28, '2023-01', 2, 1, 1575347921490882562, '2023-01-28 10:23:46', '2023-01-28 18:28:37'),
	(1619394881824296969, 1024994498993865153, '司华中', '18877776666', 'hzsj', 28, '2023-01', 3, 1, 1575347921490882562, '2023-01-28 10:42:12', '2023-01-28 12:54:04'),
	(1619394881824296970, 1024994711959651169, '司武汉', '17788887777', 'whsj', 28, '2023-01', 3, 1, 1575347921490882562, '2023-01-28 10:43:03', '2023-01-28 15:55:24'),
	(1619394881824296971, 1024995063794648993, '李江汉', '17799990000', 'jhkdy001', 28, '2023-01', 2, 1, 1575347921490882562, '2023-01-28 10:44:27', '2023-01-28 12:54:04'),
	(1619394881828491265, 1024995257768626273, '李汉江', '17788882222', 'jhkdy002', 28, '2023-01', 2, 1, 1575347921490882562, '2023-01-28 10:45:13', '2023-01-28 09:50:15'),
	(1619394881828491266, 1024995991193013985, '李武昌', '18877778888', 'wckdy001', 28, '2023-01', 2, 1, 1575347921490882562, '2023-01-28 10:48:08', '2023-01-28 12:54:04'),
	(1619394881828491267, 1024996147695079329, '李昌武', '18877776666', 'wckdy002', 28, '2023-01', 2, 1, 1575347921490882562, '2023-01-28 10:48:45', '2023-01-28 12:54:04'),
	(1619394881828491268, 1024997316655995489, '司东北', '17788887777', 'dbsj', 28, '2023-01', 3, 1, 1575347921490882562, '2023-01-28 10:53:24', '2023-01-28 12:54:03'),
	(1619394881828491269, 1025074399029692449, '王和平', '17788887777', 'hpkdy003', 28, '2023-01', 2, 1, 1575347921490882562, '2023-01-28 15:59:42', '2023-01-28 16:01:07'),
	(1619394881828491270, 1027527374507700225, '张调马', '13111332426', 'sldd001', 28, '2023-01', 1, 1, 1575259393138438146, '2023-01-28 10:26:57', '2023-01-28 13:38:23'),
	(1619757268020563969, 1024988319861315553, '李和平', '13355554444', 'hpkdy001', 29, '2023-01', 2, 1, 1575347921490882562, '2023-01-29 10:17:39', '2023-01-29 16:06:11'),
	(1619757268020563970, 1024988498702245281, '李平和', '17788889999', 'hpkdy002', 29, '2023-01', 2, 1, 1575347921490882562, '2023-01-29 10:18:22', '2023-01-29 16:05:52'),
	(1619757268020563971, 1024988744815617761, '李姑皇', '17766667777', 'gukdy001', 29, '2023-01', 2, 1, 1575347921490882562, '2023-01-29 10:19:20', '2023-01-29 18:26:28'),
	(1619757268020563972, 1024989856838856577, '李皇姑', '18877776666', 'hgkdy002', 29, '2023-01', 2, 1, 1575347921490882562, '2023-01-29 10:23:46', '2023-01-29 18:28:37'),
	(1619757268020563973, 1024994498993865153, '司华中', '18877776666', 'hzsj', 29, '2023-01', 3, 1, 1575347921490882562, '2023-01-29 10:42:12', '2023-01-29 12:54:04'),
	(1619757268024758274, 1024994711959651169, '司武汉', '17788887777', 'whsj', 29, '2023-01', 3, 1, 1575347921490882562, '2023-01-29 10:43:03', '2023-01-29 15:55:24'),
	(1619757268024758275, 1024995063794648993, '李江汉', '17799990000', 'jhkdy001', 29, '2023-01', 2, 1, 1575347921490882562, '2023-01-29 10:44:27', '2023-01-29 12:54:04'),
	(1619757268024758276, 1024995257768626273, '李汉江', '17788882222', 'jhkdy002', 29, '2023-01', 2, 1, 1575347921490882562, '2023-01-29 10:45:13', '2023-01-29 09:50:15'),
	(1619757268024758277, 1024995991193013985, '李武昌', '18877778888', 'wckdy001', 29, '2023-01', 2, 1, 1575347921490882562, '2023-01-29 10:48:08', '2023-01-29 12:54:04'),
	(1619757268024758278, 1024996147695079329, '李昌武', '18877776666', 'wckdy002', 29, '2023-01', 2, 1, 1575347921490882562, '2023-01-29 10:48:45', '2023-01-29 12:54:04'),
	(1619757268024758279, 1024997316655995489, '司东北', '17788887777', 'dbsj', 29, '2023-01', 3, 1, 1575347921490882562, '2023-01-29 10:53:24', '2023-01-29 12:54:03'),
	(1619757268024758280, 1025074399029692449, '王和平', '17788887777', 'hpkdy003', 29, '2023-01', 2, 1, 1575347921490882562, '2023-01-29 15:59:42', '2023-01-29 16:01:07'),
	(1620119654619484162, 1024738476802799553, '周一', '13571250987', 'xbsj001', 30, '2023-01', 3, 1, 1575259393138438146, '2023-01-30 17:44:52', '2023-01-30 11:16:37'),
	(1620119654619484163, 1024738594893428865, '周二', '18500224566', 'xbsj002', 30, '2023-01', 3, 1, 1575259393138438146, '2023-01-30 17:45:20', '2023-01-30 11:16:37'),
	(1620119654623678465, 1024741978908228513, '吴用', '18500766555', 'xnsj001', 30, '2023-01', 3, 1, 1575259393138438146, '2023-01-30 17:58:47', '2023-01-30 11:16:37'),
	(1620119654623678466, 1024742117286706369, '吴西', '18346766666', 'xnsj002', 30, '2023-01', 3, 1, 1575259393138438146, '2023-01-30 17:59:20', '2023-01-30 11:16:37'),
	(1620119654623678467, 1024742265953811937, '成功', '18950867777', 'cdsj001', 30, '2023-01', 3, 1, 1575259393138438146, '2023-01-30 17:59:55', '2023-01-30 11:17:58'),
	(1620119654623678468, 1024742403489234657, '成仁', '18394867666', 'cdsj002', 30, '2023-01', 3, 1, 1575259393138438146, '2023-01-30 18:00:28', '2023-01-30 11:17:58'),
	(1620119654623678469, 1024976390379916929, '西王', '18355544444', 'xasj001', 30, '2023-01', 3, 1, 1575259393138438146, '2023-01-30 09:30:15', '2023-01-30 11:17:58'),
	(1620119654623678470, 1024976605161836353, '西米', '17655555555', 'xasj002', 30, '2023-01', 3, 1, 1575259393138438146, '2023-01-30 09:31:06', '2023-01-30 11:17:58'),
	(1620119654623678471, 1024976781221941281, '贝林', '13434343434', 'blkdy001', 30, '2023-01', 2, 1, 1575259393138438146, '2023-01-30 09:31:48', '2023-01-30 11:17:58'),
	(1620119654623678472, 1024976941658263777, '贝小贝', '13433434544', 'blkdy002', 30, '2023-01', 2, 1, 1575259393138438146, '2023-01-30 09:32:27', '2023-01-30 11:17:57'),
	(1620119654623678473, 1024977078208025057, '长小名', '18364636473', 'casj001', 30, '2023-01', 2, 1, 1575259393138438146, '2023-01-30 09:32:59', '2023-01-30 11:17:57'),
	(1620119654623678474, 1024977221418341025, '长城', '13445657565', 'casj002', 30, '2023-01', 2, 1, 1575259393138438146, '2023-01-30 09:33:33', '2023-01-30 11:17:57'),
	(1620119654623678475, 1024977388880122881, '金元宝', '18374673467', 'jnkdy001', 30, '2023-01', 2, 1, 1575259393138438146, '2023-01-30 09:34:13', '2023-01-30 11:17:56'),
	(1620119654623678476, 1024977522992993473, '金开', '18374734736', 'jnkdy002', 30, '2023-01', 2, 1, 1575259393138438146, '2023-01-30 09:34:45', '2023-01-30 11:17:55'),
	(1620119654627872769, 1024977621806601633, '青青', '18273827382', 'qykdy001', 30, '2023-01', 2, 1, 1575259393138438146, '2023-01-30 09:35:08', '2023-01-30 11:18:18'),
	(1620119654627872770, 1024977719693268993, '青风', '18273872382', 'qykdy002', 30, '2023-01', 2, 1, 1575259393138438146, '2023-01-30 09:35:32', '2023-01-30 11:18:18'),
	(1620119654627872771, 1024984140988150081, '华亮', '18837473473', 'hdsj001', 30, '2023-01', 3, 1, 1575259393138438146, '2023-01-30 10:01:03', '2023-01-30 11:18:18'),
	(1620119654627872772, 1024984230121304705, '华明', '13454545454', 'hdsj002', 30, '2023-01', 3, 1, 1575259393138438146, '2023-01-30 10:01:24', '2023-01-30 11:18:18'),
	(1620119654627872773, 1024984365991588705, '海明月', '18566666667', 'shsj001', 30, '2023-01', 3, 1, 1575259393138438146, '2023-01-30 10:01:57', '2023-01-30 11:18:17'),
	(1620119654627872774, 1024984516357387297, '海阔', '18734736473', 'shsj002', 30, '2023-01', 3, 1, 1575259393138438146, '2023-01-30 10:02:32', '2023-01-30 11:18:17'),
	(1620119654627872775, 1024984720745821569, '周生生', '18776676767', 'hkkdy001', 30, '2023-01', 2, 1, 1575259393138438146, '2023-01-30 10:03:21', '2023-01-30 11:18:17'),
	(1620119654627872776, 1024984891772761697, '周生辰', '13434343434', 'hkkdy002', 30, '2023-01', 2, 1, 1575259393138438146, '2023-01-30 10:04:02', '2023-01-30 11:18:17'),
	(1620119654627872777, 1024985344870841121, '刘徽', '18737373647', 'pdkdy001', 30, '2023-01', 2, 1, 1575259393138438146, '2023-01-30 10:05:50', '2023-01-30 11:18:17'),
	(1620119654627872778, 1024985481462545409, '萧晏', '18737473647', 'pdkdy002', 30, '2023-01', 2, 1, 1575259393138438146, '2023-01-30 10:06:22', '2023-01-30 11:18:17'),
	(1620119654627872779, 1024985621531327777, '平秦王', '18723736473', 'hbsj001', 30, '2023-01', 3, 1, 1575259393138438146, '2023-01-30 10:06:56', '2023-01-30 11:18:48'),
	(1620119654632067074, 1024986076978217057, '长孙杰', '13987675455', 'hbsj002', 30, '2023-01', 3, 1, 1575259393138438146, '2023-01-30 10:08:44', '2023-01-30 11:18:48'),
	(1620119654632067075, 1024986455853892225, '漼时宜', '17898989565', 'bjsj002', 30, '2023-01', 3, 1, 1575259393138438146, '2023-01-30 10:10:15', '2023-01-30 11:18:48'),
	(1620119654632067076, 1024987310187482529, '宏晓誉', '18737437483', 'bjsj001', 30, '2023-01', 3, 1, 1575259393138438146, '2023-01-30 10:13:38', '2023-01-30 11:18:48'),
	(1620119654632067077, 1024987378881793537, '司沈阳', '13311111222', 'sysj001', 30, '2023-01', 3, 1, 1575259393138438146, '2023-01-30 10:13:57', '2023-01-30 11:18:48'),
	(1620119654632067078, 1024987860782158145, '顺意', '18734736473', 'sykdy001', 30, '2023-01', 2, 1, 1575259393138438146, '2023-01-30 10:15:50', '2023-01-30 11:18:48'),
	(1620119654632067079, 1024987931753976513, '顺心', '17647657465', 'sykdy002', 30, '2023-01', 2, 1, 1575259393138438146, '2023-01-30 10:16:07', '2023-01-30 11:18:48'),
	(1620119654632067080, 1024988097613534273, '景昌', '18784574758', 'cpkdy001', 30, '2023-01', 2, 1, 1575259393138438146, '2023-01-30 10:16:46', '2023-01-30 11:18:48'),
	(1620119654632067081, 1024988171324232993, '景元', '18783748374', 'cpkdy002', 30, '2023-01', 2, 1, 1575259393138438146, '2023-01-30 10:17:04', '2023-01-30 11:18:48'),
	(1620119654632067082, 1024988319861315553, '李和平', '13355554444', 'hpkdy001', 30, '2023-01', 2, 1, 1575347921490882562, '2023-01-30 10:17:39', '2023-01-30 16:06:11'),
	(1620119654632067083, 1024988498702245281, '李平和', '17788889999', 'hpkdy002', 30, '2023-01', 2, 1, 1575347921490882562, '2023-01-30 10:18:22', '2023-01-30 16:05:52'),
	(1620119654632067084, 1024988744815617761, '李姑皇', '17766667777', 'gukdy001', 30, '2023-01', 2, 1, 1575347921490882562, '2023-01-30 10:19:20', '2023-01-30 18:26:28'),
	(1620119654636261377, 1024989856838856577, '李皇姑', '18877776666', 'hgkdy002', 30, '2023-01', 2, 1, 1575347921490882562, '2023-01-30 10:23:46', '2023-01-30 18:28:37'),
	(1620119654636261378, 1024994498993865153, '司华中', '18877776666', 'hzsj', 30, '2023-01', 3, 1, 1575347921490882562, '2023-01-30 10:42:12', '2023-01-30 12:54:04'),
	(1620119654636261379, 1024994711959651169, '司武汉', '17788887777', 'whsj', 30, '2023-01', 3, 1, 1575347921490882562, '2023-01-30 10:43:03', '2023-01-30 15:55:24'),
	(1620119654636261380, 1024995063794648993, '李江汉', '17799990000', 'jhkdy001', 30, '2023-01', 2, 1, 1575347921490882562, '2023-01-30 10:44:27', '2023-01-30 12:54:04'),
	(1620119654636261381, 1024995257768626273, '李汉江', '17788882222', 'jhkdy002', 30, '2023-01', 2, 1, 1575347921490882562, '2023-01-30 10:45:13', '2023-01-30 09:50:15'),
	(1620119654636261382, 1024995991193013985, '李武昌', '18877778888', 'wckdy001', 30, '2023-01', 2, 1, 1575347921490882562, '2023-01-30 10:48:08', '2023-01-30 12:54:04'),
	(1620119654636261383, 1024996147695079329, '李昌武', '18877776666', 'wckdy002', 30, '2023-01', 2, 1, 1575347921490882562, '2023-01-30 10:48:45', '2023-01-30 12:54:04'),
	(1620119654636261384, 1024997316655995489, '司东北', '17788887777', 'dbsj', 30, '2023-01', 3, 1, 1575347921490882562, '2023-01-30 10:53:24', '2023-01-30 12:54:03'),
	(1620119654636261385, 1025074399029692449, '王和平', '17788887777', 'hpkdy003', 30, '2023-01', 2, 1, 1575347921490882562, '2023-01-30 15:59:42', '2023-01-30 16:01:07'),
	(1620119654636261386, 1025104059952247329, '司华南', '17788887777', 'hnsj001', 30, '2023-01', 3, 1, 1575258946549919745, '2023-01-30 17:57:36', '2023-01-30 09:40:21'),
	(1620119654640455681, 1025104550799061921, '司深圳', '18877776666', 'szsj001', 30, '2023-01', 3, 1, 1575258946549919745, '2023-01-30 17:59:31', '2023-01-30 09:40:21'),
	(1620119654640455682, 1025109259005971617, '王光明', '18877776666', 'gmkdy001', 30, '2023-01', 2, 1, 1575258946549919745, '2023-01-30 18:18:13', '2023-01-30 09:40:03'),
	(1620119654640455683, 1025110041134617825, '王保安', '18877776666', 'bakdy001', 30, '2023-01', 2, 1, 1575258946549919745, '2023-01-30 18:21:20', '2023-01-30 09:40:03'),
	(1620119654640455684, 1025110490961140193, '王明光', '16677779999', 'gmkdy002', 30, '2023-01', 2, 1, 1575258946549919745, '2023-01-30 18:23:07', '2023-01-30 09:40:02'),
	(1620119655026331649, 1025110675888003969, '王安宝', '16677776666', 'bakdy002', 30, '2023-01', 2, 1, 1575258946549919745, '2023-01-30 18:23:51', '2023-01-30 09:40:02'),
	(1620119655026331650, 1025110935532199265, '王越秀', '16688886666', 'yxkdy001', 30, '2023-01', 2, 1, 1575258946549919745, '2023-01-30 18:24:53', '2023-01-30 09:40:02'),
	(1620119655026331651, 1025111112225644097, '王华都', '17799995555', 'hdkdy001', 30, '2023-01', 2, 1, 1575258946549919745, '2023-01-30 18:25:37', '2023-01-30 09:40:02'),
	(1620119655026331652, 1025111247919767297, '王都花', '16677776666', 'hdkdy002', 30, '2023-01', 2, 1, 1575258946549919745, '2023-01-30 18:26:07', '2023-01-30 09:40:02'),
	(1620119655026331653, 1025111573938823425, '王秀越', '17788887777', 'yxkdy002', 30, '2023-01', 2, 1, 1575258946549919745, '2023-01-30 18:27:25', '2023-01-30 09:40:02'),
	(1620119655030525953, 1025112013736764417, '司广州', '18877770000', 'gzsj', 30, '2023-01', 3, 1, 1575258946549919745, '2023-01-30 18:29:10', '2023-01-30 09:40:01'),
	(1620119655030525954, 1025428687312684929, '张成飞', '18866666666', 'sl001', 30, '2023-01', 1, 1, 1575258946549919745, '2023-01-30 15:27:31', '2023-01-30 09:50:38'),
	(1620119655030525955, 1027527374507700225, '张调马', '13111332426', 'sldd001', 30, '2023-01', 1, 1, 1575259393138438146, '2023-01-30 10:26:57', '2023-01-30 13:38:23'),
	(1620482042078236674, 1024738476802799553, '周一', '13571250987', 'xbsj001', 31, '2023-01', 3, 1, 1575259393138438146, '2023-01-31 17:44:52', '2023-01-31 11:16:37'),
	(1620482042078236675, 1024738594893428865, '周二', '18500224566', 'xbsj002', 31, '2023-01', 3, 1, 1575259393138438146, '2023-01-31 17:45:20', '2023-01-31 11:16:37'),
	(1620482042472501249, 1024741978908228513, '吴用', '18500766555', 'xnsj001', 31, '2023-01', 3, 1, 1575259393138438146, '2023-01-31 17:58:47', '2023-01-31 11:16:37'),
	(1620482042472501250, 1024742117286706369, '吴西', '18346766666', 'xnsj002', 31, '2023-01', 3, 1, 1575259393138438146, '2023-01-31 17:59:20', '2023-01-31 11:16:37'),
	(1620482042472501251, 1024742265953811937, '成功', '18950867777', 'cdsj001', 31, '2023-01', 3, 1, 1575259393138438146, '2023-01-31 17:59:55', '2023-01-31 11:17:58'),
	(1620482042476695554, 1024742403489234657, '成仁', '18394867666', 'cdsj002', 31, '2023-01', 3, 1, 1575259393138438146, '2023-01-31 18:00:28', '2023-01-31 11:17:58'),
	(1620482042476695555, 1024976390379916929, '西王', '18355544444', 'xasj001', 31, '2023-01', 3, 1, 1575259393138438146, '2023-01-31 09:30:15', '2023-01-31 11:17:58'),
	(1620482042476695556, 1024976605161836353, '西米', '17655555555', 'xasj002', 31, '2023-01', 3, 1, 1575259393138438146, '2023-01-31 09:31:06', '2023-01-31 11:17:58'),
	(1620482042501861378, 1024976781221941281, '贝林', '13434343434', 'blkdy001', 31, '2023-01', 2, 1, 1575259393138438146, '2023-01-31 09:31:48', '2023-01-31 11:17:58'),
	(1620482042501861379, 1024976941658263777, '贝小贝', '13433434544', 'blkdy002', 31, '2023-01', 2, 1, 1575259393138438146, '2023-01-31 09:32:27', '2023-01-31 11:17:57'),
	(1620482042501861380, 1024977078208025057, '长小名', '18364636473', 'casj001', 31, '2023-01', 2, 1, 1575259393138438146, '2023-01-31 09:32:59', '2023-01-31 11:17:57'),
	(1620482042501861381, 1024977221418341025, '长城', '13445657565', 'casj002', 31, '2023-01', 2, 1, 1575259393138438146, '2023-01-31 09:33:33', '2023-01-31 11:17:57'),
	(1620482042501861382, 1024977388880122881, '金元宝', '18374673467', 'jnkdy001', 31, '2023-01', 2, 1, 1575259393138438146, '2023-01-31 09:34:13', '2023-01-31 11:17:56'),
	(1620482042501861383, 1024977522992993473, '金开', '18374734736', 'jnkdy002', 31, '2023-01', 2, 1, 1575259393138438146, '2023-01-31 09:34:45', '2023-01-31 11:17:55'),
	(1620482042506055682, 1024977621806601633, '青青', '18273827382', 'qykdy001', 31, '2023-01', 2, 1, 1575259393138438146, '2023-01-31 09:35:08', '2023-01-31 11:18:18'),
	(1620482042506055683, 1024977719693268993, '青风', '18273872382', 'qykdy002', 31, '2023-01', 2, 1, 1575259393138438146, '2023-01-31 09:35:32', '2023-01-31 11:18:18'),
	(1620482042506055684, 1024984140988150081, '华亮', '18837473473', 'hdsj001', 31, '2023-01', 3, 1, 1575259393138438146, '2023-01-31 10:01:03', '2023-01-31 11:18:18'),
	(1620482042506055685, 1024984230121304705, '华明', '13454545454', 'hdsj002', 31, '2023-01', 3, 1, 1575259393138438146, '2023-01-31 10:01:24', '2023-01-31 11:18:18'),
	(1620482042506055686, 1024984365991588705, '海明月', '18566666667', 'shsj001', 31, '2023-01', 3, 1, 1575259393138438146, '2023-01-31 10:01:57', '2023-01-31 11:18:17'),
	(1620482042506055687, 1024984516357387297, '海阔', '18734736473', 'shsj002', 31, '2023-01', 3, 1, 1575259393138438146, '2023-01-31 10:02:32', '2023-01-31 11:18:17'),
	(1620482042510249986, 1024984720745821569, '周生生', '18776676767', 'hkkdy001', 31, '2023-01', 2, 1, 1575259393138438146, '2023-01-31 10:03:21', '2023-01-31 11:18:17'),
	(1620482042510249987, 1024984891772761697, '周生辰', '13434343434', 'hkkdy002', 31, '2023-01', 2, 1, 1575259393138438146, '2023-01-31 10:04:02', '2023-01-31 11:18:17'),
	(1620482042510249988, 1024985344870841121, '刘徽', '18737373647', 'pdkdy001', 31, '2023-01', 2, 1, 1575259393138438146, '2023-01-31 10:05:50', '2023-01-31 11:18:17'),
	(1620482042510249989, 1024985481462545409, '萧晏', '18737473647', 'pdkdy002', 31, '2023-01', 2, 1, 1575259393138438146, '2023-01-31 10:06:22', '2023-01-31 11:18:17'),
	(1620482042510249990, 1024985621531327777, '平秦王', '18723736473', 'hbsj001', 31, '2023-01', 3, 1, 1575259393138438146, '2023-01-31 10:06:56', '2023-01-31 11:18:48'),
	(1620482042510249991, 1024986076978217057, '长孙杰', '13987675455', 'hbsj002', 31, '2023-01', 3, 1, 1575259393138438146, '2023-01-31 10:08:44', '2023-01-31 11:18:48'),
	(1620482042510249992, 1024986455853892225, '漼时宜', '17898989565', 'bjsj002', 31, '2023-01', 3, 1, 1575259393138438146, '2023-01-31 10:10:15', '2023-01-31 11:18:48'),
	(1620482042514444289, 1024987310187482529, '宏晓誉', '18737437483', 'bjsj001', 31, '2023-01', 3, 1, 1575259393138438146, '2023-01-31 10:13:38', '2023-01-31 11:18:48'),
	(1620482042514444290, 1024987378881793537, '司沈阳', '13311111222', 'sysj001', 31, '2023-01', 3, 1, 1575259393138438146, '2023-01-31 10:13:57', '2023-01-31 11:18:48'),
	(1620482042514444291, 1024987860782158145, '顺意', '18734736473', 'sykdy001', 31, '2023-01', 2, 1, 1575259393138438146, '2023-01-31 10:15:50', '2023-01-31 11:18:48'),
	(1620482042514444292, 1024987931753976513, '顺心', '17647657465', 'sykdy002', 31, '2023-01', 2, 1, 1575259393138438146, '2023-01-31 10:16:07', '2023-01-31 11:18:48'),
	(1620482042514444293, 1024988097613534273, '景昌', '18784574758', 'cpkdy001', 31, '2023-01', 2, 1, 1575259393138438146, '2023-01-31 10:16:46', '2023-01-31 11:18:48'),
	(1620482042514444294, 1024988171324232993, '景元', '18783748374', 'cpkdy002', 31, '2023-01', 2, 1, 1575259393138438146, '2023-01-31 10:17:04', '2023-01-31 11:18:48'),
	(1620482042514444295, 1024988319861315553, '李和平', '13355554444', 'hpkdy001', 31, '2023-01', 2, 1, 1575347921490882562, '2023-01-31 10:17:39', '2023-01-31 16:06:11'),
	(1620482042514444296, 1024988498702245281, '李平和', '17788889999', 'hpkdy002', 31, '2023-01', 2, 1, 1575347921490882562, '2023-01-31 10:18:22', '2023-01-31 16:05:52'),
	(1620482042514444297, 1024988744815617761, '李姑皇', '17766667777', 'gukdy001', 31, '2023-01', 2, 1, 1575347921490882562, '2023-01-31 10:19:20', '2023-01-31 18:26:28'),
	(1620482042518638594, 1024989856838856577, '李皇姑', '18877776666', 'hgkdy002', 31, '2023-01', 2, 1, 1575347921490882562, '2023-01-31 10:23:46', '2023-01-31 18:28:37'),
	(1620482042518638595, 1024994498993865153, '司华中', '18877776666', 'hzsj', 31, '2023-01', 3, 1, 1575347921490882562, '2023-01-31 10:42:12', '2023-01-31 12:54:04'),
	(1620482042518638596, 1024994711959651169, '司武汉', '17788887777', 'whsj', 31, '2023-01', 3, 1, 1575347921490882562, '2023-01-31 10:43:03', '2023-01-31 15:55:24'),
	(1620482042518638597, 1024995063794648993, '李江汉', '17799990000', 'jhkdy001', 31, '2023-01', 2, 1, 1575347921490882562, '2023-01-31 10:44:27', '2023-01-31 12:54:04'),
	(1620482042518638598, 1024995257768626273, '李汉江', '17788882222', 'jhkdy002', 31, '2023-01', 2, 1, 1575347921490882562, '2023-01-31 10:45:13', '2023-01-31 09:50:15'),
	(1620482042518638599, 1024995991193013985, '李武昌', '18877778888', 'wckdy001', 31, '2023-01', 2, 1, 1575347921490882562, '2023-01-31 10:48:08', '2023-01-31 12:54:04'),
	(1620482042518638600, 1024996147695079329, '李昌武', '18877776666', 'wckdy002', 31, '2023-01', 2, 1, 1575347921490882562, '2023-01-31 10:48:45', '2023-01-31 12:54:04'),
	(1620482042518638601, 1024997316655995489, '司东北', '17788887777', 'dbsj', 31, '2023-01', 3, 1, 1575347921490882562, '2023-01-31 10:53:24', '2023-01-31 12:54:03'),
	(1620482042518638602, 1025074399029692449, '王和平', '17788887777', 'hpkdy003', 31, '2023-01', 2, 1, 1575347921490882562, '2023-01-31 15:59:42', '2023-01-31 16:01:07'),
	(1620482042518638603, 1025104059952247329, '司华南', '17788887777', 'hnsj001', 31, '2023-01', 3, 1, 1575258946549919745, '2023-01-31 17:57:36', '2023-01-31 09:40:21'),
	(1620482042522832898, 1025104550799061921, '司深圳', '18877776666', 'szsj001', 31, '2023-01', 3, 1, 1575258946549919745, '2023-01-31 17:59:31', '2023-01-31 09:40:21'),
	(1620482042522832899, 1025109259005971617, '王光明', '18877776666', 'gmkdy001', 31, '2023-01', 2, 1, 1575258946549919745, '2023-01-31 18:18:13', '2023-01-31 09:40:03'),
	(1620482042522832900, 1025110041134617825, '王保安', '18877776666', 'bakdy001', 31, '2023-01', 2, 1, 1575258946549919745, '2023-01-31 18:21:20', '2023-01-31 09:40:03'),
	(1620482042522832901, 1025110490961140193, '王明光', '16677779999', 'gmkdy002', 31, '2023-01', 2, 1, 1575258946549919745, '2023-01-31 18:23:07', '2023-01-31 09:40:02'),
	(1620482042522832902, 1025110675888003969, '王安宝', '16677776666', 'bakdy002', 31, '2023-01', 2, 1, 1575258946549919745, '2023-01-31 18:23:51', '2023-01-31 09:40:02'),
	(1620482042552193026, 1025110935532199265, '王越秀', '16688886666', 'yxkdy001', 31, '2023-01', 2, 1, 1575258946549919745, '2023-01-31 18:24:53', '2023-01-31 09:40:02'),
	(1620482042552193027, 1025111112225644097, '王华都', '17799995555', 'hdkdy001', 31, '2023-01', 2, 1, 1575258946549919745, '2023-01-31 18:25:37', '2023-01-31 09:40:02'),
	(1620482042552193028, 1025111247919767297, '王都花', '16677776666', 'hdkdy002', 31, '2023-01', 2, 1, 1575258946549919745, '2023-01-31 18:26:07', '2023-01-31 09:40:02'),
	(1620482042552193029, 1025111573938823425, '王秀越', '17788887777', 'yxkdy002', 31, '2023-01', 2, 1, 1575258946549919745, '2023-01-31 18:27:25', '2023-01-31 09:40:02'),
	(1620482042900320257, 1025112013736764417, '司广州', '18877770000', 'gzsj', 31, '2023-01', 3, 1, 1575258946549919745, '2023-01-31 18:29:10', '2023-01-31 09:40:01'),
	(1620482042900320258, 1025428687312684929, '张成飞', '18866666666', 'sl001', 31, '2023-01', 1, 1, 1575258946549919745, '2023-01-31 15:27:31', '2023-01-31 09:50:38'),
	(1620482042900320259, 1027527374507700225, '张调马', '13111332426', 'sldd001', 31, '2023-01', 1, 1, 1575259393138438146, '2023-01-31 10:26:57', '2023-01-31 13:38:23'),
	(1620844433710321665, 1024738476802799553, '周一', '13571250987', 'xbsj001', 1, '2023-02', 3, 1, 1575259393138438146, '2023-02-01 17:44:52', '2023-02-01 11:16:37'),
	(1620844433714515970, 1024738594893428865, '周二', '18500224566', 'xbsj002', 1, '2023-02', 3, 1, 1575259393138438146, '2023-02-01 17:45:20', '2023-02-01 11:16:37'),
	(1620844433714515971, 1024741978908228513, '吴用', '18500766555', 'xnsj001', 1, '2023-02', 3, 1, 1575259393138438146, '2023-02-01 17:58:47', '2023-02-01 11:16:37'),
	(1620844433714515972, 1024742117286706369, '吴西', '18346766666', 'xnsj002', 1, '2023-02', 3, 1, 1575259393138438146, '2023-02-01 17:59:20', '2023-02-01 11:16:37'),
	(1620844433714515973, 1024742265953811937, '成功', '18950867777', 'cdsj001', 1, '2023-02', 3, 1, 1575259393138438146, '2023-02-01 17:59:55', '2023-02-01 11:17:58'),
	(1620844433714515974, 1024742403489234657, '成仁', '18394867666', 'cdsj002', 1, '2023-02', 3, 1, 1575259393138438146, '2023-02-01 18:00:28', '2023-02-01 11:17:58'),
	(1620844433714515975, 1024976390379916929, '西王', '18355544444', 'xasj001', 1, '2023-02', 3, 1, 1575259393138438146, '2023-02-01 09:30:15', '2023-02-01 11:17:58'),
	(1620844433714515976, 1024976605161836353, '西米', '17655555555', 'xasj002', 1, '2023-02', 3, 1, 1575259393138438146, '2023-02-01 09:31:06', '2023-02-01 11:17:58'),
	(1620844433714515977, 1024976781221941281, '贝林', '13434343434', 'blkdy001', 1, '2023-02', 2, 1, 1575259393138438146, '2023-02-01 09:31:48', '2023-02-01 11:17:58'),
	(1620844433718710274, 1024976941658263777, '贝小贝', '13433434544', 'blkdy002', 1, '2023-02', 2, 1, 1575259393138438146, '2023-02-01 09:32:27', '2023-02-01 11:17:57'),
	(1620844433718710275, 1024977078208025057, '长小名', '18364636473', 'casj001', 1, '2023-02', 2, 1, 1575259393138438146, '2023-02-01 09:32:59', '2023-02-01 11:17:57'),
	(1620844434125557761, 1024977221418341025, '长城', '13445657565', 'casj002', 1, '2023-02', 2, 1, 1575259393138438146, '2023-02-01 09:33:33', '2023-02-01 11:17:57'),
	(1620844434125557762, 1024977388880122881, '金元宝', '18374673467', 'jnkdy001', 1, '2023-02', 2, 1, 1575259393138438146, '2023-02-01 09:34:13', '2023-02-01 11:17:56'),
	(1620844434125557763, 1024977522992993473, '金开', '18374734736', 'jnkdy002', 1, '2023-02', 2, 1, 1575259393138438146, '2023-02-01 09:34:45', '2023-02-01 11:17:55'),
	(1620844434125557764, 1024977621806601633, '青青', '18273827382', 'qykdy001', 1, '2023-02', 2, 1, 1575259393138438146, '2023-02-01 09:35:08', '2023-02-01 11:18:18'),
	(1620844434125557765, 1024977719693268993, '青风', '18273872382', 'qykdy002', 1, '2023-02', 2, 1, 1575259393138438146, '2023-02-01 09:35:32', '2023-02-01 11:18:18'),
	(1620844434129752066, 1024984140988150081, '华亮', '18837473473', 'hdsj001', 1, '2023-02', 3, 1, 1575259393138438146, '2023-02-01 10:01:03', '2023-02-01 11:18:18'),
	(1620844434129752067, 1024984230121304705, '华明', '13454545454', 'hdsj002', 1, '2023-02', 3, 1, 1575259393138438146, '2023-02-01 10:01:24', '2023-02-01 11:18:18'),
	(1620844434129752068, 1024984365991588705, '海明月', '18566666667', 'shsj001', 1, '2023-02', 3, 1, 1575259393138438146, '2023-02-01 10:01:57', '2023-02-01 11:18:17'),
	(1620844434129752069, 1024984516357387297, '海阔', '18734736473', 'shsj002', 1, '2023-02', 3, 1, 1575259393138438146, '2023-02-01 10:02:32', '2023-02-01 11:18:17'),
	(1620844434129752070, 1024984720745821569, '周生生', '18776676767', 'hkkdy001', 1, '2023-02', 2, 1, 1575259393138438146, '2023-02-01 10:03:21', '2023-02-01 11:18:17'),
	(1620844434129752071, 1024984891772761697, '周生辰', '13434343434', 'hkkdy002', 1, '2023-02', 2, 1, 1575259393138438146, '2023-02-01 10:04:02', '2023-02-01 11:18:17'),
	(1620844434129752072, 1024985344870841121, '刘徽', '18737373647', 'pdkdy001', 1, '2023-02', 2, 1, 1575259393138438146, '2023-02-01 10:05:50', '2023-02-01 11:18:17'),
	(1620844434129752073, 1024985481462545409, '萧晏', '18737473647', 'pdkdy002', 1, '2023-02', 2, 1, 1575259393138438146, '2023-02-01 10:06:22', '2023-02-01 11:18:17'),
	(1620844434129752074, 1024985621531327777, '平秦王', '18723736473', 'hbsj001', 1, '2023-02', 3, 1, 1575259393138438146, '2023-02-01 10:06:56', '2023-02-01 11:18:48'),
	(1620844434129752075, 1024986076978217057, '长孙杰', '13987675455', 'hbsj002', 1, '2023-02', 3, 1, 1575259393138438146, '2023-02-01 10:08:44', '2023-02-01 11:18:48'),
	(1620844434133946370, 1024986455853892225, '漼时宜', '17898989565', 'bjsj002', 1, '2023-02', 3, 1, 1575259393138438146, '2023-02-01 10:10:15', '2023-02-01 11:18:48'),
	(1620844434133946371, 1024987310187482529, '宏晓誉', '18737437483', 'bjsj001', 1, '2023-02', 3, 1, 1575259393138438146, '2023-02-01 10:13:38', '2023-02-01 11:18:48'),
	(1620844434133946372, 1024987378881793537, '司沈阳', '13311111222', 'sysj001', 1, '2023-02', 3, 1, 1575259393138438146, '2023-02-01 10:13:57', '2023-02-01 11:18:48'),
	(1620844434133946373, 1024987860782158145, '顺意', '18734736473', 'sykdy001', 1, '2023-02', 2, 1, 1575259393138438146, '2023-02-01 10:15:50', '2023-02-01 11:18:48'),
	(1620844434133946374, 1024987931753976513, '顺心', '17647657465', 'sykdy002', 1, '2023-02', 2, 1, 1575259393138438146, '2023-02-01 10:16:07', '2023-02-01 11:18:48'),
	(1620844434133946375, 1024988097613534273, '景昌', '18784574758', 'cpkdy001', 1, '2023-02', 2, 1, 1575259393138438146, '2023-02-01 10:16:46', '2023-02-01 11:18:48'),
	(1620844434133946376, 1024988171324232993, '景元', '18783748374', 'cpkdy002', 1, '2023-02', 2, 1, 1575259393138438146, '2023-02-01 10:17:04', '2023-02-01 11:18:48'),
	(1620844434133946377, 1024988319861315553, '李和平', '13355554444', 'hpkdy001', 1, '2023-02', 2, 1, 1575347921490882562, '2023-02-01 10:17:39', '2023-02-01 16:06:11'),
	(1620844434133946378, 1024988498702245281, '李平和', '17788889999', 'hpkdy002', 1, '2023-02', 2, 1, 1575347921490882562, '2023-02-01 10:18:22', '2023-02-01 16:05:52'),
	(1620844434138140674, 1024988744815617761, '李姑皇', '17766667777', 'gukdy001', 1, '2023-02', 2, 1, 1575347921490882562, '2023-02-01 10:19:20', '2023-02-01 18:26:28'),
	(1620844434138140675, 1024989856838856577, '李皇姑', '18877776666', 'hgkdy002', 1, '2023-02', 2, 1, 1575347921490882562, '2023-02-01 10:23:46', '2023-02-01 18:28:37'),
	(1620844434138140676, 1024994498993865153, '司华中', '18877776666', 'hzsj', 1, '2023-02', 3, 1, 1575347921490882562, '2023-02-01 10:42:12', '2023-02-01 12:54:04'),
	(1620844434138140677, 1024994711959651169, '司武汉', '17788887777', 'whsj', 1, '2023-02', 3, 1, 1575347921490882562, '2023-02-01 10:43:03', '2023-02-01 15:55:24'),
	(1620844434138140678, 1024995063794648993, '李江汉', '17799990000', 'jhkdy001', 1, '2023-02', 2, 1, 1575347921490882562, '2023-02-01 10:44:27', '2023-02-01 12:54:04'),
	(1620844434138140679, 1024995257768626273, '李汉江', '17788882222', 'jhkdy002', 1, '2023-02', 2, 1, 1575347921490882562, '2023-02-01 10:45:13', '2023-02-01 09:50:15'),
	(1620844434138140680, 1024995991193013985, '李武昌', '18877778888', 'wckdy001', 1, '2023-02', 2, 1, 1575347921490882562, '2023-02-01 10:48:08', '2023-02-01 12:54:04'),
	(1620844434138140681, 1024996147695079329, '李昌武', '18877776666', 'wckdy002', 1, '2023-02', 2, 1, 1575347921490882562, '2023-02-01 10:48:45', '2023-02-01 12:54:04'),
	(1620844434138140682, 1024997316655995489, '司东北', '17788887777', 'dbsj', 1, '2023-02', 3, 1, 1575347921490882562, '2023-02-01 10:53:24', '2023-02-01 12:54:03'),
	(1620844434138140683, 1025074399029692449, '王和平', '17788887777', 'hpkdy003', 1, '2023-02', 2, 1, 1575347921490882562, '2023-02-01 15:59:42', '2023-02-01 16:01:07'),
	(1620844434138140684, 1025104059952247329, '司华南', '17788887777', 'hnsj001', 1, '2023-02', 3, 1, 1575258946549919745, '2023-02-01 17:57:36', '2023-02-01 09:40:21'),
	(1620844434142334977, 1025104550799061921, '司深圳', '18877776666', 'szsj001', 1, '2023-02', 3, 1, 1575258946549919745, '2023-02-01 17:59:31', '2023-02-01 09:40:21'),
	(1620844434142334978, 1025109259005971617, '王光明', '18877776666', 'gmkdy001', 1, '2023-02', 2, 1, 1575258946549919745, '2023-02-01 18:18:13', '2023-02-01 09:40:03'),
	(1620844434142334979, 1025110041134617825, '王保安', '18877776666', 'bakdy001', 1, '2023-02', 2, 1, 1575258946549919745, '2023-02-01 18:21:20', '2023-02-01 09:40:03'),
	(1620844434142334980, 1025110490961140193, '王明光', '16677779999', 'gmkdy002', 1, '2023-02', 2, 1, 1575258946549919745, '2023-02-01 18:23:07', '2023-02-01 09:40:02'),
	(1620844434142334981, 1025110675888003969, '王安宝', '16677776666', 'bakdy002', 1, '2023-02', 2, 1, 1575258946549919745, '2023-02-01 18:23:51', '2023-02-01 09:40:02'),
	(1620844434142334982, 1025110935532199265, '王越秀', '16688886666', 'yxkdy001', 1, '2023-02', 2, 1, 1575258946549919745, '2023-02-01 18:24:53', '2023-02-01 09:40:02'),
	(1620844434142334983, 1025111112225644097, '王华都', '17799995555', 'hdkdy001', 1, '2023-02', 2, 1, 1575258946549919745, '2023-02-01 18:25:37', '2023-02-01 09:40:02'),
	(1620844434142334984, 1025111247919767297, '王都花', '16677776666', 'hdkdy002', 1, '2023-02', 2, 1, 1575258946549919745, '2023-02-01 18:26:07', '2023-02-01 09:40:02'),
	(1620844434142334985, 1025111573938823425, '王秀越', '17788887777', 'yxkdy002', 1, '2023-02', 2, 1, 1575258946549919745, '2023-02-01 18:27:25', '2023-02-01 09:40:02'),
	(1620844434142334986, 1025112013736764417, '司广州', '18877770000', 'gzsj', 1, '2023-02', 3, 1, 1575258946549919745, '2023-02-01 18:29:10', '2023-02-01 09:40:01'),
	(1620844434142334987, 1025428687312684929, '张成飞', '18866666666', 'sl001', 1, '2023-02', 1, 1, 1575258946549919745, '2023-02-01 15:27:31', '2023-02-01 09:50:38'),
	(1620844434142334988, 1027527374507700225, '张调马', '13111332426', 'sldd001', 1, '2023-02', 1, 1, 1575259393138438146, '2023-02-01 10:26:57', '2023-02-01 13:38:23'),
	(1621206823664685058, 1024738476802799553, '周一', '13571250987', 'xbsj001', 2, '2023-02', 3, 1, 1575259393138438146, '2023-02-02 17:44:52', '2023-02-02 11:16:37'),
	(1621206823668879362, 1024738594893428865, '周二', '18500224566', 'xbsj002', 2, '2023-02', 3, 1, 1575259393138438146, '2023-02-02 17:45:20', '2023-02-02 11:16:37'),
	(1621206823668879363, 1024741978908228513, '吴用', '18500766555', 'xnsj001', 2, '2023-02', 3, 1, 1575259393138438146, '2023-02-02 17:58:47', '2023-02-02 11:16:37'),
	(1621206823668879364, 1024742117286706369, '吴西', '18346766666', 'xnsj002', 2, '2023-02', 3, 1, 1575259393138438146, '2023-02-02 17:59:20', '2023-02-02 11:16:37'),
	(1621206823668879365, 1024742265953811937, '成功', '18950867777', 'cdsj001', 2, '2023-02', 3, 1, 1575259393138438146, '2023-02-02 17:59:55', '2023-02-02 11:17:58'),
	(1621206823668879366, 1024742403489234657, '成仁', '18394867666', 'cdsj002', 2, '2023-02', 3, 1, 1575259393138438146, '2023-02-02 18:00:28', '2023-02-02 11:17:58'),
	(1621206823668879367, 1024976390379916929, '西王', '18355544444', 'xasj001', 2, '2023-02', 3, 1, 1575259393138438146, '2023-02-02 09:30:15', '2023-02-02 11:17:58'),
	(1621206823673073665, 1024976605161836353, '西米', '17655555555', 'xasj002', 2, '2023-02', 3, 1, 1575259393138438146, '2023-02-02 09:31:06', '2023-02-02 11:17:58'),
	(1621206823673073666, 1024976781221941281, '贝林', '13434343434', 'blkdy001', 2, '2023-02', 2, 1, 1575259393138438146, '2023-02-02 09:31:48', '2023-02-02 11:17:58'),
	(1621206823673073667, 1024976941658263777, '贝小贝', '13433434544', 'blkdy002', 2, '2023-02', 2, 1, 1575259393138438146, '2023-02-02 09:32:27', '2023-02-02 11:17:57'),
	(1621206823673073668, 1024977078208025057, '长小名', '18364636473', 'casj001', 2, '2023-02', 2, 1, 1575259393138438146, '2023-02-02 09:32:59', '2023-02-02 11:17:57'),
	(1621206823673073669, 1024977221418341025, '长城', '13445657565', 'casj002', 2, '2023-02', 2, 1, 1575259393138438146, '2023-02-02 09:33:33', '2023-02-02 11:17:57'),
	(1621206823673073670, 1024977388880122881, '金元宝', '18374673467', 'jnkdy001', 2, '2023-02', 2, 1, 1575259393138438146, '2023-02-02 09:34:13', '2023-02-02 11:17:56'),
	(1621206823673073671, 1024977522992993473, '金开', '18374734736', 'jnkdy002', 2, '2023-02', 2, 1, 1575259393138438146, '2023-02-02 09:34:45', '2023-02-02 11:17:55'),
	(1621206823673073672, 1024977621806601633, '青青', '18273827382', 'qykdy001', 2, '2023-02', 2, 1, 1575259393138438146, '2023-02-02 09:35:08', '2023-02-02 11:18:18'),
	(1621206823677267970, 1024977719693268993, '青风', '18273872382', 'qykdy002', 2, '2023-02', 2, 1, 1575259393138438146, '2023-02-02 09:35:32', '2023-02-02 11:18:18'),
	(1621206823677267971, 1024984140988150081, '华亮', '18837473473', 'hdsj001', 2, '2023-02', 3, 1, 1575259393138438146, '2023-02-02 10:01:03', '2023-02-02 11:18:18'),
	(1621206823677267972, 1024984230121304705, '华明', '13454545454', 'hdsj002', 2, '2023-02', 3, 1, 1575259393138438146, '2023-02-02 10:01:24', '2023-02-02 11:18:18'),
	(1621206823677267973, 1024984365991588705, '海明月', '18566666667', 'shsj001', 2, '2023-02', 3, 1, 1575259393138438146, '2023-02-02 10:01:57', '2023-02-02 11:18:17'),
	(1621206823677267974, 1024984516357387297, '海阔', '18734736473', 'shsj002', 2, '2023-02', 3, 1, 1575259393138438146, '2023-02-02 10:02:32', '2023-02-02 11:18:17'),
	(1621206823677267975, 1024984720745821569, '周生生', '18776676767', 'hkkdy001', 2, '2023-02', 2, 1, 1575259393138438146, '2023-02-02 10:03:21', '2023-02-02 11:18:17'),
	(1621206824079921153, 1024984891772761697, '周生辰', '13434343434', 'hkkdy002', 2, '2023-02', 2, 1, 1575259393138438146, '2023-02-02 10:04:02', '2023-02-02 11:18:17'),
	(1621206824079921154, 1024985344870841121, '刘徽', '18737373647', 'pdkdy001', 2, '2023-02', 2, 1, 1575259393138438146, '2023-02-02 10:05:50', '2023-02-02 11:18:17'),
	(1621206824079921155, 1024985481462545409, '萧晏', '18737473647', 'pdkdy002', 2, '2023-02', 2, 1, 1575259393138438146, '2023-02-02 10:06:22', '2023-02-02 11:18:17'),
	(1621206824079921156, 1024985621531327777, '平秦王', '18723736473', 'hbsj001', 2, '2023-02', 3, 1, 1575259393138438146, '2023-02-02 10:06:56', '2023-02-02 11:18:48'),
	(1621206824084115458, 1024986076978217057, '长孙杰', '13987675455', 'hbsj002', 2, '2023-02', 3, 1, 1575259393138438146, '2023-02-02 10:08:44', '2023-02-02 11:18:48'),
	(1621206824084115459, 1024986455853892225, '漼时宜', '17898989565', 'bjsj002', 2, '2023-02', 3, 1, 1575259393138438146, '2023-02-02 10:10:15', '2023-02-02 11:18:48'),
	(1621206824084115460, 1024987310187482529, '宏晓誉', '18737437483', 'bjsj001', 2, '2023-02', 3, 1, 1575259393138438146, '2023-02-02 10:13:38', '2023-02-02 11:18:48'),
	(1621206824084115461, 1024987378881793537, '司沈阳', '13311111222', 'sysj001', 2, '2023-02', 3, 1, 1575259393138438146, '2023-02-02 10:13:57', '2023-02-02 11:18:48'),
	(1621206824084115462, 1024987860782158145, '顺意', '18734736473', 'sykdy001', 2, '2023-02', 2, 1, 1575259393138438146, '2023-02-02 10:15:50', '2023-02-02 11:18:48'),
	(1621206824084115463, 1024987931753976513, '顺心', '17647657465', 'sykdy002', 2, '2023-02', 2, 1, 1575259393138438146, '2023-02-02 10:16:07', '2023-02-02 11:18:48'),
	(1621206824084115464, 1024988097613534273, '景昌', '18784574758', 'cpkdy001', 2, '2023-02', 2, 1, 1575259393138438146, '2023-02-02 10:16:46', '2023-02-02 11:18:48'),
	(1621206824088309761, 1024988171324232993, '景元', '18783748374', 'cpkdy002', 2, '2023-02', 2, 1, 1575259393138438146, '2023-02-02 10:17:04', '2023-02-02 11:18:48'),
	(1621206824088309762, 1024988319861315553, '李和平', '13355554444', 'hpkdy001', 2, '2023-02', 2, 1, 1575347921490882562, '2023-02-02 10:17:39', '2023-02-02 16:06:11'),
	(1621206824088309763, 1024988498702245281, '李平和', '17788889999', 'hpkdy002', 2, '2023-02', 2, 1, 1575347921490882562, '2023-02-02 10:18:22', '2023-02-02 16:05:52'),
	(1621206824088309764, 1024988744815617761, '李姑皇', '17766667777', 'gukdy001', 2, '2023-02', 2, 1, 1575347921490882562, '2023-02-02 10:19:20', '2023-02-02 18:26:28'),
	(1621206824088309765, 1024989856838856577, '李皇姑', '18877776666', 'hgkdy002', 2, '2023-02', 2, 1, 1575347921490882562, '2023-02-02 10:23:46', '2023-02-02 18:28:37'),
	(1621206824088309766, 1024994498993865153, '司华中', '18877776666', 'hzsj', 2, '2023-02', 3, 1, 1575347921490882562, '2023-02-02 10:42:12', '2023-02-02 12:54:04'),
	(1621206824088309767, 1024994711959651169, '司武汉', '17788887777', 'whsj', 2, '2023-02', 3, 1, 1575347921490882562, '2023-02-02 10:43:03', '2023-02-02 15:55:24'),
	(1621206824088309768, 1024995063794648993, '李江汉', '17799990000', 'jhkdy001', 2, '2023-02', 2, 1, 1575347921490882562, '2023-02-02 10:44:27', '2023-02-02 12:54:04'),
	(1621206824088309769, 1024995257768626273, '李汉江', '17788882222', 'jhkdy002', 2, '2023-02', 2, 1, 1575347921490882562, '2023-02-02 10:45:13', '2023-02-02 09:50:15'),
	(1621206824088309770, 1024995991193013985, '李武昌', '18877778888', 'wckdy001', 2, '2023-02', 2, 1, 1575347921490882562, '2023-02-02 10:48:08', '2023-02-02 12:54:04'),
	(1621206824088309771, 1024996147695079329, '李昌武', '18877776666', 'wckdy002', 2, '2023-02', 2, 1, 1575347921490882562, '2023-02-02 10:48:45', '2023-02-02 12:54:04'),
	(1621206824096698370, 1024997316655995489, '司东北', '17788887777', 'dbsj', 2, '2023-02', 3, 1, 1575347921490882562, '2023-02-02 10:53:24', '2023-02-02 12:54:03'),
	(1621206824096698371, 1025074399029692449, '王和平', '17788887777', 'hpkdy003', 2, '2023-02', 2, 1, 1575347921490882562, '2023-02-02 15:59:42', '2023-02-02 16:01:07'),
	(1621206824096698372, 1025104059952247329, '司华南', '17788887777', 'hnsj001', 2, '2023-02', 3, 1, 1575258946549919745, '2023-02-02 17:57:36', '2023-02-02 09:40:21'),
	(1621206824096698373, 1025104550799061921, '司深圳', '18877776666', 'szsj001', 2, '2023-02', 3, 1, 1575258946549919745, '2023-02-02 17:59:31', '2023-02-02 09:40:21'),
	(1621206824096698374, 1025109259005971617, '王光明', '18877776666', 'gmkdy001', 2, '2023-02', 2, 1, 1575258946549919745, '2023-02-02 18:18:13', '2023-02-02 09:40:03'),
	(1621206824096698375, 1025110041134617825, '王保安', '18877776666', 'bakdy001', 2, '2023-02', 2, 1, 1575258946549919745, '2023-02-02 18:21:20', '2023-02-02 09:40:03'),
	(1621206824096698376, 1025110490961140193, '王明光', '16677779999', 'gmkdy002', 2, '2023-02', 2, 1, 1575258946549919745, '2023-02-02 18:23:07', '2023-02-02 09:40:02'),
	(1621206824096698377, 1025110675888003969, '王安宝', '16677776666', 'bakdy002', 2, '2023-02', 2, 1, 1575258946549919745, '2023-02-02 18:23:51', '2023-02-02 09:40:02'),
	(1621206824096698378, 1025110935532199265, '王越秀', '16688886666', 'yxkdy001', 2, '2023-02', 2, 1, 1575258946549919745, '2023-02-02 18:24:53', '2023-02-02 09:40:02'),
	(1621206824096698379, 1025111112225644097, '王华都', '17799995555', 'hdkdy001', 2, '2023-02', 2, 1, 1575258946549919745, '2023-02-02 18:25:37', '2023-02-02 09:40:02'),
	(1621206824100892673, 1025111247919767297, '王都花', '16677776666', 'hdkdy002', 2, '2023-02', 2, 1, 1575258946549919745, '2023-02-02 18:26:07', '2023-02-02 09:40:02'),
	(1621206824100892674, 1025111573938823425, '王秀越', '17788887777', 'yxkdy002', 2, '2023-02', 2, 1, 1575258946549919745, '2023-02-02 18:27:25', '2023-02-02 09:40:02'),
	(1621206824100892675, 1025112013736764417, '司广州', '18877770000', 'gzsj', 2, '2023-02', 3, 1, 1575258946549919745, '2023-02-02 18:29:10', '2023-02-02 09:40:01'),
	(1621206824100892676, 1025428687312684929, '张成飞', '18866666666', 'sl001', 2, '2023-02', 1, 1, 1575258946549919745, '2023-02-02 15:27:31', '2023-02-02 09:50:38'),
	(1621206824100892677, 1027527374507700225, '张调马', '13111332426', 'sldd001', 2, '2023-02', 1, 1, 1575259393138438146, '2023-02-02 10:26:57', '2023-02-02 13:38:23'),
	(1621569206090272770, 1024738476802799553, '周一', '13571250987', 'xbsj001', 3, '2023-02', 3, 1, 1575259393138438146, '2023-02-03 17:44:52', '2023-02-03 11:16:37'),
	(1621569206094467073, 1024738594893428865, '周二', '18500224566', 'xbsj002', 3, '2023-02', 3, 1, 1575259393138438146, '2023-02-03 17:45:20', '2023-02-03 11:16:37'),
	(1621569206094467074, 1024741978908228513, '吴用', '18500766555', 'xnsj001', 3, '2023-02', 3, 1, 1575259393138438146, '2023-02-03 17:58:47', '2023-02-03 11:16:37'),
	(1621569206094467075, 1024742117286706369, '吴西', '18346766666', 'xnsj002', 3, '2023-02', 3, 1, 1575259393138438146, '2023-02-03 17:59:20', '2023-02-03 11:16:37'),
	(1621569206492925953, 1024742265953811937, '成功', '18950867777', 'cdsj001', 3, '2023-02', 3, 1, 1575259393138438146, '2023-02-03 17:59:55', '2023-02-03 11:17:58'),
	(1621569206492925954, 1024742403489234657, '成仁', '18394867666', 'cdsj002', 3, '2023-02', 3, 1, 1575259393138438146, '2023-02-03 18:00:28', '2023-02-03 11:17:58'),
	(1621569206492925955, 1024976390379916929, '西王', '18355544444', 'xasj001', 3, '2023-02', 3, 1, 1575259393138438146, '2023-02-03 09:30:15', '2023-02-03 11:17:58'),
	(1621569206492925956, 1024976605161836353, '西米', '17655555555', 'xasj002', 3, '2023-02', 3, 1, 1575259393138438146, '2023-02-03 09:31:06', '2023-02-03 11:17:58'),
	(1621569206492925957, 1024976781221941281, '贝林', '13434343434', 'blkdy001', 3, '2023-02', 2, 1, 1575259393138438146, '2023-02-03 09:31:48', '2023-02-03 11:17:58'),
	(1621569206492925958, 1024976941658263777, '贝小贝', '13433434544', 'blkdy002', 3, '2023-02', 2, 1, 1575259393138438146, '2023-02-03 09:32:27', '2023-02-03 11:17:57'),
	(1621569206492925959, 1024977078208025057, '长小名', '18364636473', 'casj001', 3, '2023-02', 2, 1, 1575259393138438146, '2023-02-03 09:32:59', '2023-02-03 11:17:57'),
	(1621569206492925960, 1024977221418341025, '长城', '13445657565', 'casj002', 3, '2023-02', 2, 1, 1575259393138438146, '2023-02-03 09:33:33', '2023-02-03 11:17:57'),
	(1621569206492925961, 1024977388880122881, '金元宝', '18374673467', 'jnkdy001', 3, '2023-02', 2, 1, 1575259393138438146, '2023-02-03 09:34:13', '2023-02-03 11:17:56'),
	(1621569206492925962, 1024977522992993473, '金开', '18374734736', 'jnkdy002', 3, '2023-02', 2, 1, 1575259393138438146, '2023-02-03 09:34:45', '2023-02-03 11:17:55'),
	(1621569206492925963, 1024977621806601633, '青青', '18273827382', 'qykdy001', 3, '2023-02', 2, 1, 1575259393138438146, '2023-02-03 09:35:08', '2023-02-03 11:18:18'),
	(1621569206492925964, 1024977719693268993, '青风', '18273872382', 'qykdy002', 3, '2023-02', 2, 1, 1575259393138438146, '2023-02-03 09:35:32', '2023-02-03 11:18:18'),
	(1621569206492925965, 1024984140988150081, '华亮', '18837473473', 'hdsj001', 3, '2023-02', 3, 1, 1575259393138438146, '2023-02-03 10:01:03', '2023-02-03 11:18:18'),
	(1621569206492925966, 1024984230121304705, '华明', '13454545454', 'hdsj002', 3, '2023-02', 3, 1, 1575259393138438146, '2023-02-03 10:01:24', '2023-02-03 11:18:18'),
	(1621569206497120257, 1024984365991588705, '海明月', '18566666667', 'shsj001', 3, '2023-02', 3, 1, 1575259393138438146, '2023-02-03 10:01:57', '2023-02-03 11:18:17'),
	(1621569206497120258, 1024984516357387297, '海阔', '18734736473', 'shsj002', 3, '2023-02', 3, 1, 1575259393138438146, '2023-02-03 10:02:32', '2023-02-03 11:18:17'),
	(1621569206497120259, 1024984720745821569, '周生生', '18776676767', 'hkkdy001', 3, '2023-02', 2, 1, 1575259393138438146, '2023-02-03 10:03:21', '2023-02-03 11:18:17'),
	(1621569206497120260, 1024984891772761697, '周生辰', '13434343434', 'hkkdy002', 3, '2023-02', 2, 1, 1575259393138438146, '2023-02-03 10:04:02', '2023-02-03 11:18:17'),
	(1621569206497120261, 1024985344870841121, '刘徽', '18737373647', 'pdkdy001', 3, '2023-02', 2, 1, 1575259393138438146, '2023-02-03 10:05:50', '2023-02-03 11:18:17'),
	(1621569206497120262, 1024985481462545409, '萧晏', '18737473647', 'pdkdy002', 3, '2023-02', 2, 1, 1575259393138438146, '2023-02-03 10:06:22', '2023-02-03 11:18:17'),
	(1621569206497120263, 1024985621531327777, '平秦王', '18723736473', 'hbsj001', 3, '2023-02', 3, 1, 1575259393138438146, '2023-02-03 10:06:56', '2023-02-03 11:18:48'),
	(1621569206497120264, 1024986076978217057, '长孙杰', '13987675455', 'hbsj002', 3, '2023-02', 3, 1, 1575259393138438146, '2023-02-03 10:08:44', '2023-02-03 11:18:48'),
	(1621569206497120265, 1024986455853892225, '漼时宜', '17898989565', 'bjsj002', 3, '2023-02', 3, 1, 1575259393138438146, '2023-02-03 10:10:15', '2023-02-03 11:18:48'),
	(1621569206497120266, 1024987310187482529, '宏晓誉', '18737437483', 'bjsj001', 3, '2023-02', 3, 1, 1575259393138438146, '2023-02-03 10:13:38', '2023-02-03 11:18:48'),
	(1621569206497120267, 1024987378881793537, '司沈阳', '13311111222', 'sysj001', 3, '2023-02', 3, 1, 1575259393138438146, '2023-02-03 10:13:57', '2023-02-03 11:18:48'),
	(1621569206497120268, 1024987860782158145, '顺意', '18734736473', 'sykdy001', 3, '2023-02', 2, 1, 1575259393138438146, '2023-02-03 10:15:50', '2023-02-03 11:18:48'),
	(1621569206501314561, 1024987931753976513, '顺心', '17647657465', 'sykdy002', 3, '2023-02', 2, 1, 1575259393138438146, '2023-02-03 10:16:07', '2023-02-03 11:18:48'),
	(1621569206501314562, 1024988097613534273, '景昌', '18784574758', 'cpkdy001', 3, '2023-02', 2, 1, 1575259393138438146, '2023-02-03 10:16:46', '2023-02-03 11:18:48'),
	(1621569206501314563, 1024988171324232993, '景元', '18783748374', 'cpkdy002', 3, '2023-02', 2, 1, 1575259393138438146, '2023-02-03 10:17:04', '2023-02-03 11:18:48'),
	(1621569206501314564, 1024988319861315553, '李和平', '13355554444', 'hpkdy001', 3, '2023-02', 2, 1, 1575347921490882562, '2023-02-03 10:17:39', '2023-02-03 16:06:11'),
	(1621569206501314565, 1024988498702245281, '李平和', '17788889999', 'hpkdy002', 3, '2023-02', 2, 1, 1575347921490882562, '2023-02-03 10:18:22', '2023-02-03 16:05:52'),
	(1621569206501314566, 1024988744815617761, '李姑皇', '17766667777', 'gukdy001', 3, '2023-02', 2, 1, 1575347921490882562, '2023-02-03 10:19:20', '2023-02-03 18:26:28'),
	(1621569206501314567, 1024989856838856577, '李皇姑', '18877776666', 'hgkdy002', 3, '2023-02', 2, 1, 1575347921490882562, '2023-02-03 10:23:46', '2023-02-03 18:28:37'),
	(1621569206501314568, 1024994498993865153, '司华中', '18877776666', 'hzsj', 3, '2023-02', 3, 1, 1575347921490882562, '2023-02-03 10:42:12', '2023-02-03 12:54:04'),
	(1621569206501314569, 1024994711959651169, '司武汉', '17788887777', 'whsj', 3, '2023-02', 3, 1, 1575347921490882562, '2023-02-03 10:43:03', '2023-02-03 15:55:24'),
	(1621569206501314570, 1024995063794648993, '李江汉', '17799990000', 'jhkdy001', 3, '2023-02', 2, 1, 1575347921490882562, '2023-02-03 10:44:27', '2023-02-03 12:54:04'),
	(1621569206501314571, 1024995257768626273, '李汉江', '17788882222', 'jhkdy002', 3, '2023-02', 2, 1, 1575347921490882562, '2023-02-03 10:45:13', '2023-02-03 09:50:15'),
	(1621569206505508865, 1024995991193013985, '李武昌', '18877778888', 'wckdy001', 3, '2023-02', 2, 1, 1575347921490882562, '2023-02-03 10:48:08', '2023-02-03 12:54:04'),
	(1621569206505508866, 1024996147695079329, '李昌武', '18877776666', 'wckdy002', 3, '2023-02', 2, 1, 1575347921490882562, '2023-02-03 10:48:45', '2023-02-03 12:54:04'),
	(1621569206505508867, 1024997316655995489, '司东北', '17788887777', 'dbsj', 3, '2023-02', 3, 1, 1575347921490882562, '2023-02-03 10:53:24', '2023-02-03 12:54:03'),
	(1621569206505508868, 1025074399029692449, '王和平', '17788887777', 'hpkdy003', 3, '2023-02', 2, 1, 1575347921490882562, '2023-02-03 15:59:42', '2023-02-03 16:01:07'),
	(1621569206509703169, 1025104059952247329, '司华南', '17788887777', 'hnsj001', 3, '2023-02', 3, 1, 1575258946549919745, '2023-02-03 17:57:36', '2023-02-03 09:40:21'),
	(1621569206509703170, 1025104550799061921, '司深圳', '18877776666', 'szsj001', 3, '2023-02', 3, 1, 1575258946549919745, '2023-02-03 17:59:31', '2023-02-03 09:40:21'),
	(1621569206509703171, 1025109259005971617, '王光明', '18877776666', 'gmkdy001', 3, '2023-02', 2, 1, 1575258946549919745, '2023-02-03 18:18:13', '2023-02-03 09:40:03'),
	(1621569206509703172, 1025110041134617825, '王保安', '18877776666', 'bakdy001', 3, '2023-02', 2, 1, 1575258946549919745, '2023-02-03 18:21:20', '2023-02-03 09:40:03'),
	(1621569206509703173, 1025110490961140193, '王明光', '16677779999', 'gmkdy002', 3, '2023-02', 2, 1, 1575258946549919745, '2023-02-03 18:23:07', '2023-02-03 09:40:02'),
	(1621569206509703174, 1025110675888003969, '王安宝', '16677776666', 'bakdy002', 3, '2023-02', 2, 1, 1575258946549919745, '2023-02-03 18:23:51', '2023-02-03 09:40:02'),
	(1621569206509703175, 1025110935532199265, '王越秀', '16688886666', 'yxkdy001', 3, '2023-02', 2, 1, 1575258946549919745, '2023-02-03 18:24:53', '2023-02-03 09:40:02'),
	(1621569206509703176, 1025111112225644097, '王华都', '17799995555', 'hdkdy001', 3, '2023-02', 2, 1, 1575258946549919745, '2023-02-03 18:25:37', '2023-02-03 09:40:02'),
	(1621569206509703177, 1025111247919767297, '王都花', '16677776666', 'hdkdy002', 3, '2023-02', 2, 1, 1575258946549919745, '2023-02-03 18:26:07', '2023-02-03 09:40:02'),
	(1621569206509703178, 1025111573938823425, '王秀越', '17788887777', 'yxkdy002', 3, '2023-02', 2, 1, 1575258946549919745, '2023-02-03 18:27:25', '2023-02-03 09:40:02'),
	(1621569206509703179, 1025112013736764417, '司广州', '18877770000', 'gzsj', 3, '2023-02', 3, 1, 1575258946549919745, '2023-02-03 18:29:10', '2023-02-03 09:40:01'),
	(1621569206509703180, 1025428687312684929, '张成飞', '18866666666', 'sl001', 3, '2023-02', 1, 1, 1575258946549919745, '2023-02-03 15:27:31', '2023-02-03 09:50:38'),
	(1621569206509703181, 1027527374507700225, '张调马', '13111332426', 'sldd001', 3, '2023-02', 1, 1, 1575259393138438146, '2023-02-03 10:26:57', '2023-02-03 13:38:23'),
	(1621931593569996801, 1024738476802799553, '周一', '13571250987', 'xbsj001', 4, '2023-02', 3, 1, 1575259393138438146, '2023-02-04 17:44:52', '2023-02-04 11:16:37'),
	(1621931593569996802, 1024738594893428865, '周二', '18500224566', 'xbsj002', 4, '2023-02', 3, 1, 1575259393138438146, '2023-02-04 17:45:20', '2023-02-04 11:16:37'),
	(1621931593569996803, 1024741978908228513, '吴用', '18500766555', 'xnsj001', 4, '2023-02', 3, 1, 1575259393138438146, '2023-02-04 17:58:47', '2023-02-04 11:16:37'),
	(1621931593569996804, 1024742117286706369, '吴西', '18346766666', 'xnsj002', 4, '2023-02', 3, 1, 1575259393138438146, '2023-02-04 17:59:20', '2023-02-04 11:16:37'),
	(1621931593569996805, 1024742265953811937, '成功', '18950867777', 'cdsj001', 4, '2023-02', 3, 1, 1575259393138438146, '2023-02-04 17:59:55', '2023-02-04 11:17:58'),
	(1621931593574191106, 1024742403489234657, '成仁', '18394867666', 'cdsj002', 4, '2023-02', 3, 1, 1575259393138438146, '2023-02-04 18:00:28', '2023-02-04 11:17:58'),
	(1621931593574191107, 1024976390379916929, '西王', '18355544444', 'xasj001', 4, '2023-02', 3, 1, 1575259393138438146, '2023-02-04 09:30:15', '2023-02-04 11:17:58'),
	(1621931593574191108, 1024976605161836353, '西米', '17655555555', 'xasj002', 4, '2023-02', 3, 1, 1575259393138438146, '2023-02-04 09:31:06', '2023-02-04 11:17:58'),
	(1621931593934901250, 1024976781221941281, '贝林', '13434343434', 'blkdy001', 4, '2023-02', 2, 1, 1575259393138438146, '2023-02-04 09:31:48', '2023-02-04 11:17:58'),
	(1621931593934901251, 1024976941658263777, '贝小贝', '13433434544', 'blkdy002', 4, '2023-02', 2, 1, 1575259393138438146, '2023-02-04 09:32:27', '2023-02-04 11:17:57'),
	(1621931593934901252, 1024977078208025057, '长小名', '18364636473', 'casj001', 4, '2023-02', 2, 1, 1575259393138438146, '2023-02-04 09:32:59', '2023-02-04 11:17:57'),
	(1621931593934901253, 1024977221418341025, '长城', '13445657565', 'casj002', 4, '2023-02', 2, 1, 1575259393138438146, '2023-02-04 09:33:33', '2023-02-04 11:17:57'),
	(1621931593939095553, 1024977388880122881, '金元宝', '18374673467', 'jnkdy001', 4, '2023-02', 2, 1, 1575259393138438146, '2023-02-04 09:34:13', '2023-02-04 11:17:56'),
	(1621931593939095554, 1024977522992993473, '金开', '18374734736', 'jnkdy002', 4, '2023-02', 2, 1, 1575259393138438146, '2023-02-04 09:34:45', '2023-02-04 11:17:55'),
	(1621931593939095555, 1024977621806601633, '青青', '18273827382', 'qykdy001', 4, '2023-02', 2, 1, 1575259393138438146, '2023-02-04 09:35:08', '2023-02-04 11:18:18'),
	(1621931593939095556, 1024977719693268993, '青风', '18273872382', 'qykdy002', 4, '2023-02', 2, 1, 1575259393138438146, '2023-02-04 09:35:32', '2023-02-04 11:18:18'),
	(1621931593939095557, 1024984140988150081, '华亮', '18837473473', 'hdsj001', 4, '2023-02', 3, 1, 1575259393138438146, '2023-02-04 10:01:03', '2023-02-04 11:18:18'),
	(1621931593939095558, 1024984230121304705, '华明', '13454545454', 'hdsj002', 4, '2023-02', 3, 1, 1575259393138438146, '2023-02-04 10:01:24', '2023-02-04 11:18:18'),
	(1621931593939095559, 1024984365991588705, '海明月', '18566666667', 'shsj001', 4, '2023-02', 3, 1, 1575259393138438146, '2023-02-04 10:01:57', '2023-02-04 11:18:17'),
	(1621931593939095560, 1024984516357387297, '海阔', '18734736473', 'shsj002', 4, '2023-02', 3, 1, 1575259393138438146, '2023-02-04 10:02:32', '2023-02-04 11:18:17'),
	(1621931593939095561, 1024984720745821569, '周生生', '18776676767', 'hkkdy001', 4, '2023-02', 2, 1, 1575259393138438146, '2023-02-04 10:03:21', '2023-02-04 11:18:17'),
	(1621931593943289858, 1024984891772761697, '周生辰', '13434343434', 'hkkdy002', 4, '2023-02', 2, 1, 1575259393138438146, '2023-02-04 10:04:02', '2023-02-04 11:18:17'),
	(1621931593943289859, 1024985344870841121, '刘徽', '18737373647', 'pdkdy001', 4, '2023-02', 2, 1, 1575259393138438146, '2023-02-04 10:05:50', '2023-02-04 11:18:17'),
	(1621931593943289860, 1024985481462545409, '萧晏', '18737473647', 'pdkdy002', 4, '2023-02', 2, 1, 1575259393138438146, '2023-02-04 10:06:22', '2023-02-04 11:18:17'),
	(1621931593943289861, 1024985621531327777, '平秦王', '18723736473', 'hbsj001', 4, '2023-02', 3, 1, 1575259393138438146, '2023-02-04 10:06:56', '2023-02-04 11:18:48'),
	(1621931593943289862, 1024986076978217057, '长孙杰', '13987675455', 'hbsj002', 4, '2023-02', 3, 1, 1575259393138438146, '2023-02-04 10:08:44', '2023-02-04 11:18:48'),
	(1621931593943289863, 1024986455853892225, '漼时宜', '17898989565', 'bjsj002', 4, '2023-02', 3, 1, 1575259393138438146, '2023-02-04 10:10:15', '2023-02-04 11:18:48'),
	(1621931593943289864, 1024987310187482529, '宏晓誉', '18737437483', 'bjsj001', 4, '2023-02', 3, 1, 1575259393138438146, '2023-02-04 10:13:38', '2023-02-04 11:18:48'),
	(1621931593943289865, 1024987378881793537, '司沈阳', '13311111222', 'sysj001', 4, '2023-02', 3, 1, 1575259393138438146, '2023-02-04 10:13:57', '2023-02-04 11:18:48'),
	(1621931593943289866, 1024987860782158145, '顺意', '18734736473', 'sykdy001', 4, '2023-02', 2, 1, 1575259393138438146, '2023-02-04 10:15:50', '2023-02-04 11:18:48'),
	(1621931593943289867, 1024987931753976513, '顺心', '17647657465', 'sykdy002', 4, '2023-02', 2, 1, 1575259393138438146, '2023-02-04 10:16:07', '2023-02-04 11:18:48'),
	(1621931593943289868, 1024988097613534273, '景昌', '18784574758', 'cpkdy001', 4, '2023-02', 2, 1, 1575259393138438146, '2023-02-04 10:16:46', '2023-02-04 11:18:48'),
	(1621931593943289869, 1024988171324232993, '景元', '18783748374', 'cpkdy002', 4, '2023-02', 2, 1, 1575259393138438146, '2023-02-04 10:17:04', '2023-02-04 11:18:48'),
	(1621931593947484161, 1024988319861315553, '李和平', '13355554444', 'hpkdy001', 4, '2023-02', 2, 1, 1575347921490882562, '2023-02-04 10:17:39', '2023-02-04 16:06:11'),
	(1621931593947484162, 1024988498702245281, '李平和', '17788889999', 'hpkdy002', 4, '2023-02', 2, 1, 1575347921490882562, '2023-02-04 10:18:22', '2023-02-04 16:05:52'),
	(1621931593947484163, 1024988744815617761, '李姑皇', '17766667777', 'gukdy001', 4, '2023-02', 2, 1, 1575347921490882562, '2023-02-04 10:19:20', '2023-02-04 18:26:28'),
	(1621931593947484164, 1024989856838856577, '李皇姑', '18877776666', 'hgkdy002', 4, '2023-02', 2, 1, 1575347921490882562, '2023-02-04 10:23:46', '2023-02-04 18:28:37'),
	(1621931593947484165, 1024994498993865153, '司华中', '18877776666', 'hzsj', 4, '2023-02', 3, 1, 1575347921490882562, '2023-02-04 10:42:12', '2023-02-04 12:54:04'),
	(1621931593947484166, 1024994711959651169, '司武汉', '17788887777', 'whsj', 4, '2023-02', 3, 1, 1575347921490882562, '2023-02-04 10:43:03', '2023-02-04 15:55:24'),
	(1621931593947484167, 1024995063794648993, '李江汉', '17799990000', 'jhkdy001', 4, '2023-02', 2, 1, 1575347921490882562, '2023-02-04 10:44:27', '2023-02-04 12:54:04'),
	(1621931593947484168, 1024995257768626273, '李汉江', '17788882222', 'jhkdy002', 4, '2023-02', 2, 1, 1575347921490882562, '2023-02-04 10:45:13', '2023-02-04 09:50:15'),
	(1621931593951678466, 1024995991193013985, '李武昌', '18877778888', 'wckdy001', 4, '2023-02', 2, 1, 1575347921490882562, '2023-02-04 10:48:08', '2023-02-04 12:54:04'),
	(1621931593951678467, 1024996147695079329, '李昌武', '18877776666', 'wckdy002', 4, '2023-02', 2, 1, 1575347921490882562, '2023-02-04 10:48:45', '2023-02-04 12:54:04'),
	(1621931593951678468, 1024997316655995489, '司东北', '17788887777', 'dbsj', 4, '2023-02', 3, 1, 1575347921490882562, '2023-02-04 10:53:24', '2023-02-04 12:54:03'),
	(1621931593951678469, 1025074399029692449, '王和平', '17788887777', 'hpkdy003', 4, '2023-02', 2, 1, 1575347921490882562, '2023-02-04 15:59:42', '2023-02-04 16:01:07'),
	(1621931593951678470, 1027527374507700225, '张调马', '13111332426', 'sldd001', 4, '2023-02', 1, 1, 1575259393138438146, '2023-02-04 10:26:57', '2023-02-04 13:38:23'),
	(1622293981418819585, 1024988319861315553, '李和平', '13355554444', 'hpkdy001', 5, '2023-02', 2, 1, 1575347921490882562, '2023-02-05 10:17:39', '2023-02-05 16:06:11'),
	(1622293981418819586, 1024988498702245281, '李平和', '17788889999', 'hpkdy002', 5, '2023-02', 2, 1, 1575347921490882562, '2023-02-05 10:18:22', '2023-02-05 16:05:52'),
	(1622293981418819587, 1024988744815617761, '李姑皇', '17766667777', 'gukdy001', 5, '2023-02', 2, 1, 1575347921490882562, '2023-02-05 10:19:20', '2023-02-05 18:26:28'),
	(1622293981418819588, 1024989856838856577, '李皇姑', '18877776666', 'hgkdy002', 5, '2023-02', 2, 1, 1575347921490882562, '2023-02-05 10:23:46', '2023-02-05 18:28:37'),
	(1622293981418819589, 1024994498993865153, '司华中', '18877776666', 'hzsj', 5, '2023-02', 3, 1, 1575347921490882562, '2023-02-05 10:42:12', '2023-02-05 12:54:04'),
	(1622293981418819590, 1024994711959651169, '司武汉', '17788887777', 'whsj', 5, '2023-02', 3, 1, 1575347921490882562, '2023-02-05 10:43:03', '2023-02-05 15:55:24'),
	(1622293981418819591, 1024995063794648993, '李江汉', '17799990000', 'jhkdy001', 5, '2023-02', 2, 1, 1575347921490882562, '2023-02-05 10:44:27', '2023-02-05 12:54:04'),
	(1622293981418819592, 1024995257768626273, '李汉江', '17788882222', 'jhkdy002', 5, '2023-02', 2, 1, 1575347921490882562, '2023-02-05 10:45:13', '2023-02-05 09:50:15'),
	(1622293981418819593, 1024995991193013985, '李武昌', '18877778888', 'wckdy001', 5, '2023-02', 2, 1, 1575347921490882562, '2023-02-05 10:48:08', '2023-02-05 12:54:04'),
	(1622293981418819594, 1024996147695079329, '李昌武', '18877776666', 'wckdy002', 5, '2023-02', 2, 1, 1575347921490882562, '2023-02-05 10:48:45', '2023-02-05 12:54:04'),
	(1622293981418819595, 1024997316655995489, '司东北', '17788887777', 'dbsj', 5, '2023-02', 3, 1, 1575347921490882562, '2023-02-05 10:53:24', '2023-02-05 12:54:03'),
	(1622293981418819596, 1025074399029692449, '王和平', '17788887777', 'hpkdy003', 5, '2023-02', 2, 1, 1575347921490882562, '2023-02-05 15:59:42', '2023-02-05 16:01:07'),
	(1622656369284419586, 1024738476802799553, '周一', '13571250987', 'xbsj001', 6, '2023-02', 3, 1, 1575259393138438146, '2023-02-06 17:44:52', '2023-02-06 11:16:37'),
	(1622656369288613889, 1024738594893428865, '周二', '18500224566', 'xbsj002', 6, '2023-02', 3, 1, 1575259393138438146, '2023-02-06 17:45:20', '2023-02-06 11:16:37'),
	(1622656369288613890, 1024741978908228513, '吴用', '18500766555', 'xnsj001', 6, '2023-02', 3, 1, 1575259393138438146, '2023-02-06 17:58:47', '2023-02-06 11:16:37'),
	(1622656369288613891, 1024742117286706369, '吴西', '18346766666', 'xnsj002', 6, '2023-02', 3, 1, 1575259393138438146, '2023-02-06 17:59:20', '2023-02-06 11:16:37'),
	(1622656369288613892, 1024742265953811937, '成功', '18950867777', 'cdsj001', 6, '2023-02', 3, 1, 1575259393138438146, '2023-02-06 17:59:55', '2023-02-06 11:17:58'),
	(1622656369288613893, 1024742403489234657, '成仁', '18394867666', 'cdsj002', 6, '2023-02', 3, 1, 1575259393138438146, '2023-02-06 18:00:28', '2023-02-06 11:17:58'),
	(1622656369288613894, 1024976390379916929, '西王', '18355544444', 'xasj001', 6, '2023-02', 3, 1, 1575259393138438146, '2023-02-06 09:30:15', '2023-02-06 11:17:58'),
	(1622656369292808193, 1024976605161836353, '西米', '17655555555', 'xasj002', 6, '2023-02', 3, 1, 1575259393138438146, '2023-02-06 09:31:06', '2023-02-06 11:17:58'),
	(1622656369297002497, 1024976781221941281, '贝林', '13434343434', 'blkdy001', 6, '2023-02', 2, 1, 1575259393138438146, '2023-02-06 09:31:48', '2023-02-06 11:17:58'),
	(1622656369297002498, 1024976941658263777, '贝小贝', '13433434544', 'blkdy002', 6, '2023-02', 2, 1, 1575259393138438146, '2023-02-06 09:32:27', '2023-02-06 11:17:57'),
	(1622656369297002499, 1024977078208025057, '长小名', '18364636473', 'casj001', 6, '2023-02', 2, 1, 1575259393138438146, '2023-02-06 09:32:59', '2023-02-06 11:17:57'),
	(1622656369297002500, 1024977221418341025, '长城', '13445657565', 'casj002', 6, '2023-02', 2, 1, 1575259393138438146, '2023-02-06 09:33:33', '2023-02-06 11:17:57'),
	(1622656369297002501, 1024977388880122881, '金元宝', '18374673467', 'jnkdy001', 6, '2023-02', 2, 1, 1575259393138438146, '2023-02-06 09:34:13', '2023-02-06 11:17:56'),
	(1622656369297002502, 1024977522992993473, '金开', '18374734736', 'jnkdy002', 6, '2023-02', 2, 1, 1575259393138438146, '2023-02-06 09:34:45', '2023-02-06 11:17:55'),
	(1622656369297002503, 1024977621806601633, '青青', '18273827382', 'qykdy001', 6, '2023-02', 2, 1, 1575259393138438146, '2023-02-06 09:35:08', '2023-02-06 11:18:18'),
	(1622656369297002504, 1024977719693268993, '青风', '18273872382', 'qykdy002', 6, '2023-02', 2, 1, 1575259393138438146, '2023-02-06 09:35:32', '2023-02-06 11:18:18'),
	(1622656369297002505, 1024984140988150081, '华亮', '18837473473', 'hdsj001', 6, '2023-02', 3, 1, 1575259393138438146, '2023-02-06 10:01:03', '2023-02-06 11:18:18'),
	(1622656369297002506, 1024984230121304705, '华明', '13454545454', 'hdsj002', 6, '2023-02', 3, 1, 1575259393138438146, '2023-02-06 10:01:24', '2023-02-06 11:18:18'),
	(1622656369297002507, 1024984365991588705, '海明月', '18566666667', 'shsj001', 6, '2023-02', 3, 1, 1575259393138438146, '2023-02-06 10:01:57', '2023-02-06 11:18:17'),
	(1622656369297002508, 1024984516357387297, '海阔', '18734736473', 'shsj002', 6, '2023-02', 3, 1, 1575259393138438146, '2023-02-06 10:02:32', '2023-02-06 11:18:17'),
	(1622656369674489858, 1024984720745821569, '周生生', '18776676767', 'hkkdy001', 6, '2023-02', 2, 1, 1575259393138438146, '2023-02-06 10:03:21', '2023-02-06 11:18:17'),
	(1622656369674489859, 1024984891772761697, '周生辰', '13434343434', 'hkkdy002', 6, '2023-02', 2, 1, 1575259393138438146, '2023-02-06 10:04:02', '2023-02-06 11:18:17'),
	(1622656369674489860, 1024985344870841121, '刘徽', '18737373647', 'pdkdy001', 6, '2023-02', 2, 1, 1575259393138438146, '2023-02-06 10:05:50', '2023-02-06 11:18:17'),
	(1622656369674489861, 1024985481462545409, '萧晏', '18737473647', 'pdkdy002', 6, '2023-02', 2, 1, 1575259393138438146, '2023-02-06 10:06:22', '2023-02-06 11:18:17'),
	(1622656369674489862, 1024985621531327777, '平秦王', '18723736473', 'hbsj001', 6, '2023-02', 3, 1, 1575259393138438146, '2023-02-06 10:06:56', '2023-02-06 11:18:48'),
	(1622656369674489863, 1024986076978217057, '长孙杰', '13987675455', 'hbsj002', 6, '2023-02', 3, 1, 1575259393138438146, '2023-02-06 10:08:44', '2023-02-06 11:18:48'),
	(1622656369674489864, 1024986455853892225, '漼时宜', '17898989565', 'bjsj002', 6, '2023-02', 3, 1, 1575259393138438146, '2023-02-06 10:10:15', '2023-02-06 11:18:48'),
	(1622656369678684161, 1024987310187482529, '宏晓誉', '18737437483', 'bjsj001', 6, '2023-02', 3, 1, 1575259393138438146, '2023-02-06 10:13:38', '2023-02-06 11:18:48'),
	(1622656369678684162, 1024987378881793537, '司沈阳', '13311111222', 'sysj001', 6, '2023-02', 3, 1, 1575259393138438146, '2023-02-06 10:13:57', '2023-02-06 11:18:48'),
	(1622656369678684163, 1024987860782158145, '顺意', '18734736473', 'sykdy001', 6, '2023-02', 2, 1, 1575259393138438146, '2023-02-06 10:15:50', '2023-02-06 11:18:48'),
	(1622656369678684164, 1024987931753976513, '顺心', '17647657465', 'sykdy002', 6, '2023-02', 2, 1, 1575259393138438146, '2023-02-06 10:16:07', '2023-02-06 11:18:48'),
	(1622656369678684165, 1024988097613534273, '景昌', '18784574758', 'cpkdy001', 6, '2023-02', 2, 1, 1575259393138438146, '2023-02-06 10:16:46', '2023-02-06 11:18:48'),
	(1622656369678684166, 1024988171324232993, '景元', '18783748374', 'cpkdy002', 6, '2023-02', 2, 1, 1575259393138438146, '2023-02-06 10:17:04', '2023-02-06 11:18:48'),
	(1622656369682878466, 1024988319861315553, '李和平', '13355554444', 'hpkdy001', 6, '2023-02', 2, 1, 1575347921490882562, '2023-02-06 10:17:39', '2023-02-06 16:06:11'),
	(1622656369682878467, 1024988498702245281, '李平和', '17788889999', 'hpkdy002', 6, '2023-02', 2, 1, 1575347921490882562, '2023-02-06 10:18:22', '2023-02-06 16:05:52'),
	(1622656369682878468, 1024988744815617761, '李姑皇', '17766667777', 'gukdy001', 6, '2023-02', 2, 1, 1575347921490882562, '2023-02-06 10:19:20', '2023-02-06 18:26:28'),
	(1622656369682878469, 1024989856838856577, '李皇姑', '18877776666', 'hgkdy002', 6, '2023-02', 2, 1, 1575347921490882562, '2023-02-06 10:23:46', '2023-02-06 18:28:37'),
	(1622656369682878470, 1024994498993865153, '司华中', '18877776666', 'hzsj', 6, '2023-02', 3, 1, 1575347921490882562, '2023-02-06 10:42:12', '2023-02-06 12:54:04'),
	(1622656369682878471, 1024994711959651169, '司武汉', '17788887777', 'whsj', 6, '2023-02', 3, 1, 1575347921490882562, '2023-02-06 10:43:03', '2023-02-06 15:55:24'),
	(1622656369682878472, 1024995063794648993, '李江汉', '17799990000', 'jhkdy001', 6, '2023-02', 2, 1, 1575347921490882562, '2023-02-06 10:44:27', '2023-02-06 12:54:04'),
	(1622656369682878473, 1024995257768626273, '李汉江', '17788882222', 'jhkdy002', 6, '2023-02', 2, 1, 1575347921490882562, '2023-02-06 10:45:13', '2023-02-06 09:50:15'),
	(1622656369682878474, 1024995991193013985, '李武昌', '18877778888', 'wckdy001', 6, '2023-02', 2, 1, 1575347921490882562, '2023-02-06 10:48:08', '2023-02-06 12:54:04'),
	(1622656369687072769, 1024996147695079329, '李昌武', '18877776666', 'wckdy002', 6, '2023-02', 2, 1, 1575347921490882562, '2023-02-06 10:48:45', '2023-02-06 12:54:04'),
	(1622656369687072770, 1024997316655995489, '司东北', '17788887777', 'dbsj', 6, '2023-02', 3, 1, 1575347921490882562, '2023-02-06 10:53:24', '2023-02-06 12:54:03'),
	(1622656369687072771, 1025074399029692449, '王和平', '17788887777', 'hpkdy003', 6, '2023-02', 2, 1, 1575347921490882562, '2023-02-06 15:59:42', '2023-02-06 16:01:07'),
	(1622656369687072772, 1025104059952247329, '司华南', '17788887777', 'hnsj001', 6, '2023-02', 3, 1, 1575258946549919745, '2023-02-06 17:57:36', '2023-02-06 09:40:21'),
	(1622656369687072773, 1025104550799061921, '司深圳', '18877776666', 'szsj001', 6, '2023-02', 3, 1, 1575258946549919745, '2023-02-06 17:59:31', '2023-02-06 09:40:21'),
	(1622656369687072774, 1025109259005971617, '王光明', '18877776666', 'gmkdy001', 6, '2023-02', 2, 1, 1575258946549919745, '2023-02-06 18:18:13', '2023-02-06 09:40:03'),
	(1622656369687072775, 1025110041134617825, '王保安', '18877776666', 'bakdy001', 6, '2023-02', 2, 1, 1575258946549919745, '2023-02-06 18:21:20', '2023-02-06 09:40:03'),
	(1622656369687072776, 1025110490961140193, '王明光', '16677779999', 'gmkdy002', 6, '2023-02', 2, 1, 1575258946549919745, '2023-02-06 18:23:07', '2023-02-06 09:40:02'),
	(1622656369687072777, 1025110675888003969, '王安宝', '16677776666', 'bakdy002', 6, '2023-02', 2, 1, 1575258946549919745, '2023-02-06 18:23:51', '2023-02-06 09:40:02'),
	(1622656369687072778, 1025110935532199265, '王越秀', '16688886666', 'yxkdy001', 6, '2023-02', 2, 1, 1575258946549919745, '2023-02-06 18:24:53', '2023-02-06 09:40:02'),
	(1622656369691267074, 1025111112225644097, '王华都', '17799995555', 'hdkdy001', 6, '2023-02', 2, 1, 1575258946549919745, '2023-02-06 18:25:37', '2023-02-06 09:40:02'),
	(1622656369691267075, 1025111247919767297, '王都花', '16677776666', 'hdkdy002', 6, '2023-02', 2, 1, 1575258946549919745, '2023-02-06 18:26:07', '2023-02-06 09:40:02'),
	(1622656369691267076, 1025111573938823425, '王秀越', '17788887777', 'yxkdy002', 6, '2023-02', 2, 1, 1575258946549919745, '2023-02-06 18:27:25', '2023-02-06 09:40:02'),
	(1622656369691267077, 1025112013736764417, '司广州', '18877770000', 'gzsj', 6, '2023-02', 3, 1, 1575258946549919745, '2023-02-06 18:29:10', '2023-02-06 09:40:01'),
	(1622656369775153154, 1025428687312684929, '张成飞', '18866666666', 'sl001', 6, '2023-02', 1, 1, 1575258946549919745, '2023-02-06 15:27:31', '2023-02-06 09:50:38'),
	(1622656370089725954, 1027527374507700225, '张调马', '13111332426', 'sldd001', 6, '2023-02', 1, 1, 1575259393138438146, '2023-02-06 10:26:57', '2023-02-06 13:38:23'),
	(1623018756713811969, 1024738476802799553, '周一', '13571250987', 'xbsj001', 7, '2023-02', 3, 1, 1575259393138438146, '2023-02-07 17:44:52', '2023-02-07 11:16:37'),
	(1623018756730589186, 1024738594893428865, '周二', '18500224566', 'xbsj002', 7, '2023-02', 3, 1, 1575259393138438146, '2023-02-07 17:45:20', '2023-02-07 11:16:37'),
	(1623018757129048066, 1024741978908228513, '吴用', '18500766555', 'xnsj001', 7, '2023-02', 3, 1, 1575259393138438146, '2023-02-07 17:58:47', '2023-02-07 11:16:37'),
	(1623018757129048067, 1024742117286706369, '吴西', '18346766666', 'xnsj002', 7, '2023-02', 3, 1, 1575259393138438146, '2023-02-07 17:59:20', '2023-02-07 11:16:37'),
	(1623018757129048068, 1024742265953811937, '成功', '18950867777', 'cdsj001', 7, '2023-02', 3, 1, 1575259393138438146, '2023-02-07 17:59:55', '2023-02-07 11:17:58'),
	(1623018757129048069, 1024742403489234657, '成仁', '18394867666', 'cdsj002', 7, '2023-02', 3, 1, 1575259393138438146, '2023-02-07 18:00:28', '2023-02-07 11:17:58'),
	(1623018757129048070, 1024976390379916929, '西王', '18355544444', 'xasj001', 7, '2023-02', 3, 1, 1575259393138438146, '2023-02-07 09:30:15', '2023-02-07 11:17:58'),
	(1623018757129048071, 1024976605161836353, '西米', '17655555555', 'xasj002', 7, '2023-02', 3, 1, 1575259393138438146, '2023-02-07 09:31:06', '2023-02-07 11:17:58'),
	(1623018757129048072, 1024976781221941281, '贝林', '13434343434', 'blkdy001', 7, '2023-02', 2, 1, 1575259393138438146, '2023-02-07 09:31:48', '2023-02-07 11:17:58'),
	(1623018757133242369, 1024976941658263777, '贝小贝', '13433434544', 'blkdy002', 7, '2023-02', 2, 1, 1575259393138438146, '2023-02-07 09:32:27', '2023-02-07 11:17:57'),
	(1623018757133242370, 1024977078208025057, '长小名', '18364636473', 'casj001', 7, '2023-02', 2, 1, 1575259393138438146, '2023-02-07 09:32:59', '2023-02-07 11:17:57'),
	(1623018757133242371, 1024977221418341025, '长城', '13445657565', 'casj002', 7, '2023-02', 2, 1, 1575259393138438146, '2023-02-07 09:33:33', '2023-02-07 11:17:57'),
	(1623018757133242372, 1024977388880122881, '金元宝', '18374673467', 'jnkdy001', 7, '2023-02', 2, 1, 1575259393138438146, '2023-02-07 09:34:13', '2023-02-07 11:17:56'),
	(1623018757133242373, 1024977522992993473, '金开', '18374734736', 'jnkdy002', 7, '2023-02', 2, 1, 1575259393138438146, '2023-02-07 09:34:45', '2023-02-07 11:17:55'),
	(1623018757133242374, 1024977621806601633, '青青', '18273827382', 'qykdy001', 7, '2023-02', 2, 1, 1575259393138438146, '2023-02-07 09:35:08', '2023-02-07 11:18:18'),
	(1623018757133242375, 1024977719693268993, '青风', '18273872382', 'qykdy002', 7, '2023-02', 2, 1, 1575259393138438146, '2023-02-07 09:35:32', '2023-02-07 11:18:18'),
	(1623018757133242376, 1024984140988150081, '华亮', '18837473473', 'hdsj001', 7, '2023-02', 3, 1, 1575259393138438146, '2023-02-07 10:01:03', '2023-02-07 11:18:18'),
	(1623018757133242377, 1024984230121304705, '华明', '13454545454', 'hdsj002', 7, '2023-02', 3, 1, 1575259393138438146, '2023-02-07 10:01:24', '2023-02-07 11:18:18'),
	(1623018757133242378, 1024984365991588705, '海明月', '18566666667', 'shsj001', 7, '2023-02', 3, 1, 1575259393138438146, '2023-02-07 10:01:57', '2023-02-07 11:18:17'),
	(1623018757133242379, 1024984516357387297, '海阔', '18734736473', 'shsj002', 7, '2023-02', 3, 1, 1575259393138438146, '2023-02-07 10:02:32', '2023-02-07 11:18:17'),
	(1623018757141630977, 1024984720745821569, '周生生', '18776676767', 'hkkdy001', 7, '2023-02', 2, 1, 1575259393138438146, '2023-02-07 10:03:21', '2023-02-07 11:18:17'),
	(1623018757141630978, 1024984891772761697, '周生辰', '13434343434', 'hkkdy002', 7, '2023-02', 2, 1, 1575259393138438146, '2023-02-07 10:04:02', '2023-02-07 11:18:17'),
	(1623018757141630979, 1024985344870841121, '刘徽', '18737373647', 'pdkdy001', 7, '2023-02', 2, 1, 1575259393138438146, '2023-02-07 10:05:50', '2023-02-07 11:18:17'),
	(1623018757141630980, 1024985481462545409, '萧晏', '18737473647', 'pdkdy002', 7, '2023-02', 2, 1, 1575259393138438146, '2023-02-07 10:06:22', '2023-02-07 11:18:17'),
	(1623018757141630981, 1024985621531327777, '平秦王', '18723736473', 'hbsj001', 7, '2023-02', 3, 1, 1575259393138438146, '2023-02-07 10:06:56', '2023-02-07 11:18:48'),
	(1623018757141630982, 1024986076978217057, '长孙杰', '13987675455', 'hbsj002', 7, '2023-02', 3, 1, 1575259393138438146, '2023-02-07 10:08:44', '2023-02-07 11:18:48'),
	(1623018757141630983, 1024986455853892225, '漼时宜', '17898989565', 'bjsj002', 7, '2023-02', 3, 1, 1575259393138438146, '2023-02-07 10:10:15', '2023-02-07 11:18:48'),
	(1623018757145825282, 1024987310187482529, '宏晓誉', '18737437483', 'bjsj001', 7, '2023-02', 3, 1, 1575259393138438146, '2023-02-07 10:13:38', '2023-02-07 11:18:48'),
	(1623018757145825283, 1024987378881793537, '司沈阳', '13311111222', 'sysj001', 7, '2023-02', 3, 1, 1575259393138438146, '2023-02-07 10:13:57', '2023-02-07 11:18:48'),
	(1623018757145825284, 1024987860782158145, '顺意', '18734736473', 'sykdy001', 7, '2023-02', 2, 1, 1575259393138438146, '2023-02-07 10:15:50', '2023-02-07 11:18:48'),
	(1623018757145825285, 1024987931753976513, '顺心', '17647657465', 'sykdy002', 7, '2023-02', 2, 1, 1575259393138438146, '2023-02-07 10:16:07', '2023-02-07 11:18:48'),
	(1623018757145825286, 1024988097613534273, '景昌', '18784574758', 'cpkdy001', 7, '2023-02', 2, 1, 1575259393138438146, '2023-02-07 10:16:46', '2023-02-07 11:18:48'),
	(1623018757145825287, 1024988171324232993, '景元', '18783748374', 'cpkdy002', 7, '2023-02', 2, 1, 1575259393138438146, '2023-02-07 10:17:04', '2023-02-07 11:18:48'),
	(1623018757145825288, 1024988319861315553, '李和平', '13355554444', 'hpkdy001', 7, '2023-02', 2, 1, 1575347921490882562, '2023-02-07 10:17:39', '2023-02-07 16:06:11'),
	(1623018757145825289, 1024988498702245281, '李平和', '17788889999', 'hpkdy002', 7, '2023-02', 2, 1, 1575347921490882562, '2023-02-07 10:18:22', '2023-02-07 16:05:52'),
	(1623018757183574018, 1024988744815617761, '李姑皇', '17766667777', 'gukdy001', 7, '2023-02', 2, 1, 1575347921490882562, '2023-02-07 10:19:20', '2023-02-07 18:26:28'),
	(1623018757183574019, 1024989856838856577, '李皇姑', '18877776666', 'hgkdy002', 7, '2023-02', 2, 1, 1575347921490882562, '2023-02-07 10:23:46', '2023-02-07 18:28:37'),
	(1623018757183574020, 1024994498993865153, '司华中', '18877776666', 'hzsj', 7, '2023-02', 3, 1, 1575347921490882562, '2023-02-07 10:42:12', '2023-02-07 12:54:04'),
	(1623018757183574021, 1024994711959651169, '司武汉', '17788887777', 'whsj', 7, '2023-02', 3, 1, 1575347921490882562, '2023-02-07 10:43:03', '2023-02-07 15:55:24'),
	(1623018757183574022, 1024995063794648993, '李江汉', '17799990000', 'jhkdy001', 7, '2023-02', 2, 1, 1575347921490882562, '2023-02-07 10:44:27', '2023-02-07 12:54:04'),
	(1623018757535895553, 1024995257768626273, '李汉江', '17788882222', 'jhkdy002', 7, '2023-02', 2, 1, 1575347921490882562, '2023-02-07 10:45:13', '2023-02-07 09:50:15'),
	(1623018757535895554, 1024995991193013985, '李武昌', '18877778888', 'wckdy001', 7, '2023-02', 2, 1, 1575347921490882562, '2023-02-07 10:48:08', '2023-02-07 12:54:04'),
	(1623018757535895555, 1024996147695079329, '李昌武', '18877776666', 'wckdy002', 7, '2023-02', 2, 1, 1575347921490882562, '2023-02-07 10:48:45', '2023-02-07 12:54:04'),
	(1623018757535895556, 1024997316655995489, '司东北', '17788887777', 'dbsj', 7, '2023-02', 3, 1, 1575347921490882562, '2023-02-07 10:53:24', '2023-02-07 12:54:03'),
	(1623018757535895557, 1025074399029692449, '王和平', '17788887777', 'hpkdy003', 7, '2023-02', 2, 1, 1575347921490882562, '2023-02-07 15:59:42', '2023-02-07 16:01:07'),
	(1623018757535895558, 1025104059952247329, '司华南', '17788887777', 'hnsj001', 7, '2023-02', 3, 1, 1575258946549919745, '2023-02-07 17:57:36', '2023-02-07 09:40:21'),
	(1623018757535895559, 1025104550799061921, '司深圳', '18877776666', 'szsj001', 7, '2023-02', 3, 1, 1575258946549919745, '2023-02-07 17:59:31', '2023-02-07 09:40:21'),
	(1623018757535895560, 1025109259005971617, '王光明', '18877776666', 'gmkdy001', 7, '2023-02', 2, 1, 1575258946549919745, '2023-02-07 18:18:13', '2023-02-07 09:40:03'),
	(1623018757535895561, 1025110041134617825, '王保安', '18877776666', 'bakdy001', 7, '2023-02', 2, 1, 1575258946549919745, '2023-02-07 18:21:20', '2023-02-07 09:40:03'),
	(1623018757535895562, 1025110490961140193, '王明光', '16677779999', 'gmkdy002', 7, '2023-02', 2, 1, 1575258946549919745, '2023-02-07 18:23:07', '2023-02-07 09:40:02'),
	(1623018757535895563, 1025110675888003969, '王安宝', '16677776666', 'bakdy002', 7, '2023-02', 2, 1, 1575258946549919745, '2023-02-07 18:23:51', '2023-02-07 09:40:02'),
	(1623018757535895564, 1025110935532199265, '王越秀', '16688886666', 'yxkdy001', 7, '2023-02', 2, 1, 1575258946549919745, '2023-02-07 18:24:53', '2023-02-07 09:40:02'),
	(1623018757535895565, 1025111112225644097, '王华都', '17799995555', 'hdkdy001', 7, '2023-02', 2, 1, 1575258946549919745, '2023-02-07 18:25:37', '2023-02-07 09:40:02'),
	(1623018757535895566, 1025111247919767297, '王都花', '16677776666', 'hdkdy002', 7, '2023-02', 2, 1, 1575258946549919745, '2023-02-07 18:26:07', '2023-02-07 09:40:02'),
	(1623018757535895567, 1025111573938823425, '王秀越', '17788887777', 'yxkdy002', 7, '2023-02', 2, 1, 1575258946549919745, '2023-02-07 18:27:25', '2023-02-07 09:40:02'),
	(1623018757535895568, 1025112013736764417, '司广州', '18877770000', 'gzsj', 7, '2023-02', 3, 1, 1575258946549919745, '2023-02-07 18:29:10', '2023-02-07 09:40:01'),
	(1623018757535895569, 1025428687312684929, '张成飞', '18866666666', 'sl001', 7, '2023-02', 1, 1, 1575258946549919745, '2023-02-07 15:27:31', '2023-02-07 09:50:38'),
	(1623018757535895570, 1027527374507700225, '张调马', '13111332426', 'sldd001', 7, '2023-02', 1, 1, 1575259393138438146, '2023-02-07 10:26:57', '2023-02-07 13:38:23'),
	(1623381145426661378, 1024738476802799553, '周一', '13571250987', 'xbsj001', 8, '2023-02', 3, 1, 1575259393138438146, '2023-02-08 17:44:52', '2023-02-08 11:16:37'),
	(1623381145430855682, 1024738594893428865, '周二', '18500224566', 'xbsj002', 8, '2023-02', 3, 1, 1575259393138438146, '2023-02-08 17:45:20', '2023-02-08 11:16:37'),
	(1623381145430855683, 1024741978908228513, '吴用', '18500766555', 'xnsj001', 8, '2023-02', 3, 1, 1575259393138438146, '2023-02-08 17:58:47', '2023-02-08 11:16:37'),
	(1623381145816731650, 1024742117286706369, '吴西', '18346766666', 'xnsj002', 8, '2023-02', 3, 1, 1575259393138438146, '2023-02-08 17:59:20', '2023-02-08 11:16:37'),
	(1623381145816731651, 1024742265953811937, '成功', '18950867777', 'cdsj001', 8, '2023-02', 3, 1, 1575259393138438146, '2023-02-08 17:59:55', '2023-02-08 11:17:58'),
	(1623381145820925954, 1024742403489234657, '成仁', '18394867666', 'cdsj002', 8, '2023-02', 3, 1, 1575259393138438146, '2023-02-08 18:00:28', '2023-02-08 11:17:58'),
	(1623381145820925955, 1024976390379916929, '西王', '18355544444', 'xasj001', 8, '2023-02', 3, 1, 1575259393138438146, '2023-02-08 09:30:15', '2023-02-08 11:17:58'),
	(1623381145820925956, 1024976605161836353, '西米', '17655555555', 'xasj002', 8, '2023-02', 3, 1, 1575259393138438146, '2023-02-08 09:31:06', '2023-02-08 11:17:58'),
	(1623381145820925957, 1024976781221941281, '贝林', '13434343434', 'blkdy001', 8, '2023-02', 2, 1, 1575259393138438146, '2023-02-08 09:31:48', '2023-02-08 11:17:58'),
	(1623381145820925958, 1024976941658263777, '贝小贝', '13433434544', 'blkdy002', 8, '2023-02', 2, 1, 1575259393138438146, '2023-02-08 09:32:27', '2023-02-08 11:17:57'),
	(1623381145820925959, 1024977078208025057, '长小名', '18364636473', 'casj001', 8, '2023-02', 2, 1, 1575259393138438146, '2023-02-08 09:32:59', '2023-02-08 11:17:57'),
	(1623381145820925960, 1024977221418341025, '长城', '13445657565', 'casj002', 8, '2023-02', 2, 1, 1575259393138438146, '2023-02-08 09:33:33', '2023-02-08 11:17:57'),
	(1623381145825120257, 1024977388880122881, '金元宝', '18374673467', 'jnkdy001', 8, '2023-02', 2, 1, 1575259393138438146, '2023-02-08 09:34:13', '2023-02-08 11:17:56'),
	(1623381145825120258, 1024977522992993473, '金开', '18374734736', 'jnkdy002', 8, '2023-02', 2, 1, 1575259393138438146, '2023-02-08 09:34:45', '2023-02-08 11:17:55'),
	(1623381145825120259, 1024977621806601633, '青青', '18273827382', 'qykdy001', 8, '2023-02', 2, 1, 1575259393138438146, '2023-02-08 09:35:08', '2023-02-08 11:18:18'),
	(1623381145825120260, 1024977719693268993, '青风', '18273872382', 'qykdy002', 8, '2023-02', 2, 1, 1575259393138438146, '2023-02-08 09:35:32', '2023-02-08 11:18:18'),
	(1623381145825120261, 1024984140988150081, '华亮', '18837473473', 'hdsj001', 8, '2023-02', 3, 1, 1575259393138438146, '2023-02-08 10:01:03', '2023-02-08 11:18:18'),
	(1623381145825120262, 1024984230121304705, '华明', '13454545454', 'hdsj002', 8, '2023-02', 3, 1, 1575259393138438146, '2023-02-08 10:01:24', '2023-02-08 11:18:18'),
	(1623381145825120263, 1024984365991588705, '海明月', '18566666667', 'shsj001', 8, '2023-02', 3, 1, 1575259393138438146, '2023-02-08 10:01:57', '2023-02-08 11:18:17'),
	(1623381145825120264, 1024984516357387297, '海阔', '18734736473', 'shsj002', 8, '2023-02', 3, 1, 1575259393138438146, '2023-02-08 10:02:32', '2023-02-08 11:18:17'),
	(1623381145829314562, 1024984720745821569, '周生生', '18776676767', 'hkkdy001', 8, '2023-02', 2, 1, 1575259393138438146, '2023-02-08 10:03:21', '2023-02-08 11:18:17'),
	(1623381145829314563, 1024984891772761697, '周生辰', '13434343434', 'hkkdy002', 8, '2023-02', 2, 1, 1575259393138438146, '2023-02-08 10:04:02', '2023-02-08 11:18:17'),
	(1623381145829314564, 1024985344870841121, '刘徽', '18737373647', 'pdkdy001', 8, '2023-02', 2, 1, 1575259393138438146, '2023-02-08 10:05:50', '2023-02-08 11:18:17'),
	(1623381145829314565, 1024985481462545409, '萧晏', '18737473647', 'pdkdy002', 8, '2023-02', 2, 1, 1575259393138438146, '2023-02-08 10:06:22', '2023-02-08 11:18:17'),
	(1623381145829314566, 1024985621531327777, '平秦王', '18723736473', 'hbsj001', 8, '2023-02', 3, 1, 1575259393138438146, '2023-02-08 10:06:56', '2023-02-08 11:18:48'),
	(1623381145829314567, 1024986076978217057, '长孙杰', '13987675455', 'hbsj002', 8, '2023-02', 3, 1, 1575259393138438146, '2023-02-08 10:08:44', '2023-02-08 11:18:48'),
	(1623381145829314568, 1024986455853892225, '漼时宜', '17898989565', 'bjsj002', 8, '2023-02', 3, 1, 1575259393138438146, '2023-02-08 10:10:15', '2023-02-08 11:18:48'),
	(1623381145829314569, 1024987310187482529, '宏晓誉', '18737437483', 'bjsj001', 8, '2023-02', 3, 1, 1575259393138438146, '2023-02-08 10:13:38', '2023-02-08 11:18:48'),
	(1623381145833508866, 1024987378881793537, '司沈阳', '13311111222', 'sysj001', 8, '2023-02', 3, 1, 1575259393138438146, '2023-02-08 10:13:57', '2023-02-08 11:18:48'),
	(1623381145833508867, 1024987860782158145, '顺意', '18734736473', 'sykdy001', 8, '2023-02', 2, 1, 1575259393138438146, '2023-02-08 10:15:50', '2023-02-08 11:18:48'),
	(1623381145833508868, 1024987931753976513, '顺心', '17647657465', 'sykdy002', 8, '2023-02', 2, 1, 1575259393138438146, '2023-02-08 10:16:07', '2023-02-08 11:18:48'),
	(1623381145833508869, 1024988097613534273, '景昌', '18784574758', 'cpkdy001', 8, '2023-02', 2, 1, 1575259393138438146, '2023-02-08 10:16:46', '2023-02-08 11:18:48'),
	(1623381145833508870, 1024988171324232993, '景元', '18783748374', 'cpkdy002', 8, '2023-02', 2, 1, 1575259393138438146, '2023-02-08 10:17:04', '2023-02-08 11:18:48'),
	(1623381145833508871, 1024988319861315553, '李和平', '13355554444', 'hpkdy001', 8, '2023-02', 2, 1, 1575347921490882562, '2023-02-08 10:17:39', '2023-02-08 16:06:11'),
	(1623381145837703170, 1024988498702245281, '李平和', '17788889999', 'hpkdy002', 8, '2023-02', 2, 1, 1575347921490882562, '2023-02-08 10:18:22', '2023-02-08 16:05:52'),
	(1623381145837703171, 1024988744815617761, '李姑皇', '17766667777', 'gukdy001', 8, '2023-02', 2, 1, 1575347921490882562, '2023-02-08 10:19:20', '2023-02-08 18:26:28'),
	(1623381145837703172, 1024989856838856577, '李皇姑', '18877776666', 'hgkdy002', 8, '2023-02', 2, 1, 1575347921490882562, '2023-02-08 10:23:46', '2023-02-08 18:28:37'),
	(1623381145837703173, 1024994498993865153, '司华中', '18877776666', 'hzsj', 8, '2023-02', 3, 1, 1575347921490882562, '2023-02-08 10:42:12', '2023-02-08 12:54:04'),
	(1623381145837703174, 1024994711959651169, '司武汉', '17788887777', 'whsj', 8, '2023-02', 3, 1, 1575347921490882562, '2023-02-08 10:43:03', '2023-02-08 15:55:24'),
	(1623381145837703175, 1024995063794648993, '李江汉', '17799990000', 'jhkdy001', 8, '2023-02', 2, 1, 1575347921490882562, '2023-02-08 10:44:27', '2023-02-08 12:54:04'),
	(1623381145837703176, 1024995257768626273, '李汉江', '17788882222', 'jhkdy002', 8, '2023-02', 2, 1, 1575347921490882562, '2023-02-08 10:45:13', '2023-02-08 09:50:15'),
	(1623381145841897474, 1024995991193013985, '李武昌', '18877778888', 'wckdy001', 8, '2023-02', 2, 1, 1575347921490882562, '2023-02-08 10:48:08', '2023-02-08 12:54:04'),
	(1623381145841897475, 1024996147695079329, '李昌武', '18877776666', 'wckdy002', 8, '2023-02', 2, 1, 1575347921490882562, '2023-02-08 10:48:45', '2023-02-08 12:54:04'),
	(1623381145841897476, 1024997316655995489, '司东北', '17788887777', 'dbsj', 8, '2023-02', 3, 1, 1575347921490882562, '2023-02-08 10:53:24', '2023-02-08 12:54:03'),
	(1623381146240356354, 1025074399029692449, '王和平', '17788887777', 'hpkdy003', 8, '2023-02', 2, 1, 1575347921490882562, '2023-02-08 15:59:42', '2023-02-08 16:01:07'),
	(1623381146240356355, 1025104059952247329, '司华南', '17788887777', 'hnsj001', 8, '2023-02', 3, 1, 1575258946549919745, '2023-02-08 17:57:36', '2023-02-08 09:40:21'),
	(1623381146240356356, 1025104550799061921, '司深圳', '18877776666', 'szsj001', 8, '2023-02', 3, 1, 1575258946549919745, '2023-02-08 17:59:31', '2023-02-08 09:40:21'),
	(1623381146244550657, 1025109259005971617, '王光明', '18877776666', 'gmkdy001', 8, '2023-02', 2, 1, 1575258946549919745, '2023-02-08 18:18:13', '2023-02-08 09:40:03'),
	(1623381146244550658, 1025110041134617825, '王保安', '18877776666', 'bakdy001', 8, '2023-02', 2, 1, 1575258946549919745, '2023-02-08 18:21:20', '2023-02-08 09:40:03'),
	(1623381146244550659, 1025110490961140193, '王明光', '16677779999', 'gmkdy002', 8, '2023-02', 2, 1, 1575258946549919745, '2023-02-08 18:23:07', '2023-02-08 09:40:02'),
	(1623381146244550660, 1025110675888003969, '王安宝', '16677776666', 'bakdy002', 8, '2023-02', 2, 1, 1575258946549919745, '2023-02-08 18:23:51', '2023-02-08 09:40:02'),
	(1623381146244550661, 1025110935532199265, '王越秀', '16688886666', 'yxkdy001', 8, '2023-02', 2, 1, 1575258946549919745, '2023-02-08 18:24:53', '2023-02-08 09:40:02'),
	(1623381146248744961, 1025111112225644097, '王华都', '17799995555', 'hdkdy001', 8, '2023-02', 2, 1, 1575258946549919745, '2023-02-08 18:25:37', '2023-02-08 09:40:02'),
	(1623381146248744962, 1025111247919767297, '王都花', '16677776666', 'hdkdy002', 8, '2023-02', 2, 1, 1575258946549919745, '2023-02-08 18:26:07', '2023-02-08 09:40:02'),
	(1623381146248744963, 1025111573938823425, '王秀越', '17788887777', 'yxkdy002', 8, '2023-02', 2, 1, 1575258946549919745, '2023-02-08 18:27:25', '2023-02-08 09:40:02'),
	(1623381146655592450, 1025112013736764417, '司广州', '18877770000', 'gzsj', 8, '2023-02', 3, 1, 1575258946549919745, '2023-02-08 18:29:10', '2023-02-08 09:40:01'),
	(1623381146655592451, 1025428687312684929, '张成飞', '18866666666', 'sl001', 8, '2023-02', 1, 1, 1575258946549919745, '2023-02-08 15:27:31', '2023-02-08 09:50:38'),
	(1623381146659786753, 1027527374507700225, '张调马', '13111332426', 'sldd001', 8, '2023-02', 1, 1, 1575259393138438146, '2023-02-08 10:26:57', '2023-02-08 13:38:23'),
	(1623743535368441858, 1024738476802799553, '周一', '13571250987', 'xbsj001', 9, '2023-02', 3, 1, 1575259393138438146, '2023-02-09 17:44:52', '2023-02-09 11:16:37'),
	(1623743535372636161, 1024738594893428865, '周二', '18500224566', 'xbsj002', 9, '2023-02', 3, 1, 1575259393138438146, '2023-02-09 17:45:20', '2023-02-09 11:16:37'),
	(1623743535372636162, 1024741978908228513, '吴用', '18500766555', 'xnsj001', 9, '2023-02', 3, 1, 1575259393138438146, '2023-02-09 17:58:47', '2023-02-09 11:16:37'),
	(1623743535372636163, 1024742117286706369, '吴西', '18346766666', 'xnsj002', 9, '2023-02', 3, 1, 1575259393138438146, '2023-02-09 17:59:20', '2023-02-09 11:16:37'),
	(1623743535376830466, 1024742265953811937, '成功', '18950867777', 'cdsj001', 9, '2023-02', 3, 1, 1575259393138438146, '2023-02-09 17:59:55', '2023-02-09 11:17:58'),
	(1623743535376830467, 1024742403489234657, '成仁', '18394867666', 'cdsj002', 9, '2023-02', 3, 1, 1575259393138438146, '2023-02-09 18:00:28', '2023-02-09 11:17:58'),
	(1623743535376830468, 1024976390379916929, '西王', '18355544444', 'xasj001', 9, '2023-02', 3, 1, 1575259393138438146, '2023-02-09 09:30:15', '2023-02-09 11:17:58'),
	(1623743535376830469, 1024976605161836353, '西米', '17655555555', 'xasj002', 9, '2023-02', 3, 1, 1575259393138438146, '2023-02-09 09:31:06', '2023-02-09 11:17:58'),
	(1623743535376830470, 1024976781221941281, '贝林', '13434343434', 'blkdy001', 9, '2023-02', 2, 1, 1575259393138438146, '2023-02-09 09:31:48', '2023-02-09 11:17:58'),
	(1623743535376830471, 1024976941658263777, '贝小贝', '13433434544', 'blkdy002', 9, '2023-02', 2, 1, 1575259393138438146, '2023-02-09 09:32:27', '2023-02-09 11:17:57'),
	(1623743535376830472, 1024977078208025057, '长小名', '18364636473', 'casj001', 9, '2023-02', 2, 1, 1575259393138438146, '2023-02-09 09:32:59', '2023-02-09 11:17:57'),
	(1623743535376830473, 1024977221418341025, '长城', '13445657565', 'casj002', 9, '2023-02', 2, 1, 1575259393138438146, '2023-02-09 09:33:33', '2023-02-09 11:17:57'),
	(1623743535381024769, 1024977388880122881, '金元宝', '18374673467', 'jnkdy001', 9, '2023-02', 2, 1, 1575259393138438146, '2023-02-09 09:34:13', '2023-02-09 11:17:56'),
	(1623743535381024770, 1024977522992993473, '金开', '18374734736', 'jnkdy002', 9, '2023-02', 2, 1, 1575259393138438146, '2023-02-09 09:34:45', '2023-02-09 11:17:55'),
	(1623743535381024771, 1024977621806601633, '青青', '18273827382', 'qykdy001', 9, '2023-02', 2, 1, 1575259393138438146, '2023-02-09 09:35:08', '2023-02-09 11:18:18'),
	(1623743535381024772, 1024977719693268993, '青风', '18273872382', 'qykdy002', 9, '2023-02', 2, 1, 1575259393138438146, '2023-02-09 09:35:32', '2023-02-09 11:18:18'),
	(1623743535381024773, 1024984140988150081, '华亮', '18837473473', 'hdsj001', 9, '2023-02', 3, 1, 1575259393138438146, '2023-02-09 10:01:03', '2023-02-09 11:18:18'),
	(1623743535381024774, 1024984230121304705, '华明', '13454545454', 'hdsj002', 9, '2023-02', 3, 1, 1575259393138438146, '2023-02-09 10:01:24', '2023-02-09 11:18:18'),
	(1623743535381024775, 1024984365991588705, '海明月', '18566666667', 'shsj001', 9, '2023-02', 3, 1, 1575259393138438146, '2023-02-09 10:01:57', '2023-02-09 11:18:17'),
	(1623743535381024776, 1024984516357387297, '海阔', '18734736473', 'shsj002', 9, '2023-02', 3, 1, 1575259393138438146, '2023-02-09 10:02:32', '2023-02-09 11:18:17'),
	(1623743535381024777, 1024984720745821569, '周生生', '18776676767', 'hkkdy001', 9, '2023-02', 2, 1, 1575259393138438146, '2023-02-09 10:03:21', '2023-02-09 11:18:17'),
	(1623743535389413378, 1024984891772761697, '周生辰', '13434343434', 'hkkdy002', 9, '2023-02', 2, 1, 1575259393138438146, '2023-02-09 10:04:02', '2023-02-09 11:18:17'),
	(1623743535389413379, 1024985344870841121, '刘徽', '18737373647', 'pdkdy001', 9, '2023-02', 2, 1, 1575259393138438146, '2023-02-09 10:05:50', '2023-02-09 11:18:17'),
	(1623743535389413380, 1024985481462545409, '萧晏', '18737473647', 'pdkdy002', 9, '2023-02', 2, 1, 1575259393138438146, '2023-02-09 10:06:22', '2023-02-09 11:18:17'),
	(1623743535389413381, 1024985621531327777, '平秦王', '18723736473', 'hbsj001', 9, '2023-02', 3, 1, 1575259393138438146, '2023-02-09 10:06:56', '2023-02-09 11:18:48'),
	(1623743535389413382, 1024986076978217057, '长孙杰', '13987675455', 'hbsj002', 9, '2023-02', 3, 1, 1575259393138438146, '2023-02-09 10:08:44', '2023-02-09 11:18:48'),
	(1623743535389413383, 1024986455853892225, '漼时宜', '17898989565', 'bjsj002', 9, '2023-02', 3, 1, 1575259393138438146, '2023-02-09 10:10:15', '2023-02-09 11:18:48'),
	(1623743535389413384, 1024987310187482529, '宏晓誉', '18737437483', 'bjsj001', 9, '2023-02', 3, 1, 1575259393138438146, '2023-02-09 10:13:38', '2023-02-09 11:18:48'),
	(1623743535389413385, 1024987378881793537, '司沈阳', '13311111222', 'sysj001', 9, '2023-02', 3, 1, 1575259393138438146, '2023-02-09 10:13:57', '2023-02-09 11:18:48'),
	(1623743535389413386, 1024987860782158145, '顺意', '18734736473', 'sykdy001', 9, '2023-02', 2, 1, 1575259393138438146, '2023-02-09 10:15:50', '2023-02-09 11:18:48'),
	(1623743535389413387, 1024987931753976513, '顺心', '17647657465', 'sykdy002', 9, '2023-02', 2, 1, 1575259393138438146, '2023-02-09 10:16:07', '2023-02-09 11:18:48'),
	(1623743535389413388, 1024988097613534273, '景昌', '18784574758', 'cpkdy001', 9, '2023-02', 2, 1, 1575259393138438146, '2023-02-09 10:16:46', '2023-02-09 11:18:48'),
	(1623743535389413389, 1024988171324232993, '景元', '18783748374', 'cpkdy002', 9, '2023-02', 2, 1, 1575259393138438146, '2023-02-09 10:17:04', '2023-02-09 11:18:48'),
	(1623743535389413390, 1024988319861315553, '李和平', '13355554444', 'hpkdy001', 9, '2023-02', 2, 1, 1575347921490882562, '2023-02-09 10:17:39', '2023-02-09 16:06:11'),
	(1623743535389413391, 1024988498702245281, '李平和', '17788889999', 'hpkdy002', 9, '2023-02', 2, 1, 1575347921490882562, '2023-02-09 10:18:22', '2023-02-09 16:05:52'),
	(1623743535389413392, 1024988744815617761, '李姑皇', '17766667777', 'gukdy001', 9, '2023-02', 2, 1, 1575347921490882562, '2023-02-09 10:19:20', '2023-02-09 18:26:28'),
	(1623743535389413393, 1024989856838856577, '李皇姑', '18877776666', 'hgkdy002', 9, '2023-02', 2, 1, 1575347921490882562, '2023-02-09 10:23:46', '2023-02-09 18:28:37'),
	(1623743535389413394, 1024994498993865153, '司华中', '18877776666', 'hzsj', 9, '2023-02', 3, 1, 1575347921490882562, '2023-02-09 10:42:12', '2023-02-09 12:54:04'),
	(1623743535389413395, 1024994711959651169, '司武汉', '17788887777', 'whsj', 9, '2023-02', 3, 1, 1575347921490882562, '2023-02-09 10:43:03', '2023-02-09 15:55:24'),
	(1623743535389413396, 1024995063794648993, '李江汉', '17799990000', 'jhkdy001', 9, '2023-02', 2, 1, 1575347921490882562, '2023-02-09 10:44:27', '2023-02-09 12:54:04'),
	(1623743535389413397, 1024995257768626273, '李汉江', '17788882222', 'jhkdy002', 9, '2023-02', 2, 1, 1575347921490882562, '2023-02-09 10:45:13', '2023-02-09 09:50:15'),
	(1623743535389413398, 1024995991193013985, '李武昌', '18877778888', 'wckdy001', 9, '2023-02', 2, 1, 1575347921490882562, '2023-02-09 10:48:08', '2023-02-09 12:54:04'),
	(1623743535389413399, 1024996147695079329, '李昌武', '18877776666', 'wckdy002', 9, '2023-02', 2, 1, 1575347921490882562, '2023-02-09 10:48:45', '2023-02-09 12:54:04'),
	(1623743535389413400, 1024997316655995489, '司东北', '17788887777', 'dbsj', 9, '2023-02', 3, 1, 1575347921490882562, '2023-02-09 10:53:24', '2023-02-09 12:54:03'),
	(1623743535389413401, 1025074399029692449, '王和平', '17788887777', 'hpkdy003', 9, '2023-02', 2, 1, 1575347921490882562, '2023-02-09 15:59:42', '2023-02-09 16:01:07'),
	(1623743535389413402, 1025104059952247329, '司华南', '17788887777', 'hnsj001', 9, '2023-02', 3, 1, 1575258946549919745, '2023-02-09 17:57:36', '2023-02-09 09:40:21'),
	(1623743535389413403, 1025104550799061921, '司深圳', '18877776666', 'szsj001', 9, '2023-02', 3, 1, 1575258946549919745, '2023-02-09 17:59:31', '2023-02-09 09:40:21'),
	(1623743535389413404, 1025109259005971617, '王光明', '18877776666', 'gmkdy001', 9, '2023-02', 2, 1, 1575258946549919745, '2023-02-09 18:18:13', '2023-02-09 09:40:03'),
	(1623743535389413405, 1025110041134617825, '王保安', '18877776666', 'bakdy001', 9, '2023-02', 2, 1, 1575258946549919745, '2023-02-09 18:21:20', '2023-02-09 09:40:03'),
	(1623743535389413406, 1025110490961140193, '王明光', '16677779999', 'gmkdy002', 9, '2023-02', 2, 1, 1575258946549919745, '2023-02-09 18:23:07', '2023-02-09 09:40:02'),
	(1623743535779483649, 1025110675888003969, '王安宝', '16677776666', 'bakdy002', 9, '2023-02', 2, 1, 1575258946549919745, '2023-02-09 18:23:51', '2023-02-09 09:40:02'),
	(1623743535779483650, 1025110935532199265, '王越秀', '16688886666', 'yxkdy001', 9, '2023-02', 2, 1, 1575258946549919745, '2023-02-09 18:24:53', '2023-02-09 09:40:02'),
	(1623743535779483651, 1025111112225644097, '王华都', '17799995555', 'hdkdy001', 9, '2023-02', 2, 1, 1575258946549919745, '2023-02-09 18:25:37', '2023-02-09 09:40:02'),
	(1623743535779483652, 1025111247919767297, '王都花', '16677776666', 'hdkdy002', 9, '2023-02', 2, 1, 1575258946549919745, '2023-02-09 18:26:07', '2023-02-09 09:40:02'),
	(1623743535779483653, 1025111573938823425, '王秀越', '17788887777', 'yxkdy002', 9, '2023-02', 2, 1, 1575258946549919745, '2023-02-09 18:27:25', '2023-02-09 09:40:02'),
	(1623743535779483654, 1025112013736764417, '司广州', '18877770000', 'gzsj', 9, '2023-02', 3, 1, 1575258946549919745, '2023-02-09 18:29:10', '2023-02-09 09:40:01'),
	(1623743535783677953, 1025428687312684929, '张成飞', '18866666666', 'sl001', 9, '2023-02', 1, 1, 1575258946549919745, '2023-02-09 15:27:31', '2023-02-09 09:50:38'),
	(1623743535783677954, 1027527374507700225, '张调马', '13111332426', 'sldd001', 9, '2023-02', 1, 1, 1575259393138438146, '2023-02-09 10:26:57', '2023-02-09 13:38:23'),
	(1624105920306417665, 1024738476802799553, '周一', '13571250987', 'xbsj001', 10, '2023-02', 3, 1, 1575259393138438146, '2023-02-10 17:44:52', '2023-02-10 11:16:37'),
	(1624105920323194882, 1024738594893428865, '周二', '18500224566', 'xbsj002', 10, '2023-02', 3, 1, 1575259393138438146, '2023-02-10 17:45:20', '2023-02-10 11:16:37'),
	(1624105920709070849, 1024741978908228513, '吴用', '18500766555', 'xnsj001', 10, '2023-02', 3, 1, 1575259393138438146, '2023-02-10 17:58:47', '2023-02-10 11:16:37'),
	(1624105920709070850, 1024742117286706369, '吴西', '18346766666', 'xnsj002', 10, '2023-02', 3, 1, 1575259393138438146, '2023-02-10 17:59:20', '2023-02-10 11:16:37'),
	(1624105920713265153, 1024742265953811937, '成功', '18950867777', 'cdsj001', 10, '2023-02', 3, 1, 1575259393138438146, '2023-02-10 17:59:55', '2023-02-10 11:17:58'),
	(1624105920713265154, 1024742403489234657, '成仁', '18394867666', 'cdsj002', 10, '2023-02', 3, 1, 1575259393138438146, '2023-02-10 18:00:28', '2023-02-10 11:17:58'),
	(1624105920713265155, 1024976390379916929, '西王', '18355544444', 'xasj001', 10, '2023-02', 3, 1, 1575259393138438146, '2023-02-10 09:30:15', '2023-02-10 11:17:58'),
	(1624105920713265156, 1024976605161836353, '西米', '17655555555', 'xasj002', 10, '2023-02', 3, 1, 1575259393138438146, '2023-02-10 09:31:06', '2023-02-10 11:17:58'),
	(1624105920713265157, 1024976781221941281, '贝林', '13434343434', 'blkdy001', 10, '2023-02', 2, 1, 1575259393138438146, '2023-02-10 09:31:48', '2023-02-10 11:17:58'),
	(1624105920713265158, 1024976941658263777, '贝小贝', '13433434544', 'blkdy002', 10, '2023-02', 2, 1, 1575259393138438146, '2023-02-10 09:32:27', '2023-02-10 11:17:57'),
	(1624105920713265159, 1024977078208025057, '长小名', '18364636473', 'casj001', 10, '2023-02', 2, 1, 1575259393138438146, '2023-02-10 09:32:59', '2023-02-10 11:17:57'),
	(1624105920713265160, 1024977221418341025, '长城', '13445657565', 'casj002', 10, '2023-02', 2, 1, 1575259393138438146, '2023-02-10 09:33:33', '2023-02-10 11:17:57'),
	(1624105920717459458, 1024977388880122881, '金元宝', '18374673467', 'jnkdy001', 10, '2023-02', 2, 1, 1575259393138438146, '2023-02-10 09:34:13', '2023-02-10 11:17:56'),
	(1624105920717459459, 1024977522992993473, '金开', '18374734736', 'jnkdy002', 10, '2023-02', 2, 1, 1575259393138438146, '2023-02-10 09:34:45', '2023-02-10 11:17:55'),
	(1624105920717459460, 1024977621806601633, '青青', '18273827382', 'qykdy001', 10, '2023-02', 2, 1, 1575259393138438146, '2023-02-10 09:35:08', '2023-02-10 11:18:18'),
	(1624105920717459461, 1024977719693268993, '青风', '18273872382', 'qykdy002', 10, '2023-02', 2, 1, 1575259393138438146, '2023-02-10 09:35:32', '2023-02-10 11:18:18'),
	(1624105920717459462, 1024984140988150081, '华亮', '18837473473', 'hdsj001', 10, '2023-02', 3, 1, 1575259393138438146, '2023-02-10 10:01:03', '2023-02-10 11:18:18'),
	(1624105920717459463, 1024984230121304705, '华明', '13454545454', 'hdsj002', 10, '2023-02', 3, 1, 1575259393138438146, '2023-02-10 10:01:24', '2023-02-10 11:18:18'),
	(1624105920721653761, 1024984365991588705, '海明月', '18566666667', 'shsj001', 10, '2023-02', 3, 1, 1575259393138438146, '2023-02-10 10:01:57', '2023-02-10 11:18:17'),
	(1624105920721653762, 1024984516357387297, '海阔', '18734736473', 'shsj002', 10, '2023-02', 3, 1, 1575259393138438146, '2023-02-10 10:02:32', '2023-02-10 11:18:17'),
	(1624105920721653763, 1024984720745821569, '周生生', '18776676767', 'hkkdy001', 10, '2023-02', 2, 1, 1575259393138438146, '2023-02-10 10:03:21', '2023-02-10 11:18:17'),
	(1624105920721653764, 1024984891772761697, '周生辰', '13434343434', 'hkkdy002', 10, '2023-02', 2, 1, 1575259393138438146, '2023-02-10 10:04:02', '2023-02-10 11:18:17'),
	(1624105920721653765, 1024985344870841121, '刘徽', '18737373647', 'pdkdy001', 10, '2023-02', 2, 1, 1575259393138438146, '2023-02-10 10:05:50', '2023-02-10 11:18:17'),
	(1624105920721653766, 1024985481462545409, '萧晏', '18737473647', 'pdkdy002', 10, '2023-02', 2, 1, 1575259393138438146, '2023-02-10 10:06:22', '2023-02-10 11:18:17'),
	(1624105920725848065, 1024985621531327777, '平秦王', '18723736473', 'hbsj001', 10, '2023-02', 3, 1, 1575259393138438146, '2023-02-10 10:06:56', '2023-02-10 11:18:48'),
	(1624105920725848066, 1024986076978217057, '长孙杰', '13987675455', 'hbsj002', 10, '2023-02', 3, 1, 1575259393138438146, '2023-02-10 10:08:44', '2023-02-10 11:18:48'),
	(1624105920725848067, 1024986455853892225, '漼时宜', '17898989565', 'bjsj002', 10, '2023-02', 3, 1, 1575259393138438146, '2023-02-10 10:10:15', '2023-02-10 11:18:48'),
	(1624105920725848068, 1024987310187482529, '宏晓誉', '18737437483', 'bjsj001', 10, '2023-02', 3, 1, 1575259393138438146, '2023-02-10 10:13:38', '2023-02-10 11:18:48'),
	(1624105920725848069, 1024987378881793537, '司沈阳', '13311111222', 'sysj001', 10, '2023-02', 3, 1, 1575259393138438146, '2023-02-10 10:13:57', '2023-02-10 11:18:48'),
	(1624105920725848070, 1024987860782158145, '顺意', '18734736473', 'sykdy001', 10, '2023-02', 2, 1, 1575259393138438146, '2023-02-10 10:15:50', '2023-02-10 11:18:48'),
	(1624105920725848071, 1024987931753976513, '顺心', '17647657465', 'sykdy002', 10, '2023-02', 2, 1, 1575259393138438146, '2023-02-10 10:16:07', '2023-02-10 11:18:48'),
	(1624105920725848072, 1024988097613534273, '景昌', '18784574758', 'cpkdy001', 10, '2023-02', 2, 1, 1575259393138438146, '2023-02-10 10:16:46', '2023-02-10 11:18:48'),
	(1624105920730042370, 1024988171324232993, '景元', '18783748374', 'cpkdy002', 10, '2023-02', 2, 1, 1575259393138438146, '2023-02-10 10:17:04', '2023-02-10 11:18:48'),
	(1624105920730042371, 1024988319861315553, '李和平', '13355554444', 'hpkdy001', 10, '2023-02', 2, 1, 1575347921490882562, '2023-02-10 10:17:39', '2023-02-10 16:06:11'),
	(1624105920730042372, 1024988498702245281, '李平和', '17788889999', 'hpkdy002', 10, '2023-02', 2, 1, 1575347921490882562, '2023-02-10 10:18:22', '2023-02-10 16:05:52'),
	(1624105920730042373, 1024988744815617761, '李姑皇', '17766667777', 'gukdy001', 10, '2023-02', 2, 1, 1575347921490882562, '2023-02-10 10:19:20', '2023-02-10 18:26:28'),
	(1624105920730042374, 1024989856838856577, '李皇姑', '18877776666', 'hgkdy002', 10, '2023-02', 2, 1, 1575347921490882562, '2023-02-10 10:23:46', '2023-02-10 18:28:37'),
	(1624105920730042375, 1024994498993865153, '司华中', '18877776666', 'hzsj', 10, '2023-02', 3, 1, 1575347921490882562, '2023-02-10 10:42:12', '2023-02-10 12:54:04'),
	(1624105920730042376, 1024994711959651169, '司武汉', '17788887777', 'whsj', 10, '2023-02', 3, 1, 1575347921490882562, '2023-02-10 10:43:03', '2023-02-10 15:55:24'),
	(1624105920730042377, 1024995063794648993, '李江汉', '17799990000', 'jhkdy001', 10, '2023-02', 2, 1, 1575347921490882562, '2023-02-10 10:44:27', '2023-02-10 12:54:04'),
	(1624105920734236673, 1024995257768626273, '李汉江', '17788882222', 'jhkdy002', 10, '2023-02', 2, 1, 1575347921490882562, '2023-02-10 10:45:13', '2023-02-10 09:50:15'),
	(1624105920734236674, 1024995991193013985, '李武昌', '18877778888', 'wckdy001', 10, '2023-02', 2, 1, 1575347921490882562, '2023-02-10 10:48:08', '2023-02-10 12:54:04'),
	(1624105920734236675, 1024996147695079329, '李昌武', '18877776666', 'wckdy002', 10, '2023-02', 2, 1, 1575347921490882562, '2023-02-10 10:48:45', '2023-02-10 12:54:04'),
	(1624105921128501250, 1024997316655995489, '司东北', '17788887777', 'dbsj', 10, '2023-02', 3, 1, 1575347921490882562, '2023-02-10 10:53:24', '2023-02-10 12:54:03'),
	(1624105921128501251, 1025074399029692449, '王和平', '17788887777', 'hpkdy003', 10, '2023-02', 2, 1, 1575347921490882562, '2023-02-10 15:59:42', '2023-02-10 16:01:07'),
	(1624105921128501252, 1025104059952247329, '司华南', '17788887777', 'hnsj001', 10, '2023-02', 3, 1, 1575258946549919745, '2023-02-10 17:57:36', '2023-02-10 09:40:21'),
	(1624105921132695554, 1025104550799061921, '司深圳', '18877776666', 'szsj001', 10, '2023-02', 3, 1, 1575258946549919745, '2023-02-10 17:59:31', '2023-02-10 09:40:21'),
	(1624105921132695555, 1025109259005971617, '王光明', '18877776666', 'gmkdy001', 10, '2023-02', 2, 1, 1575258946549919745, '2023-02-10 18:18:13', '2023-02-10 09:40:03'),
	(1624105921132695556, 1025110041134617825, '王保安', '18877776666', 'bakdy001', 10, '2023-02', 2, 1, 1575258946549919745, '2023-02-10 18:21:20', '2023-02-10 09:40:03'),
	(1624105921132695557, 1025110490961140193, '王明光', '16677779999', 'gmkdy002', 10, '2023-02', 2, 1, 1575258946549919745, '2023-02-10 18:23:07', '2023-02-10 09:40:02'),
	(1624105921132695558, 1025110675888003969, '王安宝', '16677776666', 'bakdy002', 10, '2023-02', 2, 1, 1575258946549919745, '2023-02-10 18:23:51', '2023-02-10 09:40:02'),
	(1624105921132695559, 1025110935532199265, '王越秀', '16688886666', 'yxkdy001', 10, '2023-02', 2, 1, 1575258946549919745, '2023-02-10 18:24:53', '2023-02-10 09:40:02'),
	(1624105921132695560, 1025111112225644097, '王华都', '17799995555', 'hdkdy001', 10, '2023-02', 2, 1, 1575258946549919745, '2023-02-10 18:25:37', '2023-02-10 09:40:02'),
	(1624105921132695561, 1025111247919767297, '王都花', '16677776666', 'hdkdy002', 10, '2023-02', 2, 1, 1575258946549919745, '2023-02-10 18:26:07', '2023-02-10 09:40:02'),
	(1624105921136889858, 1025111573938823425, '王秀越', '17788887777', 'yxkdy002', 10, '2023-02', 2, 1, 1575258946549919745, '2023-02-10 18:27:25', '2023-02-10 09:40:02'),
	(1624105921136889859, 1025112013736764417, '司广州', '18877770000', 'gzsj', 10, '2023-02', 3, 1, 1575258946549919745, '2023-02-10 18:29:10', '2023-02-10 09:40:01'),
	(1624105921136889860, 1025428687312684929, '张成飞', '18866666666', 'sl001', 10, '2023-02', 1, 1, 1575258946549919745, '2023-02-10 15:27:31', '2023-02-10 09:50:38'),
	(1624105921136889861, 1027527374507700225, '张调马', '13111332426', 'sldd001', 10, '2023-02', 1, 1, 1575259393138438146, '2023-02-10 10:26:57', '2023-02-10 13:38:23'),
	(1624468312777363457, 1024738476802799553, '周一', '13571250987', 'xbsj001', 11, '2023-02', 3, 1, 1575259393138438146, '2023-02-11 17:44:52', '2023-02-11 11:16:37'),
	(1624468312777363458, 1024738594893428865, '周二', '18500224566', 'xbsj002', 11, '2023-02', 3, 1, 1575259393138438146, '2023-02-11 17:45:20', '2023-02-11 11:16:37'),
	(1624468312781557761, 1024741978908228513, '吴用', '18500766555', 'xnsj001', 11, '2023-02', 3, 1, 1575259393138438146, '2023-02-11 17:58:47', '2023-02-11 11:16:37'),
	(1624468312781557762, 1024742117286706369, '吴西', '18346766666', 'xnsj002', 11, '2023-02', 3, 1, 1575259393138438146, '2023-02-11 17:59:20', '2023-02-11 11:16:37'),
	(1624468312781557763, 1024742265953811937, '成功', '18950867777', 'cdsj001', 11, '2023-02', 3, 1, 1575259393138438146, '2023-02-11 17:59:55', '2023-02-11 11:17:58'),
	(1624468312781557764, 1024742403489234657, '成仁', '18394867666', 'cdsj002', 11, '2023-02', 3, 1, 1575259393138438146, '2023-02-11 18:00:28', '2023-02-11 11:17:58'),
	(1624468312781557765, 1024976390379916929, '西王', '18355544444', 'xasj001', 11, '2023-02', 3, 1, 1575259393138438146, '2023-02-11 09:30:15', '2023-02-11 11:17:58'),
	(1624468312781557766, 1024976605161836353, '西米', '17655555555', 'xasj002', 11, '2023-02', 3, 1, 1575259393138438146, '2023-02-11 09:31:06', '2023-02-11 11:17:58'),
	(1624468312781557767, 1024976781221941281, '贝林', '13434343434', 'blkdy001', 11, '2023-02', 2, 1, 1575259393138438146, '2023-02-11 09:31:48', '2023-02-11 11:17:58'),
	(1624468312781557768, 1024976941658263777, '贝小贝', '13433434544', 'blkdy002', 11, '2023-02', 2, 1, 1575259393138438146, '2023-02-11 09:32:27', '2023-02-11 11:17:57'),
	(1624468312781557769, 1024977078208025057, '长小名', '18364636473', 'casj001', 11, '2023-02', 2, 1, 1575259393138438146, '2023-02-11 09:32:59', '2023-02-11 11:17:57'),
	(1624468312781557770, 1024977221418341025, '长城', '13445657565', 'casj002', 11, '2023-02', 2, 1, 1575259393138438146, '2023-02-11 09:33:33', '2023-02-11 11:17:57'),
	(1624468312781557771, 1024977388880122881, '金元宝', '18374673467', 'jnkdy001', 11, '2023-02', 2, 1, 1575259393138438146, '2023-02-11 09:34:13', '2023-02-11 11:17:56'),
	(1624468312781557772, 1024977522992993473, '金开', '18374734736', 'jnkdy002', 11, '2023-02', 2, 1, 1575259393138438146, '2023-02-11 09:34:45', '2023-02-11 11:17:55'),
	(1624468312781557773, 1024977621806601633, '青青', '18273827382', 'qykdy001', 11, '2023-02', 2, 1, 1575259393138438146, '2023-02-11 09:35:08', '2023-02-11 11:18:18'),
	(1624468312785752066, 1024977719693268993, '青风', '18273872382', 'qykdy002', 11, '2023-02', 2, 1, 1575259393138438146, '2023-02-11 09:35:32', '2023-02-11 11:18:18'),
	(1624468312785752067, 1024984140988150081, '华亮', '18837473473', 'hdsj001', 11, '2023-02', 3, 1, 1575259393138438146, '2023-02-11 10:01:03', '2023-02-11 11:18:18'),
	(1624468313188405249, 1024984230121304705, '华明', '13454545454', 'hdsj002', 11, '2023-02', 3, 1, 1575259393138438146, '2023-02-11 10:01:24', '2023-02-11 11:18:18'),
	(1624468313188405250, 1024984365991588705, '海明月', '18566666667', 'shsj001', 11, '2023-02', 3, 1, 1575259393138438146, '2023-02-11 10:01:57', '2023-02-11 11:18:17'),
	(1624468313188405251, 1024984516357387297, '海阔', '18734736473', 'shsj002', 11, '2023-02', 3, 1, 1575259393138438146, '2023-02-11 10:02:32', '2023-02-11 11:18:17'),
	(1624468313188405252, 1024984720745821569, '周生生', '18776676767', 'hkkdy001', 11, '2023-02', 2, 1, 1575259393138438146, '2023-02-11 10:03:21', '2023-02-11 11:18:17'),
	(1624468313188405253, 1024984891772761697, '周生辰', '13434343434', 'hkkdy002', 11, '2023-02', 2, 1, 1575259393138438146, '2023-02-11 10:04:02', '2023-02-11 11:18:17'),
	(1624468313192599554, 1024985344870841121, '刘徽', '18737373647', 'pdkdy001', 11, '2023-02', 2, 1, 1575259393138438146, '2023-02-11 10:05:50', '2023-02-11 11:18:17'),
	(1624468313192599555, 1024985481462545409, '萧晏', '18737473647', 'pdkdy002', 11, '2023-02', 2, 1, 1575259393138438146, '2023-02-11 10:06:22', '2023-02-11 11:18:17'),
	(1624468313192599556, 1024985621531327777, '平秦王', '18723736473', 'hbsj001', 11, '2023-02', 3, 1, 1575259393138438146, '2023-02-11 10:06:56', '2023-02-11 11:18:48'),
	(1624468313192599557, 1024986076978217057, '长孙杰', '13987675455', 'hbsj002', 11, '2023-02', 3, 1, 1575259393138438146, '2023-02-11 10:08:44', '2023-02-11 11:18:48'),
	(1624468313192599558, 1024986455853892225, '漼时宜', '17898989565', 'bjsj002', 11, '2023-02', 3, 1, 1575259393138438146, '2023-02-11 10:10:15', '2023-02-11 11:18:48'),
	(1624468313192599559, 1024987310187482529, '宏晓誉', '18737437483', 'bjsj001', 11, '2023-02', 3, 1, 1575259393138438146, '2023-02-11 10:13:38', '2023-02-11 11:18:48'),
	(1624468313192599560, 1024987378881793537, '司沈阳', '13311111222', 'sysj001', 11, '2023-02', 3, 1, 1575259393138438146, '2023-02-11 10:13:57', '2023-02-11 11:18:48'),
	(1624468313192599561, 1024987860782158145, '顺意', '18734736473', 'sykdy001', 11, '2023-02', 2, 1, 1575259393138438146, '2023-02-11 10:15:50', '2023-02-11 11:18:48'),
	(1624468313192599562, 1024987931753976513, '顺心', '17647657465', 'sykdy002', 11, '2023-02', 2, 1, 1575259393138438146, '2023-02-11 10:16:07', '2023-02-11 11:18:48'),
	(1624468313192599563, 1024988097613534273, '景昌', '18784574758', 'cpkdy001', 11, '2023-02', 2, 1, 1575259393138438146, '2023-02-11 10:16:46', '2023-02-11 11:18:48'),
	(1624468313192599564, 1024988171324232993, '景元', '18783748374', 'cpkdy002', 11, '2023-02', 2, 1, 1575259393138438146, '2023-02-11 10:17:04', '2023-02-11 11:18:48'),
	(1624468313192599565, 1024988319861315553, '李和平', '13355554444', 'hpkdy001', 11, '2023-02', 2, 1, 1575347921490882562, '2023-02-11 10:17:39', '2023-02-11 16:06:11'),
	(1624468313196793858, 1024988498702245281, '李平和', '17788889999', 'hpkdy002', 11, '2023-02', 2, 1, 1575347921490882562, '2023-02-11 10:18:22', '2023-02-11 16:05:52'),
	(1624468313196793859, 1024988744815617761, '李姑皇', '17766667777', 'gukdy001', 11, '2023-02', 2, 1, 1575347921490882562, '2023-02-11 10:19:20', '2023-02-11 18:26:28'),
	(1624468313196793860, 1024989856838856577, '李皇姑', '18877776666', 'hgkdy002', 11, '2023-02', 2, 1, 1575347921490882562, '2023-02-11 10:23:46', '2023-02-11 18:28:37'),
	(1624468313196793861, 1024994498993865153, '司华中', '18877776666', 'hzsj', 11, '2023-02', 3, 1, 1575347921490882562, '2023-02-11 10:42:12', '2023-02-11 12:54:04'),
	(1624468313196793862, 1024994711959651169, '司武汉', '17788887777', 'whsj', 11, '2023-02', 3, 1, 1575347921490882562, '2023-02-11 10:43:03', '2023-02-11 15:55:24'),
	(1624468313196793863, 1024995063794648993, '李江汉', '17799990000', 'jhkdy001', 11, '2023-02', 2, 1, 1575347921490882562, '2023-02-11 10:44:27', '2023-02-11 12:54:04'),
	(1624468313196793864, 1024995257768626273, '李汉江', '17788882222', 'jhkdy002', 11, '2023-02', 2, 1, 1575347921490882562, '2023-02-11 10:45:13', '2023-02-11 09:50:15'),
	(1624468313196793865, 1024995991193013985, '李武昌', '18877778888', 'wckdy001', 11, '2023-02', 2, 1, 1575347921490882562, '2023-02-11 10:48:08', '2023-02-11 12:54:04'),
	(1624468313196793866, 1024996147695079329, '李昌武', '18877776666', 'wckdy002', 11, '2023-02', 2, 1, 1575347921490882562, '2023-02-11 10:48:45', '2023-02-11 12:54:04'),
	(1624468313196793867, 1024997316655995489, '司东北', '17788887777', 'dbsj', 11, '2023-02', 3, 1, 1575347921490882562, '2023-02-11 10:53:24', '2023-02-11 12:54:03'),
	(1624468313196793868, 1025074399029692449, '王和平', '17788887777', 'hpkdy003', 11, '2023-02', 2, 1, 1575347921490882562, '2023-02-11 15:59:42', '2023-02-11 16:01:07'),
	(1624468313196793869, 1027527374507700225, '张调马', '13111332426', 'sldd001', 11, '2023-02', 1, 1, 1575259393138438146, '2023-02-11 10:26:57', '2023-02-11 13:38:23'),
	(1624830696494796802, 1024988319861315553, '李和平', '13355554444', 'hpkdy001', 12, '2023-02', 2, 1, 1575347921490882562, '2023-02-12 10:17:39', '2023-02-12 16:06:11'),
	(1624830696494796803, 1024988498702245281, '李平和', '17788889999', 'hpkdy002', 12, '2023-02', 2, 1, 1575347921490882562, '2023-02-12 10:18:22', '2023-02-12 16:05:52'),
	(1624830696494796804, 1024988744815617761, '李姑皇', '17766667777', 'gukdy001', 12, '2023-02', 2, 1, 1575347921490882562, '2023-02-12 10:19:20', '2023-02-12 18:26:28'),
	(1624830696494796805, 1024989856838856577, '李皇姑', '18877776666', 'hgkdy002', 12, '2023-02', 2, 1, 1575347921490882562, '2023-02-12 10:23:46', '2023-02-12 18:28:37'),
	(1624830696494796806, 1024994498993865153, '司华中', '18877776666', 'hzsj', 12, '2023-02', 3, 1, 1575347921490882562, '2023-02-12 10:42:12', '2023-02-12 12:54:04'),
	(1624830696494796807, 1024994711959651169, '司武汉', '17788887777', 'whsj', 12, '2023-02', 3, 1, 1575347921490882562, '2023-02-12 10:43:03', '2023-02-12 15:55:24'),
	(1624830696498991105, 1024995063794648993, '李江汉', '17799990000', 'jhkdy001', 12, '2023-02', 2, 1, 1575347921490882562, '2023-02-12 10:44:27', '2023-02-12 12:54:04'),
	(1624830696498991106, 1024995257768626273, '李汉江', '17788882222', 'jhkdy002', 12, '2023-02', 2, 1, 1575347921490882562, '2023-02-12 10:45:13', '2023-02-12 09:50:15'),
	(1624830696498991107, 1024995991193013985, '李武昌', '18877778888', 'wckdy001', 12, '2023-02', 2, 1, 1575347921490882562, '2023-02-12 10:48:08', '2023-02-12 12:54:04'),
	(1624830696498991108, 1024996147695079329, '李昌武', '18877776666', 'wckdy002', 12, '2023-02', 2, 1, 1575347921490882562, '2023-02-12 10:48:45', '2023-02-12 12:54:04'),
	(1624830696859701249, 1024997316655995489, '司东北', '17788887777', 'dbsj', 12, '2023-02', 3, 1, 1575347921490882562, '2023-02-12 10:53:24', '2023-02-12 12:54:03'),
	(1624830696859701250, 1025074399029692449, '王和平', '17788887777', 'hpkdy003', 12, '2023-02', 2, 1, 1575347921490882562, '2023-02-12 15:59:42', '2023-02-12 16:01:07'),
	(1625193084335230977, 1024738476802799553, '周一', '13571250987', 'xbsj001', 13, '2023-02', 3, 1, 1575259393138438146, '2023-02-13 17:44:52', '2023-02-13 11:16:37'),
	(1625193084339425282, 1024738594893428865, '周二', '18500224566', 'xbsj002', 13, '2023-02', 3, 1, 1575259393138438146, '2023-02-13 17:45:20', '2023-02-13 11:16:37'),
	(1625193084339425283, 1024741978908228513, '吴用', '18500766555', 'xnsj001', 13, '2023-02', 3, 1, 1575259393138438146, '2023-02-13 17:58:47', '2023-02-13 11:16:37'),
	(1625193084746272769, 1024742117286706369, '吴西', '18346766666', 'xnsj002', 13, '2023-02', 3, 1, 1575259393138438146, '2023-02-13 17:59:20', '2023-02-13 11:16:37'),
	(1625193084746272770, 1024742265953811937, '成功', '18950867777', 'cdsj001', 13, '2023-02', 3, 1, 1575259393138438146, '2023-02-13 17:59:55', '2023-02-13 11:17:58'),
	(1625193084746272771, 1024742403489234657, '成仁', '18394867666', 'cdsj002', 13, '2023-02', 3, 1, 1575259393138438146, '2023-02-13 18:00:28', '2023-02-13 11:17:58'),
	(1625193084746272772, 1024976390379916929, '西王', '18355544444', 'xasj001', 13, '2023-02', 3, 1, 1575259393138438146, '2023-02-13 09:30:15', '2023-02-13 11:17:58'),
	(1625193084746272773, 1024976605161836353, '西米', '17655555555', 'xasj002', 13, '2023-02', 3, 1, 1575259393138438146, '2023-02-13 09:31:06', '2023-02-13 11:17:58'),
	(1625193084746272774, 1024976781221941281, '贝林', '13434343434', 'blkdy001', 13, '2023-02', 2, 1, 1575259393138438146, '2023-02-13 09:31:48', '2023-02-13 11:17:58'),
	(1625193084746272775, 1024976941658263777, '贝小贝', '13433434544', 'blkdy002', 13, '2023-02', 2, 1, 1575259393138438146, '2023-02-13 09:32:27', '2023-02-13 11:17:57'),
	(1625193084746272776, 1024977078208025057, '长小名', '18364636473', 'casj001', 13, '2023-02', 2, 1, 1575259393138438146, '2023-02-13 09:32:59', '2023-02-13 11:17:57'),
	(1625193084746272777, 1024977221418341025, '长城', '13445657565', 'casj002', 13, '2023-02', 2, 1, 1575259393138438146, '2023-02-13 09:33:33', '2023-02-13 11:17:57'),
	(1625193084746272778, 1024977388880122881, '金元宝', '18374673467', 'jnkdy001', 13, '2023-02', 2, 1, 1575259393138438146, '2023-02-13 09:34:13', '2023-02-13 11:17:56'),
	(1625193084750467074, 1024977522992993473, '金开', '18374734736', 'jnkdy002', 13, '2023-02', 2, 1, 1575259393138438146, '2023-02-13 09:34:45', '2023-02-13 11:17:55'),
	(1625193084750467075, 1024977621806601633, '青青', '18273827382', 'qykdy001', 13, '2023-02', 2, 1, 1575259393138438146, '2023-02-13 09:35:08', '2023-02-13 11:18:18'),
	(1625193084750467076, 1024977719693268993, '青风', '18273872382', 'qykdy002', 13, '2023-02', 2, 1, 1575259393138438146, '2023-02-13 09:35:32', '2023-02-13 11:18:18'),
	(1625193084750467077, 1024984140988150081, '华亮', '18837473473', 'hdsj001', 13, '2023-02', 3, 1, 1575259393138438146, '2023-02-13 10:01:03', '2023-02-13 11:18:18'),
	(1625193085144731649, 1024984230121304705, '华明', '13454545454', 'hdsj002', 13, '2023-02', 3, 1, 1575259393138438146, '2023-02-13 10:01:24', '2023-02-13 11:18:18'),
	(1625193085144731650, 1024984365991588705, '海明月', '18566666667', 'shsj001', 13, '2023-02', 3, 1, 1575259393138438146, '2023-02-13 10:01:57', '2023-02-13 11:18:17'),
	(1625193085144731651, 1024984516357387297, '海阔', '18734736473', 'shsj002', 13, '2023-02', 3, 1, 1575259393138438146, '2023-02-13 10:02:32', '2023-02-13 11:18:17'),
	(1625193085144731652, 1024984720745821569, '周生生', '18776676767', 'hkkdy001', 13, '2023-02', 2, 1, 1575259393138438146, '2023-02-13 10:03:21', '2023-02-13 11:18:17'),
	(1625193085148925953, 1024984891772761697, '周生辰', '13434343434', 'hkkdy002', 13, '2023-02', 2, 1, 1575259393138438146, '2023-02-13 10:04:02', '2023-02-13 11:18:17'),
	(1625193085148925954, 1024985344870841121, '刘徽', '18737373647', 'pdkdy001', 13, '2023-02', 2, 1, 1575259393138438146, '2023-02-13 10:05:50', '2023-02-13 11:18:17'),
	(1625193085148925955, 1024985481462545409, '萧晏', '18737473647', 'pdkdy002', 13, '2023-02', 2, 1, 1575259393138438146, '2023-02-13 10:06:22', '2023-02-13 11:18:17'),
	(1625193085148925956, 1024985621531327777, '平秦王', '18723736473', 'hbsj001', 13, '2023-02', 3, 1, 1575259393138438146, '2023-02-13 10:06:56', '2023-02-13 11:18:48'),
	(1625193085148925957, 1024986076978217057, '长孙杰', '13987675455', 'hbsj002', 13, '2023-02', 3, 1, 1575259393138438146, '2023-02-13 10:08:44', '2023-02-13 11:18:48'),
	(1625193085148925958, 1024986455853892225, '漼时宜', '17898989565', 'bjsj002', 13, '2023-02', 3, 1, 1575259393138438146, '2023-02-13 10:10:15', '2023-02-13 11:18:48'),
	(1625193085148925959, 1024987310187482529, '宏晓誉', '18737437483', 'bjsj001', 13, '2023-02', 3, 1, 1575259393138438146, '2023-02-13 10:13:38', '2023-02-13 11:18:48'),
	(1625193085148925960, 1024987378881793537, '司沈阳', '13311111222', 'sysj001', 13, '2023-02', 3, 1, 1575259393138438146, '2023-02-13 10:13:57', '2023-02-13 11:18:48'),
	(1625193085148925961, 1024987860782158145, '顺意', '18734736473', 'sykdy001', 13, '2023-02', 2, 1, 1575259393138438146, '2023-02-13 10:15:50', '2023-02-13 11:18:48'),
	(1625193085148925962, 1024987931753976513, '顺心', '17647657465', 'sykdy002', 13, '2023-02', 2, 1, 1575259393138438146, '2023-02-13 10:16:07', '2023-02-13 11:18:48'),
	(1625193085148925963, 1024988097613534273, '景昌', '18784574758', 'cpkdy001', 13, '2023-02', 2, 1, 1575259393138438146, '2023-02-13 10:16:46', '2023-02-13 11:18:48'),
	(1625193085153120258, 1024988171324232993, '景元', '18783748374', 'cpkdy002', 13, '2023-02', 2, 1, 1575259393138438146, '2023-02-13 10:17:04', '2023-02-13 11:18:48'),
	(1625193085153120259, 1024988319861315553, '李和平', '13355554444', 'hpkdy001', 13, '2023-02', 2, 1, 1575347921490882562, '2023-02-13 10:17:39', '2023-02-13 16:06:11'),
	(1625193085153120260, 1024988498702245281, '李平和', '17788889999', 'hpkdy002', 13, '2023-02', 2, 1, 1575347921490882562, '2023-02-13 10:18:22', '2023-02-13 16:05:52'),
	(1625193085153120261, 1024988744815617761, '李姑皇', '17766667777', 'gukdy001', 13, '2023-02', 2, 1, 1575347921490882562, '2023-02-13 10:19:20', '2023-02-13 18:26:28'),
	(1625193085153120262, 1024989856838856577, '李皇姑', '18877776666', 'hgkdy002', 13, '2023-02', 2, 1, 1575347921490882562, '2023-02-13 10:23:46', '2023-02-13 18:28:37'),
	(1625193085153120263, 1024994498993865153, '司华中', '18877776666', 'hzsj', 13, '2023-02', 3, 1, 1575347921490882562, '2023-02-13 10:42:12', '2023-02-13 12:54:04'),
	(1625193085153120264, 1024994711959651169, '司武汉', '17788887777', 'whsj', 13, '2023-02', 3, 1, 1575347921490882562, '2023-02-13 10:43:03', '2023-02-13 15:55:24'),
	(1625193085153120265, 1024995063794648993, '李江汉', '17799990000', 'jhkdy001', 13, '2023-02', 2, 1, 1575347921490882562, '2023-02-13 10:44:27', '2023-02-13 12:54:04'),
	(1625193085153120266, 1024995257768626273, '李汉江', '17788882222', 'jhkdy002', 13, '2023-02', 2, 1, 1575347921490882562, '2023-02-13 10:45:13', '2023-02-13 09:50:15'),
	(1625193085153120267, 1024995991193013985, '李武昌', '18877778888', 'wckdy001', 13, '2023-02', 2, 1, 1575347921490882562, '2023-02-13 10:48:08', '2023-02-13 12:54:04'),
	(1625193085153120268, 1024996147695079329, '李昌武', '18877776666', 'wckdy002', 13, '2023-02', 2, 1, 1575347921490882562, '2023-02-13 10:48:45', '2023-02-13 12:54:04'),
	(1625193085153120269, 1024997316655995489, '司东北', '17788887777', 'dbsj', 13, '2023-02', 3, 1, 1575347921490882562, '2023-02-13 10:53:24', '2023-02-13 12:54:03'),
	(1625193085153120270, 1025074399029692449, '王和平', '17788887777', 'hpkdy003', 13, '2023-02', 2, 1, 1575347921490882562, '2023-02-13 15:59:42', '2023-02-13 16:01:07'),
	(1625193085153120271, 1025104059952247329, '司华南', '17788887777', 'hnsj001', 13, '2023-02', 3, 1, 1575258946549919745, '2023-02-13 17:57:36', '2023-02-13 09:40:21'),
	(1625193085153120272, 1025104550799061921, '司深圳', '18877776666', 'szsj001', 13, '2023-02', 3, 1, 1575258946549919745, '2023-02-13 17:59:31', '2023-02-13 09:40:21'),
	(1625193085161508866, 1025109259005971617, '王光明', '18877776666', 'gmkdy001', 13, '2023-02', 2, 1, 1575258946549919745, '2023-02-13 18:18:13', '2023-02-13 09:40:03'),
	(1625193085161508867, 1025110041134617825, '王保安', '18877776666', 'bakdy001', 13, '2023-02', 2, 1, 1575258946549919745, '2023-02-13 18:21:20', '2023-02-13 09:40:03'),
	(1625193085161508868, 1025110490961140193, '王明光', '16677779999', 'gmkdy002', 13, '2023-02', 2, 1, 1575258946549919745, '2023-02-13 18:23:07', '2023-02-13 09:40:02'),
	(1625193085161508869, 1025110675888003969, '王安宝', '16677776666', 'bakdy002', 13, '2023-02', 2, 1, 1575258946549919745, '2023-02-13 18:23:51', '2023-02-13 09:40:02'),
	(1625193085161508870, 1025110935532199265, '王越秀', '16688886666', 'yxkdy001', 13, '2023-02', 2, 1, 1575258946549919745, '2023-02-13 18:24:53', '2023-02-13 09:40:02'),
	(1625193085161508871, 1025111112225644097, '王华都', '17799995555', 'hdkdy001', 13, '2023-02', 2, 1, 1575258946549919745, '2023-02-13 18:25:37', '2023-02-13 09:40:02'),
	(1625193085161508872, 1025111247919767297, '王都花', '16677776666', 'hdkdy002', 13, '2023-02', 2, 1, 1575258946549919745, '2023-02-13 18:26:07', '2023-02-13 09:40:02'),
	(1625193085161508873, 1025111573938823425, '王秀越', '17788887777', 'yxkdy002', 13, '2023-02', 2, 1, 1575258946549919745, '2023-02-13 18:27:25', '2023-02-13 09:40:02'),
	(1625193085161508874, 1025112013736764417, '司广州', '18877770000', 'gzsj', 13, '2023-02', 3, 1, 1575258946549919745, '2023-02-13 18:29:10', '2023-02-13 09:40:01'),
	(1625193085161508875, 1025428687312684929, '张成飞', '18866666666', 'sl001', 13, '2023-02', 1, 1, 1575258946549919745, '2023-02-13 15:27:31', '2023-02-13 09:50:38'),
	(1625193085161508876, 1027527374507700225, '张调马', '13111332426', 'sldd001', 13, '2023-02', 1, 1, 1575259393138438146, '2023-02-13 10:26:57', '2023-02-13 13:38:23'),
	(1625555473429762050, 1024738476802799553, '周一', '13571250987', 'xbsj001', 14, '2023-02', 3, 1, 1575259393138438146, '2023-02-14 17:44:52', '2023-02-14 11:16:37'),
	(1625555473433956353, 1024738594893428865, '周二', '18500224566', 'xbsj002', 14, '2023-02', 3, 1, 1575259393138438146, '2023-02-14 17:45:20', '2023-02-14 11:16:37'),
	(1625555473433956354, 1024741978908228513, '吴用', '18500766555', 'xnsj001', 14, '2023-02', 3, 1, 1575259393138438146, '2023-02-14 17:58:47', '2023-02-14 11:16:37'),
	(1625555473433956355, 1024742117286706369, '吴西', '18346766666', 'xnsj002', 14, '2023-02', 3, 1, 1575259393138438146, '2023-02-14 17:59:20', '2023-02-14 11:16:37'),
	(1625555473433956356, 1024742265953811937, '成功', '18950867777', 'cdsj001', 14, '2023-02', 3, 1, 1575259393138438146, '2023-02-14 17:59:55', '2023-02-14 11:17:58'),
	(1625555473433956357, 1024742403489234657, '成仁', '18394867666', 'cdsj002', 14, '2023-02', 3, 1, 1575259393138438146, '2023-02-14 18:00:28', '2023-02-14 11:17:58'),
	(1625555473433956358, 1024976390379916929, '西王', '18355544444', 'xasj001', 14, '2023-02', 3, 1, 1575259393138438146, '2023-02-14 09:30:15', '2023-02-14 11:17:58'),
	(1625555473433956359, 1024976605161836353, '西米', '17655555555', 'xasj002', 14, '2023-02', 3, 1, 1575259393138438146, '2023-02-14 09:31:06', '2023-02-14 11:17:58'),
	(1625555473433956360, 1024976781221941281, '贝林', '13434343434', 'blkdy001', 14, '2023-02', 2, 1, 1575259393138438146, '2023-02-14 09:31:48', '2023-02-14 11:17:58'),
	(1625555473433956361, 1024976941658263777, '贝小贝', '13433434544', 'blkdy002', 14, '2023-02', 2, 1, 1575259393138438146, '2023-02-14 09:32:27', '2023-02-14 11:17:57'),
	(1625555473438150657, 1024977078208025057, '长小名', '18364636473', 'casj001', 14, '2023-02', 2, 1, 1575259393138438146, '2023-02-14 09:32:59', '2023-02-14 11:17:57'),
	(1625555473438150658, 1024977221418341025, '长城', '13445657565', 'casj002', 14, '2023-02', 2, 1, 1575259393138438146, '2023-02-14 09:33:33', '2023-02-14 11:17:57'),
	(1625555473438150659, 1024977388880122881, '金元宝', '18374673467', 'jnkdy001', 14, '2023-02', 2, 1, 1575259393138438146, '2023-02-14 09:34:13', '2023-02-14 11:17:56'),
	(1625555473438150660, 1024977522992993473, '金开', '18374734736', 'jnkdy002', 14, '2023-02', 2, 1, 1575259393138438146, '2023-02-14 09:34:45', '2023-02-14 11:17:55'),
	(1625555473438150661, 1024977621806601633, '青青', '18273827382', 'qykdy001', 14, '2023-02', 2, 1, 1575259393138438146, '2023-02-14 09:35:08', '2023-02-14 11:18:18'),
	(1625555473438150662, 1024977719693268993, '青风', '18273872382', 'qykdy002', 14, '2023-02', 2, 1, 1575259393138438146, '2023-02-14 09:35:32', '2023-02-14 11:18:18'),
	(1625555473438150663, 1024984140988150081, '华亮', '18837473473', 'hdsj001', 14, '2023-02', 3, 1, 1575259393138438146, '2023-02-14 10:01:03', '2023-02-14 11:18:18'),
	(1625555473438150664, 1024984230121304705, '华明', '13454545454', 'hdsj002', 14, '2023-02', 3, 1, 1575259393138438146, '2023-02-14 10:01:24', '2023-02-14 11:18:18'),
	(1625555473438150665, 1024984365991588705, '海明月', '18566666667', 'shsj001', 14, '2023-02', 3, 1, 1575259393138438146, '2023-02-14 10:01:57', '2023-02-14 11:18:17'),
	(1625555473442344961, 1024984516357387297, '海阔', '18734736473', 'shsj002', 14, '2023-02', 3, 1, 1575259393138438146, '2023-02-14 10:02:32', '2023-02-14 11:18:17'),
	(1625555473442344962, 1024984720745821569, '周生生', '18776676767', 'hkkdy001', 14, '2023-02', 2, 1, 1575259393138438146, '2023-02-14 10:03:21', '2023-02-14 11:18:17'),
	(1625555473442344963, 1024984891772761697, '周生辰', '13434343434', 'hkkdy002', 14, '2023-02', 2, 1, 1575259393138438146, '2023-02-14 10:04:02', '2023-02-14 11:18:17'),
	(1625555473442344964, 1024985344870841121, '刘徽', '18737373647', 'pdkdy001', 14, '2023-02', 2, 1, 1575259393138438146, '2023-02-14 10:05:50', '2023-02-14 11:18:17'),
	(1625555473442344965, 1024985481462545409, '萧晏', '18737473647', 'pdkdy002', 14, '2023-02', 2, 1, 1575259393138438146, '2023-02-14 10:06:22', '2023-02-14 11:18:17'),
	(1625555473442344966, 1024985621531327777, '平秦王', '18723736473', 'hbsj001', 14, '2023-02', 3, 1, 1575259393138438146, '2023-02-14 10:06:56', '2023-02-14 11:18:48'),
	(1625555473442344967, 1024986076978217057, '长孙杰', '13987675455', 'hbsj002', 14, '2023-02', 3, 1, 1575259393138438146, '2023-02-14 10:08:44', '2023-02-14 11:18:48'),
	(1625555473442344968, 1024986455853892225, '漼时宜', '17898989565', 'bjsj002', 14, '2023-02', 3, 1, 1575259393138438146, '2023-02-14 10:10:15', '2023-02-14 11:18:48'),
	(1625555473446539265, 1024987310187482529, '宏晓誉', '18737437483', 'bjsj001', 14, '2023-02', 3, 1, 1575259393138438146, '2023-02-14 10:13:38', '2023-02-14 11:18:48'),
	(1625555473446539266, 1024987378881793537, '司沈阳', '13311111222', 'sysj001', 14, '2023-02', 3, 1, 1575259393138438146, '2023-02-14 10:13:57', '2023-02-14 11:18:48'),
	(1625555473446539267, 1024987860782158145, '顺意', '18734736473', 'sykdy001', 14, '2023-02', 2, 1, 1575259393138438146, '2023-02-14 10:15:50', '2023-02-14 11:18:48'),
	(1625555473446539268, 1024987931753976513, '顺心', '17647657465', 'sykdy002', 14, '2023-02', 2, 1, 1575259393138438146, '2023-02-14 10:16:07', '2023-02-14 11:18:48'),
	(1625555473446539269, 1024988097613534273, '景昌', '18784574758', 'cpkdy001', 14, '2023-02', 2, 1, 1575259393138438146, '2023-02-14 10:16:46', '2023-02-14 11:18:48'),
	(1625555473446539270, 1024988171324232993, '景元', '18783748374', 'cpkdy002', 14, '2023-02', 2, 1, 1575259393138438146, '2023-02-14 10:17:04', '2023-02-14 11:18:48'),
	(1625555473446539271, 1024988319861315553, '李和平', '13355554444', 'hpkdy001', 14, '2023-02', 2, 1, 1575347921490882562, '2023-02-14 10:17:39', '2023-02-14 16:06:11'),
	(1625555473446539272, 1024988498702245281, '李平和', '17788889999', 'hpkdy002', 14, '2023-02', 2, 1, 1575347921490882562, '2023-02-14 10:18:22', '2023-02-14 16:05:52'),
	(1625555473446539273, 1024988744815617761, '李姑皇', '17766667777', 'gukdy001', 14, '2023-02', 2, 1, 1575347921490882562, '2023-02-14 10:19:20', '2023-02-14 18:26:28'),
	(1625555473849192449, 1024989856838856577, '李皇姑', '18877776666', 'hgkdy002', 14, '2023-02', 2, 1, 1575347921490882562, '2023-02-14 10:23:46', '2023-02-14 18:28:37'),
	(1625555473849192450, 1024994498993865153, '司华中', '18877776666', 'hzsj', 14, '2023-02', 3, 1, 1575347921490882562, '2023-02-14 10:42:12', '2023-02-14 12:54:04'),
	(1625555473870163970, 1024994711959651169, '司武汉', '17788887777', 'whsj', 14, '2023-02', 3, 1, 1575347921490882562, '2023-02-14 10:43:03', '2023-02-14 15:55:24'),
	(1625555473870163971, 1024995063794648993, '李江汉', '17799990000', 'jhkdy001', 14, '2023-02', 2, 1, 1575347921490882562, '2023-02-14 10:44:27', '2023-02-14 12:54:04'),
	(1625555473870163972, 1024995257768626273, '李汉江', '17788882222', 'jhkdy002', 14, '2023-02', 2, 1, 1575347921490882562, '2023-02-14 10:45:13', '2023-02-14 09:50:15'),
	(1625555473870163973, 1024995991193013985, '李武昌', '18877778888', 'wckdy001', 14, '2023-02', 2, 1, 1575347921490882562, '2023-02-14 10:48:08', '2023-02-14 12:54:04'),
	(1625555473870163974, 1024996147695079329, '李昌武', '18877776666', 'wckdy002', 14, '2023-02', 2, 1, 1575347921490882562, '2023-02-14 10:48:45', '2023-02-14 12:54:04'),
	(1625555473870163975, 1024997316655995489, '司东北', '17788887777', 'dbsj', 14, '2023-02', 3, 1, 1575347921490882562, '2023-02-14 10:53:24', '2023-02-14 12:54:03'),
	(1625555473870163976, 1025074399029692449, '王和平', '17788887777', 'hpkdy003', 14, '2023-02', 2, 1, 1575347921490882562, '2023-02-14 15:59:42', '2023-02-14 16:01:07'),
	(1625555473870163977, 1025104059952247329, '司华南', '17788887777', 'hnsj001', 14, '2023-02', 3, 1, 1575258946549919745, '2023-02-14 17:57:36', '2023-02-14 09:40:21'),
	(1625555473870163978, 1025104550799061921, '司深圳', '18877776666', 'szsj001', 14, '2023-02', 3, 1, 1575258946549919745, '2023-02-14 17:59:31', '2023-02-14 09:40:21'),
	(1625555473870163979, 1025109259005971617, '王光明', '18877776666', 'gmkdy001', 14, '2023-02', 2, 1, 1575258946549919745, '2023-02-14 18:18:13', '2023-02-14 09:40:03'),
	(1625555473870163980, 1025110041134617825, '王保安', '18877776666', 'bakdy001', 14, '2023-02', 2, 1, 1575258946549919745, '2023-02-14 18:21:20', '2023-02-14 09:40:03'),
	(1625555473870163981, 1025110490961140193, '王明光', '16677779999', 'gmkdy002', 14, '2023-02', 2, 1, 1575258946549919745, '2023-02-14 18:23:07', '2023-02-14 09:40:02'),
	(1625555473874358273, 1025110675888003969, '王安宝', '16677776666', 'bakdy002', 14, '2023-02', 2, 1, 1575258946549919745, '2023-02-14 18:23:51', '2023-02-14 09:40:02'),
	(1625555473874358274, 1025110935532199265, '王越秀', '16688886666', 'yxkdy001', 14, '2023-02', 2, 1, 1575258946549919745, '2023-02-14 18:24:53', '2023-02-14 09:40:02'),
	(1625555473874358275, 1025111112225644097, '王华都', '17799995555', 'hdkdy001', 14, '2023-02', 2, 1, 1575258946549919745, '2023-02-14 18:25:37', '2023-02-14 09:40:02'),
	(1625555473874358276, 1025111247919767297, '王都花', '16677776666', 'hdkdy002', 14, '2023-02', 2, 1, 1575258946549919745, '2023-02-14 18:26:07', '2023-02-14 09:40:02'),
	(1625555473874358277, 1025111573938823425, '王秀越', '17788887777', 'yxkdy002', 14, '2023-02', 2, 1, 1575258946549919745, '2023-02-14 18:27:25', '2023-02-14 09:40:02'),
	(1625555473874358278, 1025112013736764417, '司广州', '18877770000', 'gzsj', 14, '2023-02', 3, 1, 1575258946549919745, '2023-02-14 18:29:10', '2023-02-14 09:40:01'),
	(1625555473874358279, 1025428687312684929, '张成飞', '18866666666', 'sl001', 14, '2023-02', 1, 1, 1575258946549919745, '2023-02-14 15:27:31', '2023-02-14 09:50:38'),
	(1625555473878552578, 1027527374507700225, '张调马', '13111332426', 'sldd001', 14, '2023-02', 1, 1, 1575259393138438146, '2023-02-14 10:26:57', '2023-02-14 13:38:23'),
	(1625917861760929793, 1024738476802799553, '周一', '13571250987', 'xbsj001', 15, '2023-02', 3, 1, 1575259393138438146, '2023-02-15 17:44:52', '2023-02-15 11:16:37'),
	(1625917861765124098, 1024738594893428865, '周二', '18500224566', 'xbsj002', 15, '2023-02', 3, 1, 1575259393138438146, '2023-02-15 17:45:20', '2023-02-15 11:16:37'),
	(1625917862138417153, 1024741978908228513, '吴用', '18500766555', 'xnsj001', 15, '2023-02', 3, 1, 1575259393138438146, '2023-02-15 17:58:47', '2023-02-15 11:16:37'),
	(1625917862138417154, 1024742117286706369, '吴西', '18346766666', 'xnsj002', 15, '2023-02', 3, 1, 1575259393138438146, '2023-02-15 17:59:20', '2023-02-15 11:16:37'),
	(1625917862138417155, 1024742265953811937, '成功', '18950867777', 'cdsj001', 15, '2023-02', 3, 1, 1575259393138438146, '2023-02-15 17:59:55', '2023-02-15 11:17:58'),
	(1625917862138417156, 1024742403489234657, '成仁', '18394867666', 'cdsj002', 15, '2023-02', 3, 1, 1575259393138438146, '2023-02-15 18:00:28', '2023-02-15 11:17:58'),
	(1625917862138417157, 1024976390379916929, '西王', '18355544444', 'xasj001', 15, '2023-02', 3, 1, 1575259393138438146, '2023-02-15 09:30:15', '2023-02-15 11:17:58'),
	(1625917862138417158, 1024976605161836353, '西米', '17655555555', 'xasj002', 15, '2023-02', 3, 1, 1575259393138438146, '2023-02-15 09:31:06', '2023-02-15 11:17:58'),
	(1625917862138417159, 1024976781221941281, '贝林', '13434343434', 'blkdy001', 15, '2023-02', 2, 1, 1575259393138438146, '2023-02-15 09:31:48', '2023-02-15 11:17:58'),
	(1625917862138417160, 1024976941658263777, '贝小贝', '13433434544', 'blkdy002', 15, '2023-02', 2, 1, 1575259393138438146, '2023-02-15 09:32:27', '2023-02-15 11:17:57'),
	(1625917862138417161, 1024977078208025057, '长小名', '18364636473', 'casj001', 15, '2023-02', 2, 1, 1575259393138438146, '2023-02-15 09:32:59', '2023-02-15 11:17:57'),
	(1625917862138417162, 1024977221418341025, '长城', '13445657565', 'casj002', 15, '2023-02', 2, 1, 1575259393138438146, '2023-02-15 09:33:33', '2023-02-15 11:17:57'),
	(1625917862138417163, 1024977388880122881, '金元宝', '18374673467', 'jnkdy001', 15, '2023-02', 2, 1, 1575259393138438146, '2023-02-15 09:34:13', '2023-02-15 11:17:56'),
	(1625917862138417164, 1024977522992993473, '金开', '18374734736', 'jnkdy002', 15, '2023-02', 2, 1, 1575259393138438146, '2023-02-15 09:34:45', '2023-02-15 11:17:55'),
	(1625917862138417165, 1024977621806601633, '青青', '18273827382', 'qykdy001', 15, '2023-02', 2, 1, 1575259393138438146, '2023-02-15 09:35:08', '2023-02-15 11:18:18'),
	(1625917862142611458, 1024977719693268993, '青风', '18273872382', 'qykdy002', 15, '2023-02', 2, 1, 1575259393138438146, '2023-02-15 09:35:32', '2023-02-15 11:18:18'),
	(1625917862142611459, 1024984140988150081, '华亮', '18837473473', 'hdsj001', 15, '2023-02', 3, 1, 1575259393138438146, '2023-02-15 10:01:03', '2023-02-15 11:18:18'),
	(1625917862142611460, 1024984230121304705, '华明', '13454545454', 'hdsj002', 15, '2023-02', 3, 1, 1575259393138438146, '2023-02-15 10:01:24', '2023-02-15 11:18:18'),
	(1625917862142611461, 1024984365991588705, '海明月', '18566666667', 'shsj001', 15, '2023-02', 3, 1, 1575259393138438146, '2023-02-15 10:01:57', '2023-02-15 11:18:17'),
	(1625917862142611462, 1024984516357387297, '海阔', '18734736473', 'shsj002', 15, '2023-02', 3, 1, 1575259393138438146, '2023-02-15 10:02:32', '2023-02-15 11:18:17'),
	(1625917862142611463, 1024984720745821569, '周生生', '18776676767', 'hkkdy001', 15, '2023-02', 2, 1, 1575259393138438146, '2023-02-15 10:03:21', '2023-02-15 11:18:17'),
	(1625917862142611464, 1024984891772761697, '周生辰', '13434343434', 'hkkdy002', 15, '2023-02', 2, 1, 1575259393138438146, '2023-02-15 10:04:02', '2023-02-15 11:18:17'),
	(1625917862142611465, 1024985344870841121, '刘徽', '18737373647', 'pdkdy001', 15, '2023-02', 2, 1, 1575259393138438146, '2023-02-15 10:05:50', '2023-02-15 11:18:17'),
	(1625917862142611466, 1024985481462545409, '萧晏', '18737473647', 'pdkdy002', 15, '2023-02', 2, 1, 1575259393138438146, '2023-02-15 10:06:22', '2023-02-15 11:18:17'),
	(1625917862146805762, 1024985621531327777, '平秦王', '18723736473', 'hbsj001', 15, '2023-02', 3, 1, 1575259393138438146, '2023-02-15 10:06:56', '2023-02-15 11:18:48'),
	(1625917862146805763, 1024986076978217057, '长孙杰', '13987675455', 'hbsj002', 15, '2023-02', 3, 1, 1575259393138438146, '2023-02-15 10:08:44', '2023-02-15 11:18:48'),
	(1625917862146805764, 1024986455853892225, '漼时宜', '17898989565', 'bjsj002', 15, '2023-02', 3, 1, 1575259393138438146, '2023-02-15 10:10:15', '2023-02-15 11:18:48'),
	(1625917862146805765, 1024987310187482529, '宏晓誉', '18737437483', 'bjsj001', 15, '2023-02', 3, 1, 1575259393138438146, '2023-02-15 10:13:38', '2023-02-15 11:18:48'),
	(1625917862146805766, 1024987378881793537, '司沈阳', '13311111222', 'sysj001', 15, '2023-02', 3, 1, 1575259393138438146, '2023-02-15 10:13:57', '2023-02-15 11:18:48'),
	(1625917862146805767, 1024987860782158145, '顺意', '18734736473', 'sykdy001', 15, '2023-02', 2, 1, 1575259393138438146, '2023-02-15 10:15:50', '2023-02-15 11:18:48'),
	(1625917862146805768, 1024987931753976513, '顺心', '17647657465', 'sykdy002', 15, '2023-02', 2, 1, 1575259393138438146, '2023-02-15 10:16:07', '2023-02-15 11:18:48'),
	(1625917862146805769, 1024988097613534273, '景昌', '18784574758', 'cpkdy001', 15, '2023-02', 2, 1, 1575259393138438146, '2023-02-15 10:16:46', '2023-02-15 11:18:48'),
	(1625917862146805770, 1024988171324232993, '景元', '18783748374', 'cpkdy002', 15, '2023-02', 2, 1, 1575259393138438146, '2023-02-15 10:17:04', '2023-02-15 11:18:48'),
	(1625917862146805771, 1024988319861315553, '李和平', '13355554444', 'hpkdy001', 15, '2023-02', 2, 1, 1575347921490882562, '2023-02-15 10:17:39', '2023-02-15 16:06:11'),
	(1625917862146805772, 1024988498702245281, '李平和', '17788889999', 'hpkdy002', 15, '2023-02', 2, 1, 1575347921490882562, '2023-02-15 10:18:22', '2023-02-15 16:05:52'),
	(1625917862151000065, 1024988744815617761, '李姑皇', '17766667777', 'gukdy001', 15, '2023-02', 2, 1, 1575347921490882562, '2023-02-15 10:19:20', '2023-02-15 18:26:28'),
	(1625917862151000066, 1024989856838856577, '李皇姑', '18877776666', 'hgkdy002', 15, '2023-02', 2, 1, 1575347921490882562, '2023-02-15 10:23:46', '2023-02-15 18:28:37'),
	(1625917862151000067, 1024994498993865153, '司华中', '18877776666', 'hzsj', 15, '2023-02', 3, 1, 1575347921490882562, '2023-02-15 10:42:12', '2023-02-15 12:54:04'),
	(1625917862151000068, 1024994711959651169, '司武汉', '17788887777', 'whsj', 15, '2023-02', 3, 1, 1575347921490882562, '2023-02-15 10:43:03', '2023-02-15 15:55:24'),
	(1625917862151000069, 1024995063794648993, '李江汉', '17799990000', 'jhkdy001', 15, '2023-02', 2, 1, 1575347921490882562, '2023-02-15 10:44:27', '2023-02-15 12:54:04'),
	(1625917862151000070, 1024995257768626273, '李汉江', '17788882222', 'jhkdy002', 15, '2023-02', 2, 1, 1575347921490882562, '2023-02-15 10:45:13', '2023-02-15 09:50:15'),
	(1625917862151000071, 1024995991193013985, '李武昌', '18877778888', 'wckdy001', 15, '2023-02', 2, 1, 1575347921490882562, '2023-02-15 10:48:08', '2023-02-15 12:54:04'),
	(1625917862155194370, 1024996147695079329, '李昌武', '18877776666', 'wckdy002', 15, '2023-02', 2, 1, 1575347921490882562, '2023-02-15 10:48:45', '2023-02-15 12:54:04'),
	(1625917862155194371, 1024997316655995489, '司东北', '17788887777', 'dbsj', 15, '2023-02', 3, 1, 1575347921490882562, '2023-02-15 10:53:24', '2023-02-15 12:54:03'),
	(1625917862155194372, 1025074399029692449, '王和平', '17788887777', 'hpkdy003', 15, '2023-02', 2, 1, 1575347921490882562, '2023-02-15 15:59:42', '2023-02-15 16:01:07'),
	(1625917862155194373, 1025104059952247329, '司华南', '17788887777', 'hnsj001', 15, '2023-02', 3, 1, 1575258946549919745, '2023-02-15 17:57:36', '2023-02-15 09:40:21'),
	(1625917862155194374, 1025104550799061921, '司深圳', '18877776666', 'szsj001', 15, '2023-02', 3, 1, 1575258946549919745, '2023-02-15 17:59:31', '2023-02-15 09:40:21'),
	(1625917862155194375, 1025109259005971617, '王光明', '18877776666', 'gmkdy001', 15, '2023-02', 2, 1, 1575258946549919745, '2023-02-15 18:18:13', '2023-02-15 09:40:03'),
	(1625917862155194376, 1025110041134617825, '王保安', '18877776666', 'bakdy001', 15, '2023-02', 2, 1, 1575258946549919745, '2023-02-15 18:21:20', '2023-02-15 09:40:03'),
	(1625917862155194377, 1025110490961140193, '王明光', '16677779999', 'gmkdy002', 15, '2023-02', 2, 1, 1575258946549919745, '2023-02-15 18:23:07', '2023-02-15 09:40:02'),
	(1625917862155194378, 1025110675888003969, '王安宝', '16677776666', 'bakdy002', 15, '2023-02', 2, 1, 1575258946549919745, '2023-02-15 18:23:51', '2023-02-15 09:40:02'),
	(1625917862159388674, 1025110935532199265, '王越秀', '16688886666', 'yxkdy001', 15, '2023-02', 2, 1, 1575258946549919745, '2023-02-15 18:24:53', '2023-02-15 09:40:02'),
	(1625917862159388675, 1025111112225644097, '王华都', '17799995555', 'hdkdy001', 15, '2023-02', 2, 1, 1575258946549919745, '2023-02-15 18:25:37', '2023-02-15 09:40:02'),
	(1625917862159388676, 1025111247919767297, '王都花', '16677776666', 'hdkdy002', 15, '2023-02', 2, 1, 1575258946549919745, '2023-02-15 18:26:07', '2023-02-15 09:40:02'),
	(1625917862159388677, 1025111573938823425, '王秀越', '17788887777', 'yxkdy002', 15, '2023-02', 2, 1, 1575258946549919745, '2023-02-15 18:27:25', '2023-02-15 09:40:02'),
	(1625917862553653249, 1025112013736764417, '司广州', '18877770000', 'gzsj', 15, '2023-02', 3, 1, 1575258946549919745, '2023-02-15 18:29:10', '2023-02-15 09:40:01'),
	(1625917862553653250, 1025428687312684929, '张成飞', '18866666666', 'sl001', 15, '2023-02', 1, 1, 1575258946549919745, '2023-02-15 15:27:31', '2023-02-15 09:50:38'),
	(1625917862553653251, 1027527374507700225, '张调马', '13111332426', 'sldd001', 15, '2023-02', 1, 1, 1575259393138438146, '2023-02-15 10:26:57', '2023-02-15 13:38:23'),
	(1626280247940419586, 1024738476802799553, '周一', '13571250987', 'xbsj001', 16, '2023-02', 3, 1, 1575259393138438146, '2023-02-16 17:44:52', '2023-02-16 11:16:37'),
	(1626280248326295553, 1024738594893428865, '周二', '18500224566', 'xbsj002', 16, '2023-02', 3, 1, 1575259393138438146, '2023-02-16 17:45:20', '2023-02-16 11:16:37'),
	(1626280248326295554, 1024741978908228513, '吴用', '18500766555', 'xnsj001', 16, '2023-02', 3, 1, 1575259393138438146, '2023-02-16 17:58:47', '2023-02-16 11:16:37'),
	(1626280248330489857, 1024742117286706369, '吴西', '18346766666', 'xnsj002', 16, '2023-02', 3, 1, 1575259393138438146, '2023-02-16 17:59:20', '2023-02-16 11:16:37'),
	(1626280248330489858, 1024742265953811937, '成功', '18950867777', 'cdsj001', 16, '2023-02', 3, 1, 1575259393138438146, '2023-02-16 17:59:55', '2023-02-16 11:17:58'),
	(1626280248330489859, 1024742403489234657, '成仁', '18394867666', 'cdsj002', 16, '2023-02', 3, 1, 1575259393138438146, '2023-02-16 18:00:28', '2023-02-16 11:17:58'),
	(1626280248330489860, 1024976390379916929, '西王', '18355544444', 'xasj001', 16, '2023-02', 3, 1, 1575259393138438146, '2023-02-16 09:30:15', '2023-02-16 11:17:58'),
	(1626280248330489861, 1024976605161836353, '西米', '17655555555', 'xasj002', 16, '2023-02', 3, 1, 1575259393138438146, '2023-02-16 09:31:06', '2023-02-16 11:17:58'),
	(1626280248330489862, 1024976781221941281, '贝林', '13434343434', 'blkdy001', 16, '2023-02', 2, 1, 1575259393138438146, '2023-02-16 09:31:48', '2023-02-16 11:17:58'),
	(1626280248330489863, 1024976941658263777, '贝小贝', '13433434544', 'blkdy002', 16, '2023-02', 2, 1, 1575259393138438146, '2023-02-16 09:32:27', '2023-02-16 11:17:57'),
	(1626280248330489864, 1024977078208025057, '长小名', '18364636473', 'casj001', 16, '2023-02', 2, 1, 1575259393138438146, '2023-02-16 09:32:59', '2023-02-16 11:17:57'),
	(1626280248330489865, 1024977221418341025, '长城', '13445657565', 'casj002', 16, '2023-02', 2, 1, 1575259393138438146, '2023-02-16 09:33:33', '2023-02-16 11:17:57'),
	(1626280248330489866, 1024977388880122881, '金元宝', '18374673467', 'jnkdy001', 16, '2023-02', 2, 1, 1575259393138438146, '2023-02-16 09:34:13', '2023-02-16 11:17:56'),
	(1626280248334684161, 1024977522992993473, '金开', '18374734736', 'jnkdy002', 16, '2023-02', 2, 1, 1575259393138438146, '2023-02-16 09:34:45', '2023-02-16 11:17:55'),
	(1626280248334684162, 1024977621806601633, '青青', '18273827382', 'qykdy001', 16, '2023-02', 2, 1, 1575259393138438146, '2023-02-16 09:35:08', '2023-02-16 11:18:18'),
	(1626280248334684163, 1024977719693268993, '青风', '18273872382', 'qykdy002', 16, '2023-02', 2, 1, 1575259393138438146, '2023-02-16 09:35:32', '2023-02-16 11:18:18'),
	(1626280248334684164, 1024984140988150081, '华亮', '18837473473', 'hdsj001', 16, '2023-02', 3, 1, 1575259393138438146, '2023-02-16 10:01:03', '2023-02-16 11:18:18'),
	(1626280248334684165, 1024984230121304705, '华明', '13454545454', 'hdsj002', 16, '2023-02', 3, 1, 1575259393138438146, '2023-02-16 10:01:24', '2023-02-16 11:18:18'),
	(1626280248334684166, 1024984365991588705, '海明月', '18566666667', 'shsj001', 16, '2023-02', 3, 1, 1575259393138438146, '2023-02-16 10:01:57', '2023-02-16 11:18:17'),
	(1626280248334684167, 1024984516357387297, '海阔', '18734736473', 'shsj002', 16, '2023-02', 3, 1, 1575259393138438146, '2023-02-16 10:02:32', '2023-02-16 11:18:17'),
	(1626280248334684168, 1024984720745821569, '周生生', '18776676767', 'hkkdy001', 16, '2023-02', 2, 1, 1575259393138438146, '2023-02-16 10:03:21', '2023-02-16 11:18:17'),
	(1626280248338878465, 1024984891772761697, '周生辰', '13434343434', 'hkkdy002', 16, '2023-02', 2, 1, 1575259393138438146, '2023-02-16 10:04:02', '2023-02-16 11:18:17'),
	(1626280248338878466, 1024985344870841121, '刘徽', '18737373647', 'pdkdy001', 16, '2023-02', 2, 1, 1575259393138438146, '2023-02-16 10:05:50', '2023-02-16 11:18:17'),
	(1626280248338878467, 1024985481462545409, '萧晏', '18737473647', 'pdkdy002', 16, '2023-02', 2, 1, 1575259393138438146, '2023-02-16 10:06:22', '2023-02-16 11:18:17'),
	(1626280248338878468, 1024985621531327777, '平秦王', '18723736473', 'hbsj001', 16, '2023-02', 3, 1, 1575259393138438146, '2023-02-16 10:06:56', '2023-02-16 11:18:48'),
	(1626280248338878469, 1024986076978217057, '长孙杰', '13987675455', 'hbsj002', 16, '2023-02', 3, 1, 1575259393138438146, '2023-02-16 10:08:44', '2023-02-16 11:18:48'),
	(1626280248338878470, 1024986455853892225, '漼时宜', '17898989565', 'bjsj002', 16, '2023-02', 3, 1, 1575259393138438146, '2023-02-16 10:10:15', '2023-02-16 11:18:48'),
	(1626280248338878471, 1024987310187482529, '宏晓誉', '18737437483', 'bjsj001', 16, '2023-02', 3, 1, 1575259393138438146, '2023-02-16 10:13:38', '2023-02-16 11:18:48'),
	(1626280248338878472, 1024987378881793537, '司沈阳', '13311111222', 'sysj001', 16, '2023-02', 3, 1, 1575259393138438146, '2023-02-16 10:13:57', '2023-02-16 11:18:48'),
	(1626280248343072770, 1024987860782158145, '顺意', '18734736473', 'sykdy001', 16, '2023-02', 2, 1, 1575259393138438146, '2023-02-16 10:15:50', '2023-02-16 11:18:48'),
	(1626280248343072771, 1024987931753976513, '顺心', '17647657465', 'sykdy002', 16, '2023-02', 2, 1, 1575259393138438146, '2023-02-16 10:16:07', '2023-02-16 11:18:48'),
	(1626280248343072772, 1024988097613534273, '景昌', '18784574758', 'cpkdy001', 16, '2023-02', 2, 1, 1575259393138438146, '2023-02-16 10:16:46', '2023-02-16 11:18:48'),
	(1626280248343072773, 1024988171324232993, '景元', '18783748374', 'cpkdy002', 16, '2023-02', 2, 1, 1575259393138438146, '2023-02-16 10:17:04', '2023-02-16 11:18:48'),
	(1626280248343072774, 1024988319861315553, '李和平', '13355554444', 'hpkdy001', 16, '2023-02', 2, 1, 1575347921490882562, '2023-02-16 10:17:39', '2023-02-16 16:06:11'),
	(1626280248343072775, 1024988498702245281, '李平和', '17788889999', 'hpkdy002', 16, '2023-02', 2, 1, 1575347921490882562, '2023-02-16 10:18:22', '2023-02-16 16:05:52'),
	(1626280248343072776, 1024988744815617761, '李姑皇', '17766667777', 'gukdy001', 16, '2023-02', 2, 1, 1575347921490882562, '2023-02-16 10:19:20', '2023-02-16 18:26:28'),
	(1626280248343072777, 1024989856838856577, '李皇姑', '18877776666', 'hgkdy002', 16, '2023-02', 2, 1, 1575347921490882562, '2023-02-16 10:23:46', '2023-02-16 18:28:37'),
	(1626280248343072778, 1024994498993865153, '司华中', '18877776666', 'hzsj', 16, '2023-02', 3, 1, 1575347921490882562, '2023-02-16 10:42:12', '2023-02-16 12:54:04'),
	(1626280248343072779, 1024994711959651169, '司武汉', '17788887777', 'whsj', 16, '2023-02', 3, 1, 1575347921490882562, '2023-02-16 10:43:03', '2023-02-16 15:55:24'),
	(1626280248343072780, 1024995063794648993, '李江汉', '17799990000', 'jhkdy001', 16, '2023-02', 2, 1, 1575347921490882562, '2023-02-16 10:44:27', '2023-02-16 12:54:04'),
	(1626280248347267073, 1024995257768626273, '李汉江', '17788882222', 'jhkdy002', 16, '2023-02', 2, 1, 1575347921490882562, '2023-02-16 10:45:13', '2023-02-16 09:50:15'),
	(1626280248347267074, 1024995991193013985, '李武昌', '18877778888', 'wckdy001', 16, '2023-02', 2, 1, 1575347921490882562, '2023-02-16 10:48:08', '2023-02-16 12:54:04'),
	(1626280248347267075, 1024996147695079329, '李昌武', '18877776666', 'wckdy002', 16, '2023-02', 2, 1, 1575347921490882562, '2023-02-16 10:48:45', '2023-02-16 12:54:04'),
	(1626280248347267076, 1024997316655995489, '司东北', '17788887777', 'dbsj', 16, '2023-02', 3, 1, 1575347921490882562, '2023-02-16 10:53:24', '2023-02-16 12:54:03'),
	(1626280248347267077, 1025074399029692449, '王和平', '17788887777', 'hpkdy003', 16, '2023-02', 2, 1, 1575347921490882562, '2023-02-16 15:59:42', '2023-02-16 16:01:07'),
	(1626280248347267078, 1025104059952247329, '司华南', '17788887777', 'hnsj001', 16, '2023-02', 3, 1, 1575258946549919745, '2023-02-16 17:57:36', '2023-02-16 09:40:21'),
	(1626280248347267079, 1025104550799061921, '司深圳', '18877776666', 'szsj001', 16, '2023-02', 3, 1, 1575258946549919745, '2023-02-16 17:59:31', '2023-02-16 09:40:21'),
	(1626280248347267080, 1025109259005971617, '王光明', '18877776666', 'gmkdy001', 16, '2023-02', 2, 1, 1575258946549919745, '2023-02-16 18:18:13', '2023-02-16 09:40:03'),
	(1626280248347267081, 1025110041134617825, '王保安', '18877776666', 'bakdy001', 16, '2023-02', 2, 1, 1575258946549919745, '2023-02-16 18:21:20', '2023-02-16 09:40:03'),
	(1626280248741531649, 1025110490961140193, '王明光', '16677779999', 'gmkdy002', 16, '2023-02', 2, 1, 1575258946549919745, '2023-02-16 18:23:07', '2023-02-16 09:40:02'),
	(1626280248741531650, 1025110675888003969, '王安宝', '16677776666', 'bakdy002', 16, '2023-02', 2, 1, 1575258946549919745, '2023-02-16 18:23:51', '2023-02-16 09:40:02'),
	(1626280248741531651, 1025110935532199265, '王越秀', '16688886666', 'yxkdy001', 16, '2023-02', 2, 1, 1575258946549919745, '2023-02-16 18:24:53', '2023-02-16 09:40:02'),
	(1626280248745725954, 1025111112225644097, '王华都', '17799995555', 'hdkdy001', 16, '2023-02', 2, 1, 1575258946549919745, '2023-02-16 18:25:37', '2023-02-16 09:40:02'),
	(1626280248758308866, 1025111247919767297, '王都花', '16677776666', 'hdkdy002', 16, '2023-02', 2, 1, 1575258946549919745, '2023-02-16 18:26:07', '2023-02-16 09:40:02'),
	(1626280248758308867, 1025111573938823425, '王秀越', '17788887777', 'yxkdy002', 16, '2023-02', 2, 1, 1575258946549919745, '2023-02-16 18:27:25', '2023-02-16 09:40:02'),
	(1626280248758308868, 1025112013736764417, '司广州', '18877770000', 'gzsj', 16, '2023-02', 3, 1, 1575258946549919745, '2023-02-16 18:29:10', '2023-02-16 09:40:01'),
	(1626280248758308869, 1025428687312684929, '张成飞', '18866666666', 'sl001', 16, '2023-02', 1, 1, 1575258946549919745, '2023-02-16 15:27:31', '2023-02-16 09:50:38'),
	(1626280248758308870, 1027527374507700225, '张调马', '13111332426', 'sldd001', 16, '2023-02', 1, 1, 1575259393138438146, '2023-02-16 10:26:57', '2023-02-16 13:38:23'),
	(1626642637060116481, 1024738476802799553, '周一', '13571250987', 'xbsj001', 17, '2023-02', 3, 1, 1575259393138438146, '2023-02-17 17:44:52', '2023-02-17 11:16:37'),
	(1626642637445992450, 1024738594893428865, '周二', '18500224566', 'xbsj002', 17, '2023-02', 3, 1, 1575259393138438146, '2023-02-17 17:45:20', '2023-02-17 11:16:37'),
	(1626642637445992451, 1024741978908228513, '吴用', '18500766555', 'xnsj001', 17, '2023-02', 3, 1, 1575259393138438146, '2023-02-17 17:58:47', '2023-02-17 11:16:37'),
	(1626642637450186754, 1024742117286706369, '吴西', '18346766666', 'xnsj002', 17, '2023-02', 3, 1, 1575259393138438146, '2023-02-17 17:59:20', '2023-02-17 11:16:37'),
	(1626642637450186755, 1024742265953811937, '成功', '18950867777', 'cdsj001', 17, '2023-02', 3, 1, 1575259393138438146, '2023-02-17 17:59:55', '2023-02-17 11:17:58'),
	(1626642637450186756, 1024742403489234657, '成仁', '18394867666', 'cdsj002', 17, '2023-02', 3, 1, 1575259393138438146, '2023-02-17 18:00:28', '2023-02-17 11:17:58'),
	(1626642637450186757, 1024976390379916929, '西王', '18355544444', 'xasj001', 17, '2023-02', 3, 1, 1575259393138438146, '2023-02-17 09:30:15', '2023-02-17 11:17:58'),
	(1626642637450186758, 1024976605161836353, '西米', '17655555555', 'xasj002', 17, '2023-02', 3, 1, 1575259393138438146, '2023-02-17 09:31:06', '2023-02-17 11:17:58'),
	(1626642637450186759, 1024976781221941281, '贝林', '13434343434', 'blkdy001', 17, '2023-02', 2, 1, 1575259393138438146, '2023-02-17 09:31:48', '2023-02-17 11:17:58'),
	(1626642637450186760, 1024976941658263777, '贝小贝', '13433434544', 'blkdy002', 17, '2023-02', 2, 1, 1575259393138438146, '2023-02-17 09:32:27', '2023-02-17 11:17:57'),
	(1626642637450186761, 1024977078208025057, '长小名', '18364636473', 'casj001', 17, '2023-02', 2, 1, 1575259393138438146, '2023-02-17 09:32:59', '2023-02-17 11:17:57'),
	(1626642637454381057, 1024977221418341025, '长城', '13445657565', 'casj002', 17, '2023-02', 2, 1, 1575259393138438146, '2023-02-17 09:33:33', '2023-02-17 11:17:57'),
	(1626642637454381058, 1024977388880122881, '金元宝', '18374673467', 'jnkdy001', 17, '2023-02', 2, 1, 1575259393138438146, '2023-02-17 09:34:13', '2023-02-17 11:17:56'),
	(1626642637454381059, 1024977522992993473, '金开', '18374734736', 'jnkdy002', 17, '2023-02', 2, 1, 1575259393138438146, '2023-02-17 09:34:45', '2023-02-17 11:17:55'),
	(1626642637454381060, 1024977621806601633, '青青', '18273827382', 'qykdy001', 17, '2023-02', 2, 1, 1575259393138438146, '2023-02-17 09:35:08', '2023-02-17 11:18:18'),
	(1626642637454381061, 1024977719693268993, '青风', '18273872382', 'qykdy002', 17, '2023-02', 2, 1, 1575259393138438146, '2023-02-17 09:35:32', '2023-02-17 11:18:18'),
	(1626642637454381062, 1024984140988150081, '华亮', '18837473473', 'hdsj001', 17, '2023-02', 3, 1, 1575259393138438146, '2023-02-17 10:01:03', '2023-02-17 11:18:18'),
	(1626642637454381063, 1024984230121304705, '华明', '13454545454', 'hdsj002', 17, '2023-02', 3, 1, 1575259393138438146, '2023-02-17 10:01:24', '2023-02-17 11:18:18'),
	(1626642637454381064, 1024984365991588705, '海明月', '18566666667', 'shsj001', 17, '2023-02', 3, 1, 1575259393138438146, '2023-02-17 10:01:57', '2023-02-17 11:18:17'),
	(1626642637458575362, 1024984516357387297, '海阔', '18734736473', 'shsj002', 17, '2023-02', 3, 1, 1575259393138438146, '2023-02-17 10:02:32', '2023-02-17 11:18:17'),
	(1626642637458575363, 1024984720745821569, '周生生', '18776676767', 'hkkdy001', 17, '2023-02', 2, 1, 1575259393138438146, '2023-02-17 10:03:21', '2023-02-17 11:18:17'),
	(1626642637458575364, 1024984891772761697, '周生辰', '13434343434', 'hkkdy002', 17, '2023-02', 2, 1, 1575259393138438146, '2023-02-17 10:04:02', '2023-02-17 11:18:17'),
	(1626642637458575365, 1024985344870841121, '刘徽', '18737373647', 'pdkdy001', 17, '2023-02', 2, 1, 1575259393138438146, '2023-02-17 10:05:50', '2023-02-17 11:18:17'),
	(1626642637458575366, 1024985481462545409, '萧晏', '18737473647', 'pdkdy002', 17, '2023-02', 2, 1, 1575259393138438146, '2023-02-17 10:06:22', '2023-02-17 11:18:17'),
	(1626642637458575367, 1024985621531327777, '平秦王', '18723736473', 'hbsj001', 17, '2023-02', 3, 1, 1575259393138438146, '2023-02-17 10:06:56', '2023-02-17 11:18:48'),
	(1626642637458575368, 1024986076978217057, '长孙杰', '13987675455', 'hbsj002', 17, '2023-02', 3, 1, 1575259393138438146, '2023-02-17 10:08:44', '2023-02-17 11:18:48'),
	(1626642637458575369, 1024986455853892225, '漼时宜', '17898989565', 'bjsj002', 17, '2023-02', 3, 1, 1575259393138438146, '2023-02-17 10:10:15', '2023-02-17 11:18:48'),
	(1626642637462769666, 1024987310187482529, '宏晓誉', '18737437483', 'bjsj001', 17, '2023-02', 3, 1, 1575259393138438146, '2023-02-17 10:13:38', '2023-02-17 11:18:48'),
	(1626642637462769667, 1024987378881793537, '司沈阳', '13311111222', 'sysj001', 17, '2023-02', 3, 1, 1575259393138438146, '2023-02-17 10:13:57', '2023-02-17 11:18:48'),
	(1626642637462769668, 1024987860782158145, '顺意', '18734736473', 'sykdy001', 17, '2023-02', 2, 1, 1575259393138438146, '2023-02-17 10:15:50', '2023-02-17 11:18:48'),
	(1626642637462769669, 1024987931753976513, '顺心', '17647657465', 'sykdy002', 17, '2023-02', 2, 1, 1575259393138438146, '2023-02-17 10:16:07', '2023-02-17 11:18:48'),
	(1626642637462769670, 1024988097613534273, '景昌', '18784574758', 'cpkdy001', 17, '2023-02', 2, 1, 1575259393138438146, '2023-02-17 10:16:46', '2023-02-17 11:18:48'),
	(1626642637462769671, 1024988171324232993, '景元', '18783748374', 'cpkdy002', 17, '2023-02', 2, 1, 1575259393138438146, '2023-02-17 10:17:04', '2023-02-17 11:18:48'),
	(1626642637462769672, 1024988319861315553, '李和平', '13355554444', 'hpkdy001', 17, '2023-02', 2, 1, 1575347921490882562, '2023-02-17 10:17:39', '2023-02-17 16:06:11'),
	(1626642637462769673, 1024988498702245281, '李平和', '17788889999', 'hpkdy002', 17, '2023-02', 2, 1, 1575347921490882562, '2023-02-17 10:18:22', '2023-02-17 16:05:52'),
	(1626642637462769674, 1024988744815617761, '李姑皇', '17766667777', 'gukdy001', 17, '2023-02', 2, 1, 1575347921490882562, '2023-02-17 10:19:20', '2023-02-17 18:26:28'),
	(1626642637466963969, 1024989856838856577, '李皇姑', '18877776666', 'hgkdy002', 17, '2023-02', 2, 1, 1575347921490882562, '2023-02-17 10:23:46', '2023-02-17 18:28:37'),
	(1626642637466963970, 1024994498993865153, '司华中', '18877776666', 'hzsj', 17, '2023-02', 3, 1, 1575347921490882562, '2023-02-17 10:42:12', '2023-02-17 12:54:04'),
	(1626642637466963971, 1024994711959651169, '司武汉', '17788887777', 'whsj', 17, '2023-02', 3, 1, 1575347921490882562, '2023-02-17 10:43:03', '2023-02-17 15:55:24'),
	(1626642637466963972, 1024995063794648993, '李江汉', '17799990000', 'jhkdy001', 17, '2023-02', 2, 1, 1575347921490882562, '2023-02-17 10:44:27', '2023-02-17 12:54:04'),
	(1626642637466963973, 1024995257768626273, '李汉江', '17788882222', 'jhkdy002', 17, '2023-02', 2, 1, 1575347921490882562, '2023-02-17 10:45:13', '2023-02-17 09:50:15'),
	(1626642637466963974, 1024995991193013985, '李武昌', '18877778888', 'wckdy001', 17, '2023-02', 2, 1, 1575347921490882562, '2023-02-17 10:48:08', '2023-02-17 12:54:04'),
	(1626642637466963975, 1024996147695079329, '李昌武', '18877776666', 'wckdy002', 17, '2023-02', 2, 1, 1575347921490882562, '2023-02-17 10:48:45', '2023-02-17 12:54:04'),
	(1626642637466963976, 1024997316655995489, '司东北', '17788887777', 'dbsj', 17, '2023-02', 3, 1, 1575347921490882562, '2023-02-17 10:53:24', '2023-02-17 12:54:03'),
	(1626642637471158274, 1025074399029692449, '王和平', '17788887777', 'hpkdy003', 17, '2023-02', 2, 1, 1575347921490882562, '2023-02-17 15:59:42', '2023-02-17 16:01:07'),
	(1626642637869617154, 1025104059952247329, '司华南', '17788887777', 'hnsj001', 17, '2023-02', 3, 1, 1575258946549919745, '2023-02-17 17:57:36', '2023-02-17 09:40:21'),
	(1626642637869617155, 1025104550799061921, '司深圳', '18877776666', 'szsj001', 17, '2023-02', 3, 1, 1575258946549919745, '2023-02-17 17:59:31', '2023-02-17 09:40:21'),
	(1626642637869617156, 1025109259005971617, '王光明', '18877776666', 'gmkdy001', 17, '2023-02', 2, 1, 1575258946549919745, '2023-02-17 18:18:13', '2023-02-17 09:40:03'),
	(1626642637869617157, 1025110041134617825, '王保安', '18877776666', 'bakdy001', 17, '2023-02', 2, 1, 1575258946549919745, '2023-02-17 18:21:20', '2023-02-17 09:40:03'),
	(1626642637873811457, 1025110490961140193, '王明光', '16677779999', 'gmkdy002', 17, '2023-02', 2, 1, 1575258946549919745, '2023-02-17 18:23:07', '2023-02-17 09:40:02'),
	(1626642637873811458, 1025110675888003969, '王安宝', '16677776666', 'bakdy002', 17, '2023-02', 2, 1, 1575258946549919745, '2023-02-17 18:23:51', '2023-02-17 09:40:02'),
	(1626642637873811459, 1025110935532199265, '王越秀', '16688886666', 'yxkdy001', 17, '2023-02', 2, 1, 1575258946549919745, '2023-02-17 18:24:53', '2023-02-17 09:40:02'),
	(1626642637873811460, 1025111112225644097, '王华都', '17799995555', 'hdkdy001', 17, '2023-02', 2, 1, 1575258946549919745, '2023-02-17 18:25:37', '2023-02-17 09:40:02'),
	(1626642637873811461, 1025111247919767297, '王都花', '16677776666', 'hdkdy002', 17, '2023-02', 2, 1, 1575258946549919745, '2023-02-17 18:26:07', '2023-02-17 09:40:02'),
	(1626642637873811462, 1025111573938823425, '王秀越', '17788887777', 'yxkdy002', 17, '2023-02', 2, 1, 1575258946549919745, '2023-02-17 18:27:25', '2023-02-17 09:40:02'),
	(1626642637873811463, 1025112013736764417, '司广州', '18877770000', 'gzsj', 17, '2023-02', 3, 1, 1575258946549919745, '2023-02-17 18:29:10', '2023-02-17 09:40:01'),
	(1626642637873811464, 1025428687312684929, '张成飞', '18866666666', 'sl001', 17, '2023-02', 1, 1, 1575258946549919745, '2023-02-17 15:27:31', '2023-02-17 09:50:38'),
	(1626642637878005761, 1027527374507700225, '张调马', '13111332426', 'sldd001', 17, '2023-02', 1, 1, 1575259393138438146, '2023-02-17 10:26:57', '2023-02-17 13:38:23'),
	(1627005023638065153, 1024738476802799553, '周一', '13571250987', 'xbsj001', 18, '2023-02', 3, 1, 1575259393138438146, '2023-02-18 17:44:52', '2023-02-18 11:16:37'),
	(1627005023638065154, 1024738594893428865, '周二', '18500224566', 'xbsj002', 18, '2023-02', 3, 1, 1575259393138438146, '2023-02-18 17:45:20', '2023-02-18 11:16:37'),
	(1627005023642259458, 1024741978908228513, '吴用', '18500766555', 'xnsj001', 18, '2023-02', 3, 1, 1575259393138438146, '2023-02-18 17:58:47', '2023-02-18 11:16:37'),
	(1627005023642259459, 1024742117286706369, '吴西', '18346766666', 'xnsj002', 18, '2023-02', 3, 1, 1575259393138438146, '2023-02-18 17:59:20', '2023-02-18 11:16:37'),
	(1627005023642259460, 1024742265953811937, '成功', '18950867777', 'cdsj001', 18, '2023-02', 3, 1, 1575259393138438146, '2023-02-18 17:59:55', '2023-02-18 11:17:58'),
	(1627005023642259461, 1024742403489234657, '成仁', '18394867666', 'cdsj002', 18, '2023-02', 3, 1, 1575259393138438146, '2023-02-18 18:00:28', '2023-02-18 11:17:58'),
	(1627005023642259462, 1024976390379916929, '西王', '18355544444', 'xasj001', 18, '2023-02', 3, 1, 1575259393138438146, '2023-02-18 09:30:15', '2023-02-18 11:17:58'),
	(1627005023642259463, 1024976605161836353, '西米', '17655555555', 'xasj002', 18, '2023-02', 3, 1, 1575259393138438146, '2023-02-18 09:31:06', '2023-02-18 11:17:58'),
	(1627005023642259464, 1024976781221941281, '贝林', '13434343434', 'blkdy001', 18, '2023-02', 2, 1, 1575259393138438146, '2023-02-18 09:31:48', '2023-02-18 11:17:58'),
	(1627005023646453762, 1024976941658263777, '贝小贝', '13433434544', 'blkdy002', 18, '2023-02', 2, 1, 1575259393138438146, '2023-02-18 09:32:27', '2023-02-18 11:17:57'),
	(1627005023646453763, 1024977078208025057, '长小名', '18364636473', 'casj001', 18, '2023-02', 2, 1, 1575259393138438146, '2023-02-18 09:32:59', '2023-02-18 11:17:57'),
	(1627005023646453764, 1024977221418341025, '长城', '13445657565', 'casj002', 18, '2023-02', 2, 1, 1575259393138438146, '2023-02-18 09:33:33', '2023-02-18 11:17:57'),
	(1627005023646453765, 1024977388880122881, '金元宝', '18374673467', 'jnkdy001', 18, '2023-02', 2, 1, 1575259393138438146, '2023-02-18 09:34:13', '2023-02-18 11:17:56'),
	(1627005023646453766, 1024977522992993473, '金开', '18374734736', 'jnkdy002', 18, '2023-02', 2, 1, 1575259393138438146, '2023-02-18 09:34:45', '2023-02-18 11:17:55'),
	(1627005023646453767, 1024977621806601633, '青青', '18273827382', 'qykdy001', 18, '2023-02', 2, 1, 1575259393138438146, '2023-02-18 09:35:08', '2023-02-18 11:18:18'),
	(1627005023646453768, 1024977719693268993, '青风', '18273872382', 'qykdy002', 18, '2023-02', 2, 1, 1575259393138438146, '2023-02-18 09:35:32', '2023-02-18 11:18:18'),
	(1627005023646453769, 1024984140988150081, '华亮', '18837473473', 'hdsj001', 18, '2023-02', 3, 1, 1575259393138438146, '2023-02-18 10:01:03', '2023-02-18 11:18:18'),
	(1627005023650648066, 1024984230121304705, '华明', '13454545454', 'hdsj002', 18, '2023-02', 3, 1, 1575259393138438146, '2023-02-18 10:01:24', '2023-02-18 11:18:18'),
	(1627005023650648067, 1024984365991588705, '海明月', '18566666667', 'shsj001', 18, '2023-02', 3, 1, 1575259393138438146, '2023-02-18 10:01:57', '2023-02-18 11:18:17'),
	(1627005023650648068, 1024984516357387297, '海阔', '18734736473', 'shsj002', 18, '2023-02', 3, 1, 1575259393138438146, '2023-02-18 10:02:32', '2023-02-18 11:18:17'),
	(1627005023650648069, 1024984720745821569, '周生生', '18776676767', 'hkkdy001', 18, '2023-02', 2, 1, 1575259393138438146, '2023-02-18 10:03:21', '2023-02-18 11:18:17'),
	(1627005023650648070, 1024984891772761697, '周生辰', '13434343434', 'hkkdy002', 18, '2023-02', 2, 1, 1575259393138438146, '2023-02-18 10:04:02', '2023-02-18 11:18:17'),
	(1627005023650648071, 1024985344870841121, '刘徽', '18737373647', 'pdkdy001', 18, '2023-02', 2, 1, 1575259393138438146, '2023-02-18 10:05:50', '2023-02-18 11:18:17'),
	(1627005023650648072, 1024985481462545409, '萧晏', '18737473647', 'pdkdy002', 18, '2023-02', 2, 1, 1575259393138438146, '2023-02-18 10:06:22', '2023-02-18 11:18:17'),
	(1627005023654842369, 1024985621531327777, '平秦王', '18723736473', 'hbsj001', 18, '2023-02', 3, 1, 1575259393138438146, '2023-02-18 10:06:56', '2023-02-18 11:18:48'),
	(1627005023654842370, 1024986076978217057, '长孙杰', '13987675455', 'hbsj002', 18, '2023-02', 3, 1, 1575259393138438146, '2023-02-18 10:08:44', '2023-02-18 11:18:48'),
	(1627005023654842371, 1024986455853892225, '漼时宜', '17898989565', 'bjsj002', 18, '2023-02', 3, 1, 1575259393138438146, '2023-02-18 10:10:15', '2023-02-18 11:18:48'),
	(1627005023654842372, 1024987310187482529, '宏晓誉', '18737437483', 'bjsj001', 18, '2023-02', 3, 1, 1575259393138438146, '2023-02-18 10:13:38', '2023-02-18 11:18:48'),
	(1627005023654842373, 1024987378881793537, '司沈阳', '13311111222', 'sysj001', 18, '2023-02', 3, 1, 1575259393138438146, '2023-02-18 10:13:57', '2023-02-18 11:18:48'),
	(1627005023654842374, 1024987860782158145, '顺意', '18734736473', 'sykdy001', 18, '2023-02', 2, 1, 1575259393138438146, '2023-02-18 10:15:50', '2023-02-18 11:18:48'),
	(1627005023654842375, 1024987931753976513, '顺心', '17647657465', 'sykdy002', 18, '2023-02', 2, 1, 1575259393138438146, '2023-02-18 10:16:07', '2023-02-18 11:18:48'),
	(1627005023659036673, 1024988097613534273, '景昌', '18784574758', 'cpkdy001', 18, '2023-02', 2, 1, 1575259393138438146, '2023-02-18 10:16:46', '2023-02-18 11:18:48'),
	(1627005023659036674, 1024988171324232993, '景元', '18783748374', 'cpkdy002', 18, '2023-02', 2, 1, 1575259393138438146, '2023-02-18 10:17:04', '2023-02-18 11:18:48'),
	(1627005023659036675, 1024988319861315553, '李和平', '13355554444', 'hpkdy001', 18, '2023-02', 2, 1, 1575347921490882562, '2023-02-18 10:17:39', '2023-02-18 16:06:11'),
	(1627005023659036676, 1024988498702245281, '李平和', '17788889999', 'hpkdy002', 18, '2023-02', 2, 1, 1575347921490882562, '2023-02-18 10:18:22', '2023-02-18 16:05:52'),
	(1627005023663230978, 1024988744815617761, '李姑皇', '17766667777', 'gukdy001', 18, '2023-02', 2, 1, 1575347921490882562, '2023-02-18 10:19:20', '2023-02-18 18:26:28'),
	(1627005023663230979, 1024989856838856577, '李皇姑', '18877776666', 'hgkdy002', 18, '2023-02', 2, 1, 1575347921490882562, '2023-02-18 10:23:46', '2023-02-18 18:28:37'),
	(1627005023663230980, 1024994498993865153, '司华中', '18877776666', 'hzsj', 18, '2023-02', 3, 1, 1575347921490882562, '2023-02-18 10:42:12', '2023-02-18 12:54:04'),
	(1627005023663230981, 1024994711959651169, '司武汉', '17788887777', 'whsj', 18, '2023-02', 3, 1, 1575347921490882562, '2023-02-18 10:43:03', '2023-02-18 15:55:24'),
	(1627005023663230982, 1024995063794648993, '李江汉', '17799990000', 'jhkdy001', 18, '2023-02', 2, 1, 1575347921490882562, '2023-02-18 10:44:27', '2023-02-18 12:54:04'),
	(1627005023663230983, 1024995257768626273, '李汉江', '17788882222', 'jhkdy002', 18, '2023-02', 2, 1, 1575347921490882562, '2023-02-18 10:45:13', '2023-02-18 09:50:15'),
	(1627005023663230984, 1024995991193013985, '李武昌', '18877778888', 'wckdy001', 18, '2023-02', 2, 1, 1575347921490882562, '2023-02-18 10:48:08', '2023-02-18 12:54:04'),
	(1627005023663230985, 1024996147695079329, '李昌武', '18877776666', 'wckdy002', 18, '2023-02', 2, 1, 1575347921490882562, '2023-02-18 10:48:45', '2023-02-18 12:54:04'),
	(1627005023663230986, 1024997316655995489, '司东北', '17788887777', 'dbsj', 18, '2023-02', 3, 1, 1575347921490882562, '2023-02-18 10:53:24', '2023-02-18 12:54:03'),
	(1627005023663230987, 1025074399029692449, '王和平', '17788887777', 'hpkdy003', 18, '2023-02', 2, 1, 1575347921490882562, '2023-02-18 15:59:42', '2023-02-18 16:01:07'),
	(1627005024053301249, 1027527374507700225, '张调马', '13111332426', 'sldd001', 18, '2023-02', 1, 1, 1575259393138438146, '2023-02-18 10:26:57', '2023-02-18 13:38:23'),
	(1627367417396662273, 1024988319861315553, '李和平', '13355554444', 'hpkdy001', 19, '2023-02', 2, 1, 1575347921490882562, '2023-02-19 10:17:39', '2023-02-19 16:06:11'),
	(1627367417400856578, 1024988498702245281, '李平和', '17788889999', 'hpkdy002', 19, '2023-02', 2, 1, 1575347921490882562, '2023-02-19 10:18:22', '2023-02-19 16:05:52'),
	(1627367417400856579, 1024988744815617761, '李姑皇', '17766667777', 'gukdy001', 19, '2023-02', 2, 1, 1575347921490882562, '2023-02-19 10:19:20', '2023-02-19 18:26:28'),
	(1627367417400856580, 1024989856838856577, '李皇姑', '18877776666', 'hgkdy002', 19, '2023-02', 2, 1, 1575347921490882562, '2023-02-19 10:23:46', '2023-02-19 18:28:37'),
	(1627367417400856581, 1024994498993865153, '司华中', '18877776666', 'hzsj', 19, '2023-02', 3, 1, 1575347921490882562, '2023-02-19 10:42:12', '2023-02-19 12:54:04'),
	(1627367417400856582, 1024994711959651169, '司武汉', '17788887777', 'whsj', 19, '2023-02', 3, 1, 1575347921490882562, '2023-02-19 10:43:03', '2023-02-19 15:55:24'),
	(1627367417400856583, 1024995063794648993, '李江汉', '17799990000', 'jhkdy001', 19, '2023-02', 2, 1, 1575347921490882562, '2023-02-19 10:44:27', '2023-02-19 12:54:04'),
	(1627367417400856584, 1024995257768626273, '李汉江', '17788882222', 'jhkdy002', 19, '2023-02', 2, 1, 1575347921490882562, '2023-02-19 10:45:13', '2023-02-19 09:50:15'),
	(1627367417400856585, 1024995991193013985, '李武昌', '18877778888', 'wckdy001', 19, '2023-02', 2, 1, 1575347921490882562, '2023-02-19 10:48:08', '2023-02-19 12:54:04'),
	(1627367417400856586, 1024996147695079329, '李昌武', '18877776666', 'wckdy002', 19, '2023-02', 2, 1, 1575347921490882562, '2023-02-19 10:48:45', '2023-02-19 12:54:04'),
	(1627367417400856587, 1024997316655995489, '司东北', '17788887777', 'dbsj', 19, '2023-02', 3, 1, 1575347921490882562, '2023-02-19 10:53:24', '2023-02-19 12:54:03'),
	(1627367417405050882, 1025074399029692449, '王和平', '17788887777', 'hpkdy003', 19, '2023-02', 2, 1, 1575347921490882562, '2023-02-19 15:59:42', '2023-02-19 16:01:07'),
	(1627729800258457602, 1024738476802799553, '周一', '13571250987', 'xbsj001', 20, '2023-02', 3, 1, 1575259393138438146, '2023-02-20 17:44:52', '2023-02-20 11:16:37'),
	(1627729800258457603, 1024738594893428865, '周二', '18500224566', 'xbsj002', 20, '2023-02', 3, 1, 1575259393138438146, '2023-02-20 17:45:20', '2023-02-20 11:16:37'),
	(1627729800258457604, 1024741978908228513, '吴用', '18500766555', 'xnsj001', 20, '2023-02', 3, 1, 1575259393138438146, '2023-02-20 17:58:47', '2023-02-20 11:16:37'),
	(1627729800262651906, 1024742117286706369, '吴西', '18346766666', 'xnsj002', 20, '2023-02', 3, 1, 1575259393138438146, '2023-02-20 17:59:20', '2023-02-20 11:16:37'),
	(1627729800262651907, 1024742265953811937, '成功', '18950867777', 'cdsj001', 20, '2023-02', 3, 1, 1575259393138438146, '2023-02-20 17:59:55', '2023-02-20 11:17:58'),
	(1627729800262651908, 1024742403489234657, '成仁', '18394867666', 'cdsj002', 20, '2023-02', 3, 1, 1575259393138438146, '2023-02-20 18:00:28', '2023-02-20 11:17:58'),
	(1627729800262651909, 1024976390379916929, '西王', '18355544444', 'xasj001', 20, '2023-02', 3, 1, 1575259393138438146, '2023-02-20 09:30:15', '2023-02-20 11:17:58'),
	(1627729800266846209, 1024976605161836353, '西米', '17655555555', 'xasj002', 20, '2023-02', 3, 1, 1575259393138438146, '2023-02-20 09:31:06', '2023-02-20 11:17:58'),
	(1627729800627556353, 1024976781221941281, '贝林', '13434343434', 'blkdy001', 20, '2023-02', 2, 1, 1575259393138438146, '2023-02-20 09:31:48', '2023-02-20 11:17:58'),
	(1627729800627556354, 1024976941658263777, '贝小贝', '13433434544', 'blkdy002', 20, '2023-02', 2, 1, 1575259393138438146, '2023-02-20 09:32:27', '2023-02-20 11:17:57'),
	(1627729800627556355, 1024977078208025057, '长小名', '18364636473', 'casj001', 20, '2023-02', 2, 1, 1575259393138438146, '2023-02-20 09:32:59', '2023-02-20 11:17:57'),
	(1627729800627556356, 1024977221418341025, '长城', '13445657565', 'casj002', 20, '2023-02', 2, 1, 1575259393138438146, '2023-02-20 09:33:33', '2023-02-20 11:17:57'),
	(1627729800627556357, 1024977388880122881, '金元宝', '18374673467', 'jnkdy001', 20, '2023-02', 2, 1, 1575259393138438146, '2023-02-20 09:34:13', '2023-02-20 11:17:56'),
	(1627729800627556358, 1024977522992993473, '金开', '18374734736', 'jnkdy002', 20, '2023-02', 2, 1, 1575259393138438146, '2023-02-20 09:34:45', '2023-02-20 11:17:55'),
	(1627729800627556359, 1024977621806601633, '青青', '18273827382', 'qykdy001', 20, '2023-02', 2, 1, 1575259393138438146, '2023-02-20 09:35:08', '2023-02-20 11:18:18'),
	(1627729800627556360, 1024977719693268993, '青风', '18273872382', 'qykdy002', 20, '2023-02', 2, 1, 1575259393138438146, '2023-02-20 09:35:32', '2023-02-20 11:18:18'),
	(1627729800627556361, 1024984140988150081, '华亮', '18837473473', 'hdsj001', 20, '2023-02', 3, 1, 1575259393138438146, '2023-02-20 10:01:03', '2023-02-20 11:18:18'),
	(1627729800627556362, 1024984230121304705, '华明', '13454545454', 'hdsj002', 20, '2023-02', 3, 1, 1575259393138438146, '2023-02-20 10:01:24', '2023-02-20 11:18:18'),
	(1627729800627556363, 1024984365991588705, '海明月', '18566666667', 'shsj001', 20, '2023-02', 3, 1, 1575259393138438146, '2023-02-20 10:01:57', '2023-02-20 11:18:17'),
	(1627729800631750657, 1024984516357387297, '海阔', '18734736473', 'shsj002', 20, '2023-02', 3, 1, 1575259393138438146, '2023-02-20 10:02:32', '2023-02-20 11:18:17'),
	(1627729800631750658, 1024984720745821569, '周生生', '18776676767', 'hkkdy001', 20, '2023-02', 2, 1, 1575259393138438146, '2023-02-20 10:03:21', '2023-02-20 11:18:17'),
	(1627729800631750659, 1024984891772761697, '周生辰', '13434343434', 'hkkdy002', 20, '2023-02', 2, 1, 1575259393138438146, '2023-02-20 10:04:02', '2023-02-20 11:18:17'),
	(1627729800631750660, 1024985344870841121, '刘徽', '18737373647', 'pdkdy001', 20, '2023-02', 2, 1, 1575259393138438146, '2023-02-20 10:05:50', '2023-02-20 11:18:17'),
	(1627729800631750661, 1024985481462545409, '萧晏', '18737473647', 'pdkdy002', 20, '2023-02', 2, 1, 1575259393138438146, '2023-02-20 10:06:22', '2023-02-20 11:18:17'),
	(1627729800631750662, 1024985621531327777, '平秦王', '18723736473', 'hbsj001', 20, '2023-02', 3, 1, 1575259393138438146, '2023-02-20 10:06:56', '2023-02-20 11:18:48'),
	(1627729800631750663, 1024986076978217057, '长孙杰', '13987675455', 'hbsj002', 20, '2023-02', 3, 1, 1575259393138438146, '2023-02-20 10:08:44', '2023-02-20 11:18:48'),
	(1627729800631750664, 1024986455853892225, '漼时宜', '17898989565', 'bjsj002', 20, '2023-02', 3, 1, 1575259393138438146, '2023-02-20 10:10:15', '2023-02-20 11:18:48'),
	(1627729800631750665, 1024987310187482529, '宏晓誉', '18737437483', 'bjsj001', 20, '2023-02', 3, 1, 1575259393138438146, '2023-02-20 10:13:38', '2023-02-20 11:18:48'),
	(1627729800635944961, 1024987378881793537, '司沈阳', '13311111222', 'sysj001', 20, '2023-02', 3, 1, 1575259393138438146, '2023-02-20 10:13:57', '2023-02-20 11:18:48'),
	(1627729800635944962, 1024987860782158145, '顺意', '18734736473', 'sykdy001', 20, '2023-02', 2, 1, 1575259393138438146, '2023-02-20 10:15:50', '2023-02-20 11:18:48'),
	(1627729800635944963, 1024987931753976513, '顺心', '17647657465', 'sykdy002', 20, '2023-02', 2, 1, 1575259393138438146, '2023-02-20 10:16:07', '2023-02-20 11:18:48'),
	(1627729800635944964, 1024988097613534273, '景昌', '18784574758', 'cpkdy001', 20, '2023-02', 2, 1, 1575259393138438146, '2023-02-20 10:16:46', '2023-02-20 11:18:48'),
	(1627729800635944965, 1024988171324232993, '景元', '18783748374', 'cpkdy002', 20, '2023-02', 2, 1, 1575259393138438146, '2023-02-20 10:17:04', '2023-02-20 11:18:48'),
	(1627729800635944966, 1024988319861315553, '李和平', '13355554444', 'hpkdy001', 20, '2023-02', 2, 1, 1575347921490882562, '2023-02-20 10:17:39', '2023-02-20 16:06:11'),
	(1627729800635944967, 1024988498702245281, '李平和', '17788889999', 'hpkdy002', 20, '2023-02', 2, 1, 1575347921490882562, '2023-02-20 10:18:22', '2023-02-20 16:05:52'),
	(1627729800635944968, 1024988744815617761, '李姑皇', '17766667777', 'gukdy001', 20, '2023-02', 2, 1, 1575347921490882562, '2023-02-20 10:19:20', '2023-02-20 18:26:28'),
	(1627729800635944969, 1024989856838856577, '李皇姑', '18877776666', 'hgkdy002', 20, '2023-02', 2, 1, 1575347921490882562, '2023-02-20 10:23:46', '2023-02-20 18:28:37'),
	(1627729800640139265, 1024994498993865153, '司华中', '18877776666', 'hzsj', 20, '2023-02', 3, 1, 1575347921490882562, '2023-02-20 10:42:12', '2023-02-20 12:54:04'),
	(1627729800640139266, 1024994711959651169, '司武汉', '17788887777', 'whsj', 20, '2023-02', 3, 1, 1575347921490882562, '2023-02-20 10:43:03', '2023-02-20 15:55:24'),
	(1627729800640139267, 1024995063794648993, '李江汉', '17799990000', 'jhkdy001', 20, '2023-02', 2, 1, 1575347921490882562, '2023-02-20 10:44:27', '2023-02-20 12:54:04'),
	(1627729800640139268, 1024995257768626273, '李汉江', '17788882222', 'jhkdy002', 20, '2023-02', 2, 1, 1575347921490882562, '2023-02-20 10:45:13', '2023-02-20 09:50:15'),
	(1627729800640139269, 1024995991193013985, '李武昌', '18877778888', 'wckdy001', 20, '2023-02', 2, 1, 1575347921490882562, '2023-02-20 10:48:08', '2023-02-20 12:54:04'),
	(1627729800640139270, 1024996147695079329, '李昌武', '18877776666', 'wckdy002', 20, '2023-02', 2, 1, 1575347921490882562, '2023-02-20 10:48:45', '2023-02-20 12:54:04'),
	(1627729800640139271, 1024997316655995489, '司东北', '17788887777', 'dbsj', 20, '2023-02', 3, 1, 1575347921490882562, '2023-02-20 10:53:24', '2023-02-20 12:54:03'),
	(1627729800640139272, 1025074399029692449, '王和平', '17788887777', 'hpkdy003', 20, '2023-02', 2, 1, 1575347921490882562, '2023-02-20 15:59:42', '2023-02-20 16:01:07'),
	(1627729800640139273, 1025104059952247329, '司华南', '17788887777', 'hnsj001', 20, '2023-02', 3, 1, 1575258946549919745, '2023-02-20 17:57:36', '2023-02-20 09:40:21'),
	(1627729800640139274, 1025104550799061921, '司深圳', '18877776666', 'szsj001', 20, '2023-02', 3, 1, 1575258946549919745, '2023-02-20 17:59:31', '2023-02-20 09:40:21'),
	(1627729800644333570, 1025109259005971617, '王光明', '18877776666', 'gmkdy001', 20, '2023-02', 2, 1, 1575258946549919745, '2023-02-20 18:18:13', '2023-02-20 09:40:03'),
	(1627729800644333571, 1025110041134617825, '王保安', '18877776666', 'bakdy001', 20, '2023-02', 2, 1, 1575258946549919745, '2023-02-20 18:21:20', '2023-02-20 09:40:03'),
	(1627729801055375361, 1025110490961140193, '王明光', '16677779999', 'gmkdy002', 20, '2023-02', 2, 1, 1575258946549919745, '2023-02-20 18:23:07', '2023-02-20 09:40:02'),
	(1627729801055375362, 1025110675888003969, '王安宝', '16677776666', 'bakdy002', 20, '2023-02', 2, 1, 1575258946549919745, '2023-02-20 18:23:51', '2023-02-20 09:40:02'),
	(1627729801055375363, 1025110935532199265, '王越秀', '16688886666', 'yxkdy001', 20, '2023-02', 2, 1, 1575258946549919745, '2023-02-20 18:24:53', '2023-02-20 09:40:02'),
	(1627729801055375364, 1025111112225644097, '王华都', '17799995555', 'hdkdy001', 20, '2023-02', 2, 1, 1575258946549919745, '2023-02-20 18:25:37', '2023-02-20 09:40:02'),
	(1627729801055375365, 1025111247919767297, '王都花', '16677776666', 'hdkdy002', 20, '2023-02', 2, 1, 1575258946549919745, '2023-02-20 18:26:07', '2023-02-20 09:40:02'),
	(1627729801055375366, 1025111573938823425, '王秀越', '17788887777', 'yxkdy002', 20, '2023-02', 2, 1, 1575258946549919745, '2023-02-20 18:27:25', '2023-02-20 09:40:02'),
	(1627729801055375367, 1025112013736764417, '司广州', '18877770000', 'gzsj', 20, '2023-02', 3, 1, 1575258946549919745, '2023-02-20 18:29:10', '2023-02-20 09:40:01'),
	(1627729801055375368, 1025428687312684929, '张成飞', '18866666666', 'sl001', 20, '2023-02', 1, 1, 1575258946549919745, '2023-02-20 15:27:31', '2023-02-20 09:50:38'),
	(1627729801055375369, 1027527374507700225, '张调马', '13111332426', 'sldd001', 20, '2023-02', 1, 1, 1575259393138438146, '2023-02-20 10:26:57', '2023-02-20 13:38:23'),
	(1628092188107280386, 1024738476802799553, '周一', '13571250987', 'xbsj001', 21, '2023-02', 3, 1, 1575259393138438146, '2023-02-21 17:44:52', '2023-02-21 11:16:37'),
	(1628092188107280387, 1024738594893428865, '周二', '18500224566', 'xbsj002', 21, '2023-02', 3, 1, 1575259393138438146, '2023-02-21 17:45:20', '2023-02-21 11:16:37'),
	(1628092188107280388, 1024741978908228513, '吴用', '18500766555', 'xnsj001', 21, '2023-02', 3, 1, 1575259393138438146, '2023-02-21 17:58:47', '2023-02-21 11:16:37'),
	(1628092188107280389, 1024742117286706369, '吴西', '18346766666', 'xnsj002', 21, '2023-02', 3, 1, 1575259393138438146, '2023-02-21 17:59:20', '2023-02-21 11:16:37'),
	(1628092188111474689, 1024742265953811937, '成功', '18950867777', 'cdsj001', 21, '2023-02', 3, 1, 1575259393138438146, '2023-02-21 17:59:55', '2023-02-21 11:17:58'),
	(1628092188111474690, 1024742403489234657, '成仁', '18394867666', 'cdsj002', 21, '2023-02', 3, 1, 1575259393138438146, '2023-02-21 18:00:28', '2023-02-21 11:17:58'),
	(1628092188111474691, 1024976390379916929, '西王', '18355544444', 'xasj001', 21, '2023-02', 3, 1, 1575259393138438146, '2023-02-21 09:30:15', '2023-02-21 11:17:58'),
	(1628092188111474692, 1024976605161836353, '西米', '17655555555', 'xasj002', 21, '2023-02', 3, 1, 1575259393138438146, '2023-02-21 09:31:06', '2023-02-21 11:17:58'),
	(1628092188493156354, 1024976781221941281, '贝林', '13434343434', 'blkdy001', 21, '2023-02', 2, 1, 1575259393138438146, '2023-02-21 09:31:48', '2023-02-21 11:17:58'),
	(1628092188493156355, 1024976941658263777, '贝小贝', '13433434544', 'blkdy002', 21, '2023-02', 2, 1, 1575259393138438146, '2023-02-21 09:32:27', '2023-02-21 11:17:57'),
	(1628092188493156356, 1024977078208025057, '长小名', '18364636473', 'casj001', 21, '2023-02', 2, 1, 1575259393138438146, '2023-02-21 09:32:59', '2023-02-21 11:17:57'),
	(1628092188493156357, 1024977221418341025, '长城', '13445657565', 'casj002', 21, '2023-02', 2, 1, 1575259393138438146, '2023-02-21 09:33:33', '2023-02-21 11:17:57'),
	(1628092188493156358, 1024977388880122881, '金元宝', '18374673467', 'jnkdy001', 21, '2023-02', 2, 1, 1575259393138438146, '2023-02-21 09:34:13', '2023-02-21 11:17:56'),
	(1628092188493156359, 1024977522992993473, '金开', '18374734736', 'jnkdy002', 21, '2023-02', 2, 1, 1575259393138438146, '2023-02-21 09:34:45', '2023-02-21 11:17:55'),
	(1628092188493156360, 1024977621806601633, '青青', '18273827382', 'qykdy001', 21, '2023-02', 2, 1, 1575259393138438146, '2023-02-21 09:35:08', '2023-02-21 11:18:18'),
	(1628092188493156361, 1024977719693268993, '青风', '18273872382', 'qykdy002', 21, '2023-02', 2, 1, 1575259393138438146, '2023-02-21 09:35:32', '2023-02-21 11:18:18'),
	(1628092188493156362, 1024984140988150081, '华亮', '18837473473', 'hdsj001', 21, '2023-02', 3, 1, 1575259393138438146, '2023-02-21 10:01:03', '2023-02-21 11:18:18'),
	(1628092188493156363, 1024984230121304705, '华明', '13454545454', 'hdsj002', 21, '2023-02', 3, 1, 1575259393138438146, '2023-02-21 10:01:24', '2023-02-21 11:18:18'),
	(1628092188493156364, 1024984365991588705, '海明月', '18566666667', 'shsj001', 21, '2023-02', 3, 1, 1575259393138438146, '2023-02-21 10:01:57', '2023-02-21 11:18:17'),
	(1628092188497350657, 1024984516357387297, '海阔', '18734736473', 'shsj002', 21, '2023-02', 3, 1, 1575259393138438146, '2023-02-21 10:02:32', '2023-02-21 11:18:17'),
	(1628092188497350658, 1024984720745821569, '周生生', '18776676767', 'hkkdy001', 21, '2023-02', 2, 1, 1575259393138438146, '2023-02-21 10:03:21', '2023-02-21 11:18:17'),
	(1628092188497350659, 1024984891772761697, '周生辰', '13434343434', 'hkkdy002', 21, '2023-02', 2, 1, 1575259393138438146, '2023-02-21 10:04:02', '2023-02-21 11:18:17'),
	(1628092188497350660, 1024985344870841121, '刘徽', '18737373647', 'pdkdy001', 21, '2023-02', 2, 1, 1575259393138438146, '2023-02-21 10:05:50', '2023-02-21 11:18:17'),
	(1628092188497350661, 1024985481462545409, '萧晏', '18737473647', 'pdkdy002', 21, '2023-02', 2, 1, 1575259393138438146, '2023-02-21 10:06:22', '2023-02-21 11:18:17'),
	(1628092188497350662, 1024985621531327777, '平秦王', '18723736473', 'hbsj001', 21, '2023-02', 3, 1, 1575259393138438146, '2023-02-21 10:06:56', '2023-02-21 11:18:48'),
	(1628092188497350663, 1024986076978217057, '长孙杰', '13987675455', 'hbsj002', 21, '2023-02', 3, 1, 1575259393138438146, '2023-02-21 10:08:44', '2023-02-21 11:18:48'),
	(1628092188501544961, 1024986455853892225, '漼时宜', '17898989565', 'bjsj002', 21, '2023-02', 3, 1, 1575259393138438146, '2023-02-21 10:10:15', '2023-02-21 11:18:48'),
	(1628092188501544962, 1024987310187482529, '宏晓誉', '18737437483', 'bjsj001', 21, '2023-02', 3, 1, 1575259393138438146, '2023-02-21 10:13:38', '2023-02-21 11:18:48'),
	(1628092188501544963, 1024987378881793537, '司沈阳', '13311111222', 'sysj001', 21, '2023-02', 3, 1, 1575259393138438146, '2023-02-21 10:13:57', '2023-02-21 11:18:48'),
	(1628092188501544964, 1024987860782158145, '顺意', '18734736473', 'sykdy001', 21, '2023-02', 2, 1, 1575259393138438146, '2023-02-21 10:15:50', '2023-02-21 11:18:48'),
	(1628092188518322178, 1024987931753976513, '顺心', '17647657465', 'sykdy002', 21, '2023-02', 2, 1, 1575259393138438146, '2023-02-21 10:16:07', '2023-02-21 11:18:48'),
	(1628092188518322179, 1024988097613534273, '景昌', '18784574758', 'cpkdy001', 21, '2023-02', 2, 1, 1575259393138438146, '2023-02-21 10:16:46', '2023-02-21 11:18:48'),
	(1628092188518322180, 1024988171324232993, '景元', '18783748374', 'cpkdy002', 21, '2023-02', 2, 1, 1575259393138438146, '2023-02-21 10:17:04', '2023-02-21 11:18:48'),
	(1628092188518322181, 1024988319861315553, '李和平', '13355554444', 'hpkdy001', 21, '2023-02', 2, 1, 1575347921490882562, '2023-02-21 10:17:39', '2023-02-21 16:06:11'),
	(1628092188518322182, 1024988498702245281, '李平和', '17788889999', 'hpkdy002', 21, '2023-02', 2, 1, 1575347921490882562, '2023-02-21 10:18:22', '2023-02-21 16:05:52'),
	(1628092188518322183, 1024988744815617761, '李姑皇', '17766667777', 'gukdy001', 21, '2023-02', 2, 1, 1575347921490882562, '2023-02-21 10:19:20', '2023-02-21 18:26:28'),
	(1628092188518322184, 1024989856838856577, '李皇姑', '18877776666', 'hgkdy002', 21, '2023-02', 2, 1, 1575347921490882562, '2023-02-21 10:23:46', '2023-02-21 18:28:37'),
	(1628092188518322185, 1024994498993865153, '司华中', '18877776666', 'hzsj', 21, '2023-02', 3, 1, 1575347921490882562, '2023-02-21 10:42:12', '2023-02-21 12:54:04'),
	(1628092188518322186, 1024994711959651169, '司武汉', '17788887777', 'whsj', 21, '2023-02', 3, 1, 1575347921490882562, '2023-02-21 10:43:03', '2023-02-21 15:55:24'),
	(1628092188518322187, 1024995063794648993, '李江汉', '17799990000', 'jhkdy001', 21, '2023-02', 2, 1, 1575347921490882562, '2023-02-21 10:44:27', '2023-02-21 12:54:04'),
	(1628092188518322188, 1024995257768626273, '李汉江', '17788882222', 'jhkdy002', 21, '2023-02', 2, 1, 1575347921490882562, '2023-02-21 10:45:13', '2023-02-21 09:50:15'),
	(1628092188518322189, 1024995991193013985, '李武昌', '18877778888', 'wckdy001', 21, '2023-02', 2, 1, 1575347921490882562, '2023-02-21 10:48:08', '2023-02-21 12:54:04'),
	(1628092188908392449, 1024996147695079329, '李昌武', '18877776666', 'wckdy002', 21, '2023-02', 2, 1, 1575347921490882562, '2023-02-21 10:48:45', '2023-02-21 12:54:04'),
	(1628092188908392450, 1024997316655995489, '司东北', '17788887777', 'dbsj', 21, '2023-02', 3, 1, 1575347921490882562, '2023-02-21 10:53:24', '2023-02-21 12:54:03'),
	(1628092188908392451, 1025074399029692449, '王和平', '17788887777', 'hpkdy003', 21, '2023-02', 2, 1, 1575347921490882562, '2023-02-21 15:59:42', '2023-02-21 16:01:07'),
	(1628092188912586754, 1025104059952247329, '司华南', '17788887777', 'hnsj001', 21, '2023-02', 3, 1, 1575258946549919745, '2023-02-21 17:57:36', '2023-02-21 09:40:21'),
	(1628092188912586755, 1025104550799061921, '司深圳', '18877776666', 'szsj001', 21, '2023-02', 3, 1, 1575258946549919745, '2023-02-21 17:59:31', '2023-02-21 09:40:21'),
	(1628092188912586756, 1025109259005971617, '王光明', '18877776666', 'gmkdy001', 21, '2023-02', 2, 1, 1575258946549919745, '2023-02-21 18:18:13', '2023-02-21 09:40:03'),
	(1628092188912586757, 1025110041134617825, '王保安', '18877776666', 'bakdy001', 21, '2023-02', 2, 1, 1575258946549919745, '2023-02-21 18:21:20', '2023-02-21 09:40:03'),
	(1628092188912586758, 1025110490961140193, '王明光', '16677779999', 'gmkdy002', 21, '2023-02', 2, 1, 1575258946549919745, '2023-02-21 18:23:07', '2023-02-21 09:40:02'),
	(1628092188912586759, 1025110675888003969, '王安宝', '16677776666', 'bakdy002', 21, '2023-02', 2, 1, 1575258946549919745, '2023-02-21 18:23:51', '2023-02-21 09:40:02'),
	(1628092188912586760, 1025110935532199265, '王越秀', '16688886666', 'yxkdy001', 21, '2023-02', 2, 1, 1575258946549919745, '2023-02-21 18:24:53', '2023-02-21 09:40:02'),
	(1628092188912586761, 1025111112225644097, '王华都', '17799995555', 'hdkdy001', 21, '2023-02', 2, 1, 1575258946549919745, '2023-02-21 18:25:37', '2023-02-21 09:40:02'),
	(1628092188912586762, 1025111247919767297, '王都花', '16677776666', 'hdkdy002', 21, '2023-02', 2, 1, 1575258946549919745, '2023-02-21 18:26:07', '2023-02-21 09:40:02'),
	(1628092188912586763, 1025111573938823425, '王秀越', '17788887777', 'yxkdy002', 21, '2023-02', 2, 1, 1575258946549919745, '2023-02-21 18:27:25', '2023-02-21 09:40:02'),
	(1628092188912586764, 1025112013736764417, '司广州', '18877770000', 'gzsj', 21, '2023-02', 3, 1, 1575258946549919745, '2023-02-21 18:29:10', '2023-02-21 09:40:01'),
	(1628092188912586765, 1025428687312684929, '张成飞', '18866666666', 'sl001', 21, '2023-02', 1, 1, 1575258946549919745, '2023-02-21 15:27:31', '2023-02-21 09:50:38'),
	(1628092188916781058, 1027527374507700225, '张调马', '13111332426', 'sldd001', 21, '2023-02', 1, 1, 1575259393138438146, '2023-02-21 10:26:57', '2023-02-21 13:38:23'),
	(1628454577243754497, 1024738476802799553, '周一', '13571250987', 'xbsj001', 22, '2023-02', 3, 1, 1575259393138438146, '2023-02-22 17:44:52', '2023-02-22 11:16:37'),
	(1628454577646407682, 1024738594893428865, '周二', '18500224566', 'xbsj002', 22, '2023-02', 3, 1, 1575259393138438146, '2023-02-22 17:45:20', '2023-02-22 11:16:37'),
	(1628454577646407683, 1024741978908228513, '吴用', '18500766555', 'xnsj001', 22, '2023-02', 3, 1, 1575259393138438146, '2023-02-22 17:58:47', '2023-02-22 11:16:37'),
	(1628454577646407684, 1024742117286706369, '吴西', '18346766666', 'xnsj002', 22, '2023-02', 3, 1, 1575259393138438146, '2023-02-22 17:59:20', '2023-02-22 11:16:37'),
	(1628454577650601986, 1024742265953811937, '成功', '18950867777', 'cdsj001', 22, '2023-02', 3, 1, 1575259393138438146, '2023-02-22 17:59:55', '2023-02-22 11:17:58'),
	(1628454577650601987, 1024742403489234657, '成仁', '18394867666', 'cdsj002', 22, '2023-02', 3, 1, 1575259393138438146, '2023-02-22 18:00:28', '2023-02-22 11:17:58'),
	(1628454577650601988, 1024976390379916929, '西王', '18355544444', 'xasj001', 22, '2023-02', 3, 1, 1575259393138438146, '2023-02-22 09:30:15', '2023-02-22 11:17:58'),
	(1628454577650601989, 1024976605161836353, '西米', '17655555555', 'xasj002', 22, '2023-02', 3, 1, 1575259393138438146, '2023-02-22 09:31:06', '2023-02-22 11:17:58'),
	(1628454577650601990, 1024976781221941281, '贝林', '13434343434', 'blkdy001', 22, '2023-02', 2, 1, 1575259393138438146, '2023-02-22 09:31:48', '2023-02-22 11:17:58'),
	(1628454577650601991, 1024976941658263777, '贝小贝', '13433434544', 'blkdy002', 22, '2023-02', 2, 1, 1575259393138438146, '2023-02-22 09:32:27', '2023-02-22 11:17:57'),
	(1628454577650601992, 1024977078208025057, '长小名', '18364636473', 'casj001', 22, '2023-02', 2, 1, 1575259393138438146, '2023-02-22 09:32:59', '2023-02-22 11:17:57'),
	(1628454577654796289, 1024977221418341025, '长城', '13445657565', 'casj002', 22, '2023-02', 2, 1, 1575259393138438146, '2023-02-22 09:33:33', '2023-02-22 11:17:57'),
	(1628454577654796290, 1024977388880122881, '金元宝', '18374673467', 'jnkdy001', 22, '2023-02', 2, 1, 1575259393138438146, '2023-02-22 09:34:13', '2023-02-22 11:17:56'),
	(1628454577654796291, 1024977522992993473, '金开', '18374734736', 'jnkdy002', 22, '2023-02', 2, 1, 1575259393138438146, '2023-02-22 09:34:45', '2023-02-22 11:17:55'),
	(1628454577654796292, 1024977621806601633, '青青', '18273827382', 'qykdy001', 22, '2023-02', 2, 1, 1575259393138438146, '2023-02-22 09:35:08', '2023-02-22 11:18:18'),
	(1628454577654796293, 1024977719693268993, '青风', '18273872382', 'qykdy002', 22, '2023-02', 2, 1, 1575259393138438146, '2023-02-22 09:35:32', '2023-02-22 11:18:18'),
	(1628454577654796294, 1024984140988150081, '华亮', '18837473473', 'hdsj001', 22, '2023-02', 3, 1, 1575259393138438146, '2023-02-22 10:01:03', '2023-02-22 11:18:18'),
	(1628454577654796295, 1024984230121304705, '华明', '13454545454', 'hdsj002', 22, '2023-02', 3, 1, 1575259393138438146, '2023-02-22 10:01:24', '2023-02-22 11:18:18'),
	(1628454577654796296, 1024984365991588705, '海明月', '18566666667', 'shsj001', 22, '2023-02', 3, 1, 1575259393138438146, '2023-02-22 10:01:57', '2023-02-22 11:18:17'),
	(1628454577658990593, 1024984516357387297, '海阔', '18734736473', 'shsj002', 22, '2023-02', 3, 1, 1575259393138438146, '2023-02-22 10:02:32', '2023-02-22 11:18:17'),
	(1628454577658990594, 1024984720745821569, '周生生', '18776676767', 'hkkdy001', 22, '2023-02', 2, 1, 1575259393138438146, '2023-02-22 10:03:21', '2023-02-22 11:18:17'),
	(1628454577658990595, 1024984891772761697, '周生辰', '13434343434', 'hkkdy002', 22, '2023-02', 2, 1, 1575259393138438146, '2023-02-22 10:04:02', '2023-02-22 11:18:17'),
	(1628454577658990596, 1024985344870841121, '刘徽', '18737373647', 'pdkdy001', 22, '2023-02', 2, 1, 1575259393138438146, '2023-02-22 10:05:50', '2023-02-22 11:18:17'),
	(1628454577658990597, 1024985481462545409, '萧晏', '18737473647', 'pdkdy002', 22, '2023-02', 2, 1, 1575259393138438146, '2023-02-22 10:06:22', '2023-02-22 11:18:17'),
	(1628454577658990598, 1024985621531327777, '平秦王', '18723736473', 'hbsj001', 22, '2023-02', 3, 1, 1575259393138438146, '2023-02-22 10:06:56', '2023-02-22 11:18:48'),
	(1628454577663184898, 1024986076978217057, '长孙杰', '13987675455', 'hbsj002', 22, '2023-02', 3, 1, 1575259393138438146, '2023-02-22 10:08:44', '2023-02-22 11:18:48'),
	(1628454577663184899, 1024986455853892225, '漼时宜', '17898989565', 'bjsj002', 22, '2023-02', 3, 1, 1575259393138438146, '2023-02-22 10:10:15', '2023-02-22 11:18:48'),
	(1628454577663184900, 1024987310187482529, '宏晓誉', '18737437483', 'bjsj001', 22, '2023-02', 3, 1, 1575259393138438146, '2023-02-22 10:13:38', '2023-02-22 11:18:48'),
	(1628454577663184901, 1024987378881793537, '司沈阳', '13311111222', 'sysj001', 22, '2023-02', 3, 1, 1575259393138438146, '2023-02-22 10:13:57', '2023-02-22 11:18:48'),
	(1628454577663184902, 1024987860782158145, '顺意', '18734736473', 'sykdy001', 22, '2023-02', 2, 1, 1575259393138438146, '2023-02-22 10:15:50', '2023-02-22 11:18:48'),
	(1628454577663184903, 1024987931753976513, '顺心', '17647657465', 'sykdy002', 22, '2023-02', 2, 1, 1575259393138438146, '2023-02-22 10:16:07', '2023-02-22 11:18:48'),
	(1628454577663184904, 1024988097613534273, '景昌', '18784574758', 'cpkdy001', 22, '2023-02', 2, 1, 1575259393138438146, '2023-02-22 10:16:46', '2023-02-22 11:18:48'),
	(1628454577663184905, 1024988171324232993, '景元', '18783748374', 'cpkdy002', 22, '2023-02', 2, 1, 1575259393138438146, '2023-02-22 10:17:04', '2023-02-22 11:18:48'),
	(1628454577667379201, 1024988319861315553, '李和平', '13355554444', 'hpkdy001', 22, '2023-02', 2, 1, 1575347921490882562, '2023-02-22 10:17:39', '2023-02-22 16:06:11'),
	(1628454577667379202, 1024988498702245281, '李平和', '17788889999', 'hpkdy002', 22, '2023-02', 2, 1, 1575347921490882562, '2023-02-22 10:18:22', '2023-02-22 16:05:52'),
	(1628454577667379203, 1024988744815617761, '李姑皇', '17766667777', 'gukdy001', 22, '2023-02', 2, 1, 1575347921490882562, '2023-02-22 10:19:20', '2023-02-22 18:26:28'),
	(1628454577667379204, 1024989856838856577, '李皇姑', '18877776666', 'hgkdy002', 22, '2023-02', 2, 1, 1575347921490882562, '2023-02-22 10:23:46', '2023-02-22 18:28:37'),
	(1628454577667379205, 1024994498993865153, '司华中', '18877776666', 'hzsj', 22, '2023-02', 3, 1, 1575347921490882562, '2023-02-22 10:42:12', '2023-02-22 12:54:04'),
	(1628454577667379206, 1024994711959651169, '司武汉', '17788887777', 'whsj', 22, '2023-02', 3, 1, 1575347921490882562, '2023-02-22 10:43:03', '2023-02-22 15:55:24'),
	(1628454577667379207, 1024995063794648993, '李江汉', '17799990000', 'jhkdy001', 22, '2023-02', 2, 1, 1575347921490882562, '2023-02-22 10:44:27', '2023-02-22 12:54:04'),
	(1628454577667379208, 1024995257768626273, '李汉江', '17788882222', 'jhkdy002', 22, '2023-02', 2, 1, 1575347921490882562, '2023-02-22 10:45:13', '2023-02-22 09:50:15'),
	(1628454577667379209, 1024995991193013985, '李武昌', '18877778888', 'wckdy001', 22, '2023-02', 2, 1, 1575347921490882562, '2023-02-22 10:48:08', '2023-02-22 12:54:04'),
	(1628454577671573505, 1024996147695079329, '李昌武', '18877776666', 'wckdy002', 22, '2023-02', 2, 1, 1575347921490882562, '2023-02-22 10:48:45', '2023-02-22 12:54:04'),
	(1628454577671573506, 1024997316655995489, '司东北', '17788887777', 'dbsj', 22, '2023-02', 3, 1, 1575347921490882562, '2023-02-22 10:53:24', '2023-02-22 12:54:03'),
	(1628454577671573507, 1025074399029692449, '王和平', '17788887777', 'hpkdy003', 22, '2023-02', 2, 1, 1575347921490882562, '2023-02-22 15:59:42', '2023-02-22 16:01:07'),
	(1628454578036477954, 1025104059952247329, '司华南', '17788887777', 'hnsj001', 22, '2023-02', 3, 1, 1575258946549919745, '2023-02-22 17:57:36', '2023-02-22 09:40:21'),
	(1628454578036477955, 1025104550799061921, '司深圳', '18877776666', 'szsj001', 22, '2023-02', 3, 1, 1575258946549919745, '2023-02-22 17:59:31', '2023-02-22 09:40:21'),
	(1628454578036477956, 1025109259005971617, '王光明', '18877776666', 'gmkdy001', 22, '2023-02', 2, 1, 1575258946549919745, '2023-02-22 18:18:13', '2023-02-22 09:40:03'),
	(1628454578036477957, 1025110041134617825, '王保安', '18877776666', 'bakdy001', 22, '2023-02', 2, 1, 1575258946549919745, '2023-02-22 18:21:20', '2023-02-22 09:40:03'),
	(1628454578036477958, 1025110490961140193, '王明光', '16677779999', 'gmkdy002', 22, '2023-02', 2, 1, 1575258946549919745, '2023-02-22 18:23:07', '2023-02-22 09:40:02'),
	(1628454578040672258, 1025110675888003969, '王安宝', '16677776666', 'bakdy002', 22, '2023-02', 2, 1, 1575258946549919745, '2023-02-22 18:23:51', '2023-02-22 09:40:02'),
	(1628454578040672259, 1025110935532199265, '王越秀', '16688886666', 'yxkdy001', 22, '2023-02', 2, 1, 1575258946549919745, '2023-02-22 18:24:53', '2023-02-22 09:40:02'),
	(1628454578040672260, 1025111112225644097, '王华都', '17799995555', 'hdkdy001', 22, '2023-02', 2, 1, 1575258946549919745, '2023-02-22 18:25:37', '2023-02-22 09:40:02'),
	(1628454578040672261, 1025111247919767297, '王都花', '16677776666', 'hdkdy002', 22, '2023-02', 2, 1, 1575258946549919745, '2023-02-22 18:26:07', '2023-02-22 09:40:02'),
	(1628454578040672262, 1025111573938823425, '王秀越', '17788887777', 'yxkdy002', 22, '2023-02', 2, 1, 1575258946549919745, '2023-02-22 18:27:25', '2023-02-22 09:40:02'),
	(1628454578040672263, 1025112013736764417, '司广州', '18877770000', 'gzsj', 22, '2023-02', 3, 1, 1575258946549919745, '2023-02-22 18:29:10', '2023-02-22 09:40:01'),
	(1628454578040672264, 1025428687312684929, '张成飞', '18866666666', 'sl001', 22, '2023-02', 1, 1, 1575258946549919745, '2023-02-22 15:27:31', '2023-02-22 09:50:38'),
	(1628454578040672265, 1027527374507700225, '张调马', '13111332426', 'sldd001', 22, '2023-02', 1, 1, 1575259393138438146, '2023-02-22 10:26:57', '2023-02-22 13:38:23'),
	(1628816964681535489, 1024738476802799553, '周一', '13571250987', 'xbsj001', 23, '2023-02', 3, 1, 1575259393138438146, '2023-02-23 17:44:52', '2023-02-23 11:16:37'),
	(1628816964681535490, 1024738594893428865, '周二', '18500224566', 'xbsj002', 23, '2023-02', 3, 1, 1575259393138438146, '2023-02-23 17:45:20', '2023-02-23 11:16:37'),
	(1628816964681535491, 1024741978908228513, '吴用', '18500766555', 'xnsj001', 23, '2023-02', 3, 1, 1575259393138438146, '2023-02-23 17:58:47', '2023-02-23 11:16:37'),
	(1628816964685729794, 1024742117286706369, '吴西', '18346766666', 'xnsj002', 23, '2023-02', 3, 1, 1575259393138438146, '2023-02-23 17:59:20', '2023-02-23 11:16:37'),
	(1628816964685729795, 1024742265953811937, '成功', '18950867777', 'cdsj001', 23, '2023-02', 3, 1, 1575259393138438146, '2023-02-23 17:59:55', '2023-02-23 11:17:58'),
	(1628816965075800065, 1024742403489234657, '成仁', '18394867666', 'cdsj002', 23, '2023-02', 3, 1, 1575259393138438146, '2023-02-23 18:00:28', '2023-02-23 11:17:58'),
	(1628816965075800066, 1024976390379916929, '西王', '18355544444', 'xasj001', 23, '2023-02', 3, 1, 1575259393138438146, '2023-02-23 09:30:15', '2023-02-23 11:17:58'),
	(1628816965075800067, 1024976605161836353, '西米', '17655555555', 'xasj002', 23, '2023-02', 3, 1, 1575259393138438146, '2023-02-23 09:31:06', '2023-02-23 11:17:58'),
	(1628816965075800068, 1024976781221941281, '贝林', '13434343434', 'blkdy001', 23, '2023-02', 2, 1, 1575259393138438146, '2023-02-23 09:31:48', '2023-02-23 11:17:58'),
	(1628816965079994370, 1024976941658263777, '贝小贝', '13433434544', 'blkdy002', 23, '2023-02', 2, 1, 1575259393138438146, '2023-02-23 09:32:27', '2023-02-23 11:17:57'),
	(1628816965079994371, 1024977078208025057, '长小名', '18364636473', 'casj001', 23, '2023-02', 2, 1, 1575259393138438146, '2023-02-23 09:32:59', '2023-02-23 11:17:57'),
	(1628816965079994372, 1024977221418341025, '长城', '13445657565', 'casj002', 23, '2023-02', 2, 1, 1575259393138438146, '2023-02-23 09:33:33', '2023-02-23 11:17:57'),
	(1628816965079994373, 1024977388880122881, '金元宝', '18374673467', 'jnkdy001', 23, '2023-02', 2, 1, 1575259393138438146, '2023-02-23 09:34:13', '2023-02-23 11:17:56'),
	(1628816965079994374, 1024977522992993473, '金开', '18374734736', 'jnkdy002', 23, '2023-02', 2, 1, 1575259393138438146, '2023-02-23 09:34:45', '2023-02-23 11:17:55'),
	(1628816965079994375, 1024977621806601633, '青青', '18273827382', 'qykdy001', 23, '2023-02', 2, 1, 1575259393138438146, '2023-02-23 09:35:08', '2023-02-23 11:18:18'),
	(1628816965079994376, 1024977719693268993, '青风', '18273872382', 'qykdy002', 23, '2023-02', 2, 1, 1575259393138438146, '2023-02-23 09:35:32', '2023-02-23 11:18:18'),
	(1628816965079994377, 1024984140988150081, '华亮', '18837473473', 'hdsj001', 23, '2023-02', 3, 1, 1575259393138438146, '2023-02-23 10:01:03', '2023-02-23 11:18:18'),
	(1628816965079994378, 1024984230121304705, '华明', '13454545454', 'hdsj002', 23, '2023-02', 3, 1, 1575259393138438146, '2023-02-23 10:01:24', '2023-02-23 11:18:18'),
	(1628816965079994379, 1024984365991588705, '海明月', '18566666667', 'shsj001', 23, '2023-02', 3, 1, 1575259393138438146, '2023-02-23 10:01:57', '2023-02-23 11:18:17'),
	(1628816965079994380, 1024984516357387297, '海阔', '18734736473', 'shsj002', 23, '2023-02', 3, 1, 1575259393138438146, '2023-02-23 10:02:32', '2023-02-23 11:18:17'),
	(1628816965079994381, 1024984720745821569, '周生生', '18776676767', 'hkkdy001', 23, '2023-02', 2, 1, 1575259393138438146, '2023-02-23 10:03:21', '2023-02-23 11:18:17'),
	(1628816965079994382, 1024984891772761697, '周生辰', '13434343434', 'hkkdy002', 23, '2023-02', 2, 1, 1575259393138438146, '2023-02-23 10:04:02', '2023-02-23 11:18:17'),
	(1628816965079994383, 1024985344870841121, '刘徽', '18737373647', 'pdkdy001', 23, '2023-02', 2, 1, 1575259393138438146, '2023-02-23 10:05:50', '2023-02-23 11:18:17'),
	(1628816965079994384, 1024985481462545409, '萧晏', '18737473647', 'pdkdy002', 23, '2023-02', 2, 1, 1575259393138438146, '2023-02-23 10:06:22', '2023-02-23 11:18:17'),
	(1628816965079994385, 1024985621531327777, '平秦王', '18723736473', 'hbsj001', 23, '2023-02', 3, 1, 1575259393138438146, '2023-02-23 10:06:56', '2023-02-23 11:18:48'),
	(1628816965079994386, 1024986076978217057, '长孙杰', '13987675455', 'hbsj002', 23, '2023-02', 3, 1, 1575259393138438146, '2023-02-23 10:08:44', '2023-02-23 11:18:48'),
	(1628816965079994387, 1024986455853892225, '漼时宜', '17898989565', 'bjsj002', 23, '2023-02', 3, 1, 1575259393138438146, '2023-02-23 10:10:15', '2023-02-23 11:18:48'),
	(1628816965079994388, 1024987310187482529, '宏晓誉', '18737437483', 'bjsj001', 23, '2023-02', 3, 1, 1575259393138438146, '2023-02-23 10:13:38', '2023-02-23 11:18:48'),
	(1628816965079994389, 1024987378881793537, '司沈阳', '13311111222', 'sysj001', 23, '2023-02', 3, 1, 1575259393138438146, '2023-02-23 10:13:57', '2023-02-23 11:18:48'),
	(1628816965079994390, 1024987860782158145, '顺意', '18734736473', 'sykdy001', 23, '2023-02', 2, 1, 1575259393138438146, '2023-02-23 10:15:50', '2023-02-23 11:18:48'),
	(1628816965079994391, 1024987931753976513, '顺心', '17647657465', 'sykdy002', 23, '2023-02', 2, 1, 1575259393138438146, '2023-02-23 10:16:07', '2023-02-23 11:18:48'),
	(1628816965079994392, 1024988097613534273, '景昌', '18784574758', 'cpkdy001', 23, '2023-02', 2, 1, 1575259393138438146, '2023-02-23 10:16:46', '2023-02-23 11:18:48'),
	(1628816965079994393, 1024988171324232993, '景元', '18783748374', 'cpkdy002', 23, '2023-02', 2, 1, 1575259393138438146, '2023-02-23 10:17:04', '2023-02-23 11:18:48'),
	(1628816965079994394, 1024988319861315553, '李和平', '13355554444', 'hpkdy001', 23, '2023-02', 2, 1, 1575347921490882562, '2023-02-23 10:17:39', '2023-02-23 16:06:11'),
	(1628816965079994395, 1024988498702245281, '李平和', '17788889999', 'hpkdy002', 23, '2023-02', 2, 1, 1575347921490882562, '2023-02-23 10:18:22', '2023-02-23 16:05:52'),
	(1628816965079994396, 1024988744815617761, '李姑皇', '17766667777', 'gukdy001', 23, '2023-02', 2, 1, 1575347921490882562, '2023-02-23 10:19:20', '2023-02-23 18:26:28'),
	(1628816965079994397, 1024989856838856577, '李皇姑', '18877776666', 'hgkdy002', 23, '2023-02', 2, 1, 1575347921490882562, '2023-02-23 10:23:46', '2023-02-23 18:28:37'),
	(1628816965079994398, 1024994498993865153, '司华中', '18877776666', 'hzsj', 23, '2023-02', 3, 1, 1575347921490882562, '2023-02-23 10:42:12', '2023-02-23 12:54:04'),
	(1628816965079994399, 1024994711959651169, '司武汉', '17788887777', 'whsj', 23, '2023-02', 3, 1, 1575347921490882562, '2023-02-23 10:43:03', '2023-02-23 15:55:24'),
	(1628816965079994400, 1024995063794648993, '李江汉', '17799990000', 'jhkdy001', 23, '2023-02', 2, 1, 1575347921490882562, '2023-02-23 10:44:27', '2023-02-23 12:54:04'),
	(1628816965079994401, 1024995257768626273, '李汉江', '17788882222', 'jhkdy002', 23, '2023-02', 2, 1, 1575347921490882562, '2023-02-23 10:45:13', '2023-02-23 09:50:15'),
	(1628816965079994402, 1024995991193013985, '李武昌', '18877778888', 'wckdy001', 23, '2023-02', 2, 1, 1575347921490882562, '2023-02-23 10:48:08', '2023-02-23 12:54:04'),
	(1628816965079994403, 1024996147695079329, '李昌武', '18877776666', 'wckdy002', 23, '2023-02', 2, 1, 1575347921490882562, '2023-02-23 10:48:45', '2023-02-23 12:54:04'),
	(1628816965079994404, 1024997316655995489, '司东北', '17788887777', 'dbsj', 23, '2023-02', 3, 1, 1575347921490882562, '2023-02-23 10:53:24', '2023-02-23 12:54:03'),
	(1628816965079994405, 1025074399029692449, '王和平', '17788887777', 'hpkdy003', 23, '2023-02', 2, 1, 1575347921490882562, '2023-02-23 15:59:42', '2023-02-23 16:01:07'),
	(1628816965079994406, 1025104059952247329, '司华南', '17788887777', 'hnsj001', 23, '2023-02', 3, 1, 1575258946549919745, '2023-02-23 17:57:36', '2023-02-23 09:40:21'),
	(1628816965532979201, 1025104550799061921, '司深圳', '18877776666', 'szsj001', 23, '2023-02', 3, 1, 1575258946549919745, '2023-02-23 17:59:31', '2023-02-23 09:40:21'),
	(1628816965532979202, 1025109259005971617, '王光明', '18877776666', 'gmkdy001', 23, '2023-02', 2, 1, 1575258946549919745, '2023-02-23 18:18:13', '2023-02-23 09:40:03'),
	(1628816965532979203, 1025110041134617825, '王保安', '18877776666', 'bakdy001', 23, '2023-02', 2, 1, 1575258946549919745, '2023-02-23 18:21:20', '2023-02-23 09:40:03'),
	(1628816965532979204, 1025110490961140193, '王明光', '16677779999', 'gmkdy002', 23, '2023-02', 2, 1, 1575258946549919745, '2023-02-23 18:23:07', '2023-02-23 09:40:02'),
	(1628816965902077953, 1025110675888003969, '王安宝', '16677776666', 'bakdy002', 23, '2023-02', 2, 1, 1575258946549919745, '2023-02-23 18:23:51', '2023-02-23 09:40:02'),
	(1628816965902077954, 1025110935532199265, '王越秀', '16688886666', 'yxkdy001', 23, '2023-02', 2, 1, 1575258946549919745, '2023-02-23 18:24:53', '2023-02-23 09:40:02'),
	(1628816965902077955, 1025111112225644097, '王华都', '17799995555', 'hdkdy001', 23, '2023-02', 2, 1, 1575258946549919745, '2023-02-23 18:25:37', '2023-02-23 09:40:02'),
	(1628816965902077956, 1025111247919767297, '王都花', '16677776666', 'hdkdy002', 23, '2023-02', 2, 1, 1575258946549919745, '2023-02-23 18:26:07', '2023-02-23 09:40:02'),
	(1628816965902077957, 1025111573938823425, '王秀越', '17788887777', 'yxkdy002', 23, '2023-02', 2, 1, 1575258946549919745, '2023-02-23 18:27:25', '2023-02-23 09:40:02'),
	(1628816965902077958, 1025112013736764417, '司广州', '18877770000', 'gzsj', 23, '2023-02', 3, 1, 1575258946549919745, '2023-02-23 18:29:10', '2023-02-23 09:40:01'),
	(1628816965906272257, 1025428687312684929, '张成飞', '18866666666', 'sl001', 23, '2023-02', 1, 1, 1575258946549919745, '2023-02-23 15:27:31', '2023-02-23 09:50:38'),
	(1628816965906272258, 1027527374507700225, '张调马', '13111332426', 'sldd001', 23, '2023-02', 1, 1, 1575259393138438146, '2023-02-23 10:26:57', '2023-02-23 13:38:23'),
	(1629179357538357249, 1024738476802799553, '周一', '13571250987', 'xbsj001', 24, '2023-02', 3, 1, 1575259393138438146, '2023-02-24 17:44:52', '2023-02-24 11:16:37'),
	(1629179357542551554, 1024738594893428865, '周二', '18500224566', 'xbsj002', 24, '2023-02', 3, 1, 1575259393138438146, '2023-02-24 17:45:20', '2023-02-24 11:16:37'),
	(1629179357542551555, 1024741978908228513, '吴用', '18500766555', 'xnsj001', 24, '2023-02', 3, 1, 1575259393138438146, '2023-02-24 17:58:47', '2023-02-24 11:16:37'),
	(1629179357542551556, 1024742117286706369, '吴西', '18346766666', 'xnsj002', 24, '2023-02', 3, 1, 1575259393138438146, '2023-02-24 17:59:20', '2023-02-24 11:16:37'),
	(1629179357542551557, 1024742265953811937, '成功', '18950867777', 'cdsj001', 24, '2023-02', 3, 1, 1575259393138438146, '2023-02-24 17:59:55', '2023-02-24 11:17:58'),
	(1629179357542551558, 1024742403489234657, '成仁', '18394867666', 'cdsj002', 24, '2023-02', 3, 1, 1575259393138438146, '2023-02-24 18:00:28', '2023-02-24 11:17:58'),
	(1629179357542551559, 1024976390379916929, '西王', '18355544444', 'xasj001', 24, '2023-02', 3, 1, 1575259393138438146, '2023-02-24 09:30:15', '2023-02-24 11:17:58'),
	(1629179357546745858, 1024976605161836353, '西米', '17655555555', 'xasj002', 24, '2023-02', 3, 1, 1575259393138438146, '2023-02-24 09:31:06', '2023-02-24 11:17:58'),
	(1629179357546745859, 1024976781221941281, '贝林', '13434343434', 'blkdy001', 24, '2023-02', 2, 1, 1575259393138438146, '2023-02-24 09:31:48', '2023-02-24 11:17:58'),
	(1629179357546745860, 1024976941658263777, '贝小贝', '13433434544', 'blkdy002', 24, '2023-02', 2, 1, 1575259393138438146, '2023-02-24 09:32:27', '2023-02-24 11:17:57'),
	(1629179357546745861, 1024977078208025057, '长小名', '18364636473', 'casj001', 24, '2023-02', 2, 1, 1575259393138438146, '2023-02-24 09:32:59', '2023-02-24 11:17:57'),
	(1629179357546745862, 1024977221418341025, '长城', '13445657565', 'casj002', 24, '2023-02', 2, 1, 1575259393138438146, '2023-02-24 09:33:33', '2023-02-24 11:17:57'),
	(1629179357546745863, 1024977388880122881, '金元宝', '18374673467', 'jnkdy001', 24, '2023-02', 2, 1, 1575259393138438146, '2023-02-24 09:34:13', '2023-02-24 11:17:56'),
	(1629179357546745864, 1024977522992993473, '金开', '18374734736', 'jnkdy002', 24, '2023-02', 2, 1, 1575259393138438146, '2023-02-24 09:34:45', '2023-02-24 11:17:55'),
	(1629179357546745865, 1024977621806601633, '青青', '18273827382', 'qykdy001', 24, '2023-02', 2, 1, 1575259393138438146, '2023-02-24 09:35:08', '2023-02-24 11:18:18'),
	(1629179357546745866, 1024977719693268993, '青风', '18273872382', 'qykdy002', 24, '2023-02', 2, 1, 1575259393138438146, '2023-02-24 09:35:32', '2023-02-24 11:18:18'),
	(1629179357546745867, 1024984140988150081, '华亮', '18837473473', 'hdsj001', 24, '2023-02', 3, 1, 1575259393138438146, '2023-02-24 10:01:03', '2023-02-24 11:18:18'),
	(1629179357550940161, 1024984230121304705, '华明', '13454545454', 'hdsj002', 24, '2023-02', 3, 1, 1575259393138438146, '2023-02-24 10:01:24', '2023-02-24 11:18:18'),
	(1629179357550940162, 1024984365991588705, '海明月', '18566666667', 'shsj001', 24, '2023-02', 3, 1, 1575259393138438146, '2023-02-24 10:01:57', '2023-02-24 11:18:17'),
	(1629179357550940163, 1024984516357387297, '海阔', '18734736473', 'shsj002', 24, '2023-02', 3, 1, 1575259393138438146, '2023-02-24 10:02:32', '2023-02-24 11:18:17'),
	(1629179357550940164, 1024984720745821569, '周生生', '18776676767', 'hkkdy001', 24, '2023-02', 2, 1, 1575259393138438146, '2023-02-24 10:03:21', '2023-02-24 11:18:17'),
	(1629179357550940165, 1024984891772761697, '周生辰', '13434343434', 'hkkdy002', 24, '2023-02', 2, 1, 1575259393138438146, '2023-02-24 10:04:02', '2023-02-24 11:18:17'),
	(1629179357550940166, 1024985344870841121, '刘徽', '18737373647', 'pdkdy001', 24, '2023-02', 2, 1, 1575259393138438146, '2023-02-24 10:05:50', '2023-02-24 11:18:17'),
	(1629179357550940167, 1024985481462545409, '萧晏', '18737473647', 'pdkdy002', 24, '2023-02', 2, 1, 1575259393138438146, '2023-02-24 10:06:22', '2023-02-24 11:18:17'),
	(1629179357550940168, 1024985621531327777, '平秦王', '18723736473', 'hbsj001', 24, '2023-02', 3, 1, 1575259393138438146, '2023-02-24 10:06:56', '2023-02-24 11:18:48'),
	(1629179357550940169, 1024986076978217057, '长孙杰', '13987675455', 'hbsj002', 24, '2023-02', 3, 1, 1575259393138438146, '2023-02-24 10:08:44', '2023-02-24 11:18:48'),
	(1629179357550940170, 1024986455853892225, '漼时宜', '17898989565', 'bjsj002', 24, '2023-02', 3, 1, 1575259393138438146, '2023-02-24 10:10:15', '2023-02-24 11:18:48'),
	(1629179357555134466, 1024987310187482529, '宏晓誉', '18737437483', 'bjsj001', 24, '2023-02', 3, 1, 1575259393138438146, '2023-02-24 10:13:38', '2023-02-24 11:18:48'),
	(1629179357555134467, 1024987378881793537, '司沈阳', '13311111222', 'sysj001', 24, '2023-02', 3, 1, 1575259393138438146, '2023-02-24 10:13:57', '2023-02-24 11:18:48'),
	(1629179357555134468, 1024987860782158145, '顺意', '18734736473', 'sykdy001', 24, '2023-02', 2, 1, 1575259393138438146, '2023-02-24 10:15:50', '2023-02-24 11:18:48'),
	(1629179357555134469, 1024987931753976513, '顺心', '17647657465', 'sykdy002', 24, '2023-02', 2, 1, 1575259393138438146, '2023-02-24 10:16:07', '2023-02-24 11:18:48'),
	(1629179357555134470, 1024988097613534273, '景昌', '18784574758', 'cpkdy001', 24, '2023-02', 2, 1, 1575259393138438146, '2023-02-24 10:16:46', '2023-02-24 11:18:48'),
	(1629179357555134471, 1024988171324232993, '景元', '18783748374', 'cpkdy002', 24, '2023-02', 2, 1, 1575259393138438146, '2023-02-24 10:17:04', '2023-02-24 11:18:48'),
	(1629179357555134472, 1024988319861315553, '李和平', '13355554444', 'hpkdy001', 24, '2023-02', 2, 1, 1575347921490882562, '2023-02-24 10:17:39', '2023-02-24 16:06:11'),
	(1629179357555134473, 1024988498702245281, '李平和', '17788889999', 'hpkdy002', 24, '2023-02', 2, 1, 1575347921490882562, '2023-02-24 10:18:22', '2023-02-24 16:05:52'),
	(1629179357559328770, 1024988744815617761, '李姑皇', '17766667777', 'gukdy001', 24, '2023-02', 2, 1, 1575347921490882562, '2023-02-24 10:19:20', '2023-02-24 18:26:28'),
	(1629179357559328771, 1024989856838856577, '李皇姑', '18877776666', 'hgkdy002', 24, '2023-02', 2, 1, 1575347921490882562, '2023-02-24 10:23:46', '2023-02-24 18:28:37'),
	(1629179357559328772, 1024994498993865153, '司华中', '18877776666', 'hzsj', 24, '2023-02', 3, 1, 1575347921490882562, '2023-02-24 10:42:12', '2023-02-24 12:54:04'),
	(1629179357559328773, 1024994711959651169, '司武汉', '17788887777', 'whsj', 24, '2023-02', 3, 1, 1575347921490882562, '2023-02-24 10:43:03', '2023-02-24 15:55:24'),
	(1629179357559328774, 1024995063794648993, '李江汉', '17799990000', 'jhkdy001', 24, '2023-02', 2, 1, 1575347921490882562, '2023-02-24 10:44:27', '2023-02-24 12:54:04'),
	(1629179357559328775, 1024995257768626273, '李汉江', '17788882222', 'jhkdy002', 24, '2023-02', 2, 1, 1575347921490882562, '2023-02-24 10:45:13', '2023-02-24 09:50:15'),
	(1629179357559328776, 1024995991193013985, '李武昌', '18877778888', 'wckdy001', 24, '2023-02', 2, 1, 1575347921490882562, '2023-02-24 10:48:08', '2023-02-24 12:54:04'),
	(1629179357559328777, 1024996147695079329, '李昌武', '18877776666', 'wckdy002', 24, '2023-02', 2, 1, 1575347921490882562, '2023-02-24 10:48:45', '2023-02-24 12:54:04'),
	(1629179357559328778, 1024997316655995489, '司东北', '17788887777', 'dbsj', 24, '2023-02', 3, 1, 1575347921490882562, '2023-02-24 10:53:24', '2023-02-24 12:54:03'),
	(1629179357563523073, 1025074399029692449, '王和平', '17788887777', 'hpkdy003', 24, '2023-02', 2, 1, 1575347921490882562, '2023-02-24 15:59:42', '2023-02-24 16:01:07'),
	(1629179357974564866, 1025104059952247329, '司华南', '17788887777', 'hnsj001', 24, '2023-02', 3, 1, 1575258946549919745, '2023-02-24 17:57:36', '2023-02-24 09:40:21'),
	(1629179357974564867, 1025104550799061921, '司深圳', '18877776666', 'szsj001', 24, '2023-02', 3, 1, 1575258946549919745, '2023-02-24 17:59:31', '2023-02-24 09:40:21'),
	(1629179357974564868, 1025109259005971617, '王光明', '18877776666', 'gmkdy001', 24, '2023-02', 2, 1, 1575258946549919745, '2023-02-24 18:18:13', '2023-02-24 09:40:03'),
	(1629179357974564869, 1025110041134617825, '王保安', '18877776666', 'bakdy001', 24, '2023-02', 2, 1, 1575258946549919745, '2023-02-24 18:21:20', '2023-02-24 09:40:03'),
	(1629179357974564870, 1025110490961140193, '王明光', '16677779999', 'gmkdy002', 24, '2023-02', 2, 1, 1575258946549919745, '2023-02-24 18:23:07', '2023-02-24 09:40:02'),
	(1629179357974564871, 1025110675888003969, '王安宝', '16677776666', 'bakdy002', 24, '2023-02', 2, 1, 1575258946549919745, '2023-02-24 18:23:51', '2023-02-24 09:40:02'),
	(1629179357974564872, 1025110935532199265, '王越秀', '16688886666', 'yxkdy001', 24, '2023-02', 2, 1, 1575258946549919745, '2023-02-24 18:24:53', '2023-02-24 09:40:02'),
	(1629179357974564873, 1025111112225644097, '王华都', '17799995555', 'hdkdy001', 24, '2023-02', 2, 1, 1575258946549919745, '2023-02-24 18:25:37', '2023-02-24 09:40:02'),
	(1629179357974564874, 1025111247919767297, '王都花', '16677776666', 'hdkdy002', 24, '2023-02', 2, 1, 1575258946549919745, '2023-02-24 18:26:07', '2023-02-24 09:40:02'),
	(1629179357978759169, 1025111573938823425, '王秀越', '17788887777', 'yxkdy002', 24, '2023-02', 2, 1, 1575258946549919745, '2023-02-24 18:27:25', '2023-02-24 09:40:02'),
	(1629179357978759170, 1025112013736764417, '司广州', '18877770000', 'gzsj', 24, '2023-02', 3, 1, 1575258946549919745, '2023-02-24 18:29:10', '2023-02-24 09:40:01'),
	(1629179357978759171, 1025428687312684929, '张成飞', '18866666666', 'sl001', 24, '2023-02', 1, 1, 1575258946549919745, '2023-02-24 15:27:31', '2023-02-24 09:50:38'),
	(1629179357978759172, 1027527374507700225, '张调马', '13111332426', 'sldd001', 24, '2023-02', 1, 1, 1575259393138438146, '2023-02-24 10:26:57', '2023-02-24 13:38:23');

-- 导出  表 sl_base.sl_work_pattern 结构
CREATE TABLE IF NOT EXISTS `sl_work_pattern` (
  `id` bigint NOT NULL COMMENT '工作模式id',
  `name` varchar(50) NOT NULL COMMENT '工作模式名称',
  `user_type` tinyint NOT NULL DEFAULT '1' COMMENT '1:员工，2：快递员，3：司机',
  `work_pattern_type` tinyint NOT NULL COMMENT '工作模式类型1：礼拜制，2：连续制',
  `monday` tinyint NOT NULL DEFAULT '0' COMMENT '礼拜制，周一是否上班,0：表示未填，1:代表上班，2：代表不上班',
  `tuesday` tinyint NOT NULL DEFAULT '0' COMMENT '礼拜制，周二是否上班,0：表示未填，1:代表上班，2：代表不上班',
  `wednesday` tinyint NOT NULL DEFAULT '0' COMMENT '礼拜制，周三是否上班,0：表示未填，1:代表上班，2：代表不上班',
  `thursday` tinyint NOT NULL DEFAULT '0' COMMENT '礼拜制，周四是否上班,0：表示未填，1:代表上班，2：代表不上班',
  `friday` tinyint NOT NULL DEFAULT '0' COMMENT '礼拜制，周五是否上班,0：表示未填，1:代表上班，2：代表不上班',
  `saturday` tinyint NOT NULL DEFAULT '0' COMMENT '礼拜制，周六是否上班,0：表示未填，1:代表上班，2：代表不上班',
  `sunday` tinyint NOT NULL DEFAULT '0' COMMENT '礼拜制，周日是否上班,0：表示未填，1:代表上班，2：代表不上班',
  `work_day_num` int NOT NULL DEFAULT '0' COMMENT '连续制，连续工作天数',
  `rest_day_num` int NOT NULL COMMENT '连续制，休息天数',
  `status` tinyint NOT NULL DEFAULT '1' COMMENT '工作模式使用状态，1：正常使用2：停用了',
  `work_start_minute1` int NOT NULL COMMENT '开始工作分钟数1，从凌晨开始算起',
  `work_end_minute1` int NOT NULL COMMENT '结束工作分钟数1，从凌晨开始算起',
  `creater` bigint NOT NULL COMMENT '创建者',
  `created` datetime NOT NULL COMMENT '创建时间',
  `updater` bigint NOT NULL COMMENT '修改者',
  `updated` datetime NOT NULL COMMENT '修改时间',
  `is_delete` bit(1) NOT NULL DEFAULT b'0' COMMENT '逻辑删除',
  PRIMARY KEY (`id`) USING BTREE,
  UNIQUE KEY `name` (`name`),
  KEY `index_created` (`created`) USING BTREE,
  KEY `index_updated` (`updated`) USING BTREE
) ENGINE=InnoDB DEFAULT CHARSET=utf8mb4 COLLATE=utf8mb4_0900_ai_ci ROW_FORMAT=DYNAMIC COMMENT='工作模式表';

-- 正在导出表  sl_base.sl_work_pattern 的数据：~7 rows (大约)
INSERT INTO `sl_work_pattern` (`id`, `name`, `user_type`, `work_pattern_type`, `monday`, `tuesday`, `wednesday`, `thursday`, `friday`, `saturday`, `sunday`, `work_day_num`, `rest_day_num`, `status`, `work_start_minute1`, `work_end_minute1`, `creater`, `created`, `updater`, `updated`, `is_delete`) VALUES
	(1575258946549919745, '周末双休', 0, 1, 1, 1, 1, 1, 1, 2, 2, 0, 0, 1, 540, 1080, 1024705709255773345, '2023-02-24 06:59:34', 1024705709255773345, '2023-02-24 06:59:34', b'0'),
	(1575258988581040130, '上四休三', 0, 2, 0, 0, 0, 0, 0, 0, 0, 4, 3, 1, 540, 1080, 1024705709255773345, '2023-02-24 06:59:44', 1024705709255773345, '2023-02-24 06:59:44', b'0'),
	(1575259393138438146, '周日单休', 0, 1, 1, 1, 1, 1, 1, 1, 2, 0, 0, 1, 540, 1080, 1024705709255773345, '2023-02-24 07:01:21', 1024705709255773345, '2023-02-24 07:01:21', b'0'),
	(1575259505889718273, '上三休三', 0, 2, 0, 0, 0, 0, 0, 0, 0, 3, 3, 1, 540, 1080, 1024705709255773345, '2023-02-24 07:01:48', 1024705709255773345, '2023-02-24 07:01:48', b'0'),
	(1575347921490882562, '连续上班996', 0, 1, 1, 1, 1, 1, 1, 1, 1, 0, 0, 1, 540, 1260, 1024705709255773345, '2023-02-24 12:53:08', 1024705709255773345, '2023-02-24 12:53:08', b'0'),
	(1607663189078413313, '无敌班次', 0, 1, 1, 1, 1, 1, 1, 1, 1, 0, 0, 2, 0, 1380, 1024705709255773345, '2023-02-24 17:02:28', 1024705709255773345, '2023-02-24 13:38:09', b'0'),
	(1629149967651770370, '我应豪就是摸鱼怎么了', 0, 1, 1, 1, 1, 1, 1, 1, 1, 0, 0, 2, 720, 780, 1024705709255773345, '2023-02-25 00:03:15', 1024705709255773345, '2023-02-25 00:04:19', b'0');

-- 导出  表 sl_base.sl_work_scheduling 结构
CREATE TABLE IF NOT EXISTS `sl_work_scheduling` (
  `id` bigint NOT NULL COMMENT '主键',
  `user_id` bigint NOT NULL COMMENT '员工编号',
  `user_type` tinyint NOT NULL COMMENT '1:员工，2：快递员，3：司机',
  `agency_id` bigint NOT NULL COMMENT '网点ID',
  `employee_number` varchar(50) CHARACTER SET utf8mb4 COLLATE utf8mb4_0900_ai_ci NOT NULL COMMENT '员工账号',
  `name` varchar(50) NOT NULL COMMENT '员工姓名',
  `phone` varchar(20) NOT NULL COMMENT '员工手机号',
  `state` int NOT NULL COMMENT '1:正常，2:停用',
  `work_pattern_id` bigint DEFAULT NULL COMMENT '工作模式id，如果没有工作模式，默认不上班',
  `work_continue_start_time` datetime DEFAULT NULL COMMENT '连续制，开始工作日期，用来计算工作时间',
  `creater` bigint NOT NULL COMMENT '创建者',
  `created` datetime NOT NULL COMMENT '创建时间',
  `updater` bigint NOT NULL COMMENT '更新者',
  `updated` datetime NOT NULL ON UPDATE CURRENT_TIMESTAMP COMMENT '更新时间',
  `is_delete` bit(1) NOT NULL COMMENT '逻辑删除',
  PRIMARY KEY (`id`) USING BTREE,
  UNIQUE KEY `index_user_id` (`user_id`) USING BTREE,
  KEY `index_agency_id` (`agency_id`) USING BTREE,
  KEY `index_created` (`created`) USING BTREE,
  KEY `index_updated` (`updated`) USING BTREE
) ENGINE=InnoDB DEFAULT CHARSET=utf8mb4 COLLATE=utf8mb4_0900_ai_ci ROW_FORMAT=DYNAMIC COMMENT='员工排班信息表';

-- 正在导出表  sl_base.sl_work_scheduling 的数据：~73 rows (大约)
INSERT INTO `sl_work_scheduling` (`id`, `user_id`, `user_type`, `agency_id`, `employee_number`, `name`, `phone`, `state`, `work_pattern_id`, `work_continue_start_time`, `creater`, `created`, `updater`, `updated`, `is_delete`) VALUES
	(1575026183792046082, 1024705709255773345, 1, 1024704844486756641, 'shenlingadmin', '神领管理员', '18500557669', 1, 0, NULL, 0, '2023-02-24 15:34:39', 0, '2023-02-24 10:32:05', b'0'),
	(1575029707275841537, 1024709232517275137, 1, 1024706460388512481, 'qxjkdy001', '惠市', '18500557665', 1, 0, NULL, 0, '2023-02-24 15:48:40', 0, '2023-02-24 15:50:14', b'1'),
	(1575029876394373121, 1024709401770024737, 1, 1024706460388512481, 'qxjkdy002', '惠区', '18500557663', 1, 0, NULL, 0, '2023-02-24 15:49:20', 0, '2023-02-24 15:50:11', b'1'),
	(1575030192292573185, 1024709717710168417, 1, 1024755372843441185, 'qjkd001', '惠市', '18400332255', 1, 0, NULL, 0, '2023-02-24 15:50:35', 0, '2023-02-24 19:57:45', b'1'),
	(1575030324102770690, 1024709849629418177, 1, 1024755372843441185, 'qjkd002', '惠县', '18500224566', 1, 0, NULL, 0, '2023-02-24 15:51:07', 0, '2023-02-24 19:57:45', b'1'),
	(1575030473541627906, 1024709998854366113, 1, 1024755372843441185, 'whkd001', '武大', '18500982334', 1, 0, NULL, 0, '2023-02-24 15:51:42', 0, '2023-02-24 19:57:45', b'1'),
	(1575030576583094274, 1024710102071993441, 1, 1024755372843441185, 'whkd002', '武二', '18900557766', 1, 0, NULL, 0, '2023-02-24 15:52:07', 0, '2023-02-24 19:57:45', b'1'),
	(1575058951406170113, 1024738476802799553, 3, 1024704844486756641, 'xbsj001', '周一', '13571250987', 1, 1575259393138438146, NULL, 0, '2023-02-24 17:44:52', 1024705709255773345, '2023-02-24 11:16:37', b'0'),
	(1575059069505187841, 1024738594893428865, 3, 1024704844486756641, 'xbsj002', '周二', '18500224566', 1, 1575259393138438146, NULL, 0, '2023-02-24 17:45:20', 1024705709255773345, '2023-02-24 11:16:37', b'0'),
	(1575060879640965122, 1024740402994968929, 3, 1024733869573763585, 'ylsj001', '白天', '13500447876', 1, 0, NULL, 0, '2023-02-24 17:52:32', 0, '2023-02-24 19:57:45', b'1'),
	(1575061003209355265, 1024740525216987681, 3, 1024733869573763585, 'ylsj002', '白夜', '13244554555', 1, 0, NULL, 0, '2023-02-24 17:53:01', 0, '2023-02-24 19:57:45', b'1'),
	(1575062453637427201, 1024741978908228513, 3, 1024706655985685345, 'xnsj001', '吴用', '18500766555', 1, 1575259393138438146, NULL, 0, '2023-02-24 17:58:47', 1024705709255773345, '2023-02-24 11:16:37', b'0'),
	(1575062591944601602, 1024742117286706369, 3, 1024706655985685345, 'xnsj002', '吴西', '18346766666', 1, 1575259393138438146, NULL, 0, '2023-02-24 17:59:20', 1024705709255773345, '2023-02-24 11:16:37', b'0'),
	(1575062740406185986, 1024742265953811937, 3, 1024706903290237921, 'cdsj001', '成功', '18950867777', 1, 1575259393138438146, NULL, 0, '2023-02-24 17:59:55', 1024705709255773345, '2023-02-24 11:17:58', b'0'),
	(1575062878784663553, 1024742403489234657, 3, 1024706903290237921, 'cdsj002', '成仁', '18394867666', 1, 1575259393138438146, NULL, 0, '2023-02-24 18:00:28', 1024705709255773345, '2023-02-24 11:17:58', b'0'),
	(1575296865008431105, 1024976390379916929, 3, 1024772115791985729, 'xasj001', '西王', '18355544444', 1, 1575259393138438146, NULL, 0, '2023-02-24 09:30:15', 1024705709255773345, '2023-02-24 11:17:58', b'0'),
	(1575297079874236417, 1024976605161836353, 3, 1024772115791985729, 'xasj002', '西米', '17655555555', 1, 1575259393138438146, NULL, 0, '2023-02-24 09:31:06', 1024705709255773345, '2023-02-24 11:17:58', b'0'),
	(1575297255913369602, 1024976781221941281, 2, 1024772301733870785, 'blkdy001', '贝林', '13434343434', 1, 1575259393138438146, NULL, 0, '2023-02-24 09:31:48', 1024705709255773345, '2023-02-24 11:17:58', b'0'),
	(1575297418006441986, 1024976941658263777, 2, 1024772301733870785, 'blkdy002', '贝小贝', '13433434544', 1, 1575259393138438146, NULL, 0, '2023-02-24 09:32:27', 1024705709255773345, '2023-02-24 11:17:57', b'0'),
	(1575297552631017474, 1024977078208025057, 2, 1024772425923018049, 'casj001', '长小名', '18364636473', 1, 1575259393138438146, NULL, 0, '2023-02-24 09:32:59', 1024705709255773345, '2023-02-24 11:17:57', b'0'),
	(1575297695837138946, 1024977221418341025, 2, 1024772425923018049, 'casj002', '长城', '13445657565', 1, 1575259393138438146, NULL, 0, '2023-02-24 09:33:33', 1024705709255773345, '2023-02-24 11:17:57', b'0'),
	(1575297863416360961, 1024977388880122881, 2, 1024771466287232801, 'jnkdy001', '金元宝', '18374673467', 1, 1575259393138438146, NULL, 0, '2023-02-24 09:34:13', 1024705709255773345, '2023-02-24 11:17:56', b'0'),
	(1575297997415985153, 1024977522992993473, 2, 1024771466287232801, 'jnkdy002', '金开', '18374734736', 1, 1575259393138438146, NULL, 0, '2023-02-24 09:34:45', 1024705709255773345, '2023-02-24 11:17:55', b'0'),
	(1575298096288313346, 1024977621806601633, 2, 1024771753995515873, 'qykdy001', '青青', '18273827382', 1, 1575259393138438146, NULL, 0, '2023-02-24 09:35:08', 1024705709255773345, '2023-02-24 11:18:18', b'0'),
	(1575298194468581378, 1024977719693268993, 2, 1024771753995515873, 'qykdy002', '青风', '18273872382', 1, 1575259393138438146, NULL, 0, '2023-02-24 09:35:32', 1024705709255773345, '2023-02-24 11:18:18', b'0'),
	(1575304615394357249, 1024984140988150081, 3, 1024980958136362977, 'hdsj001', '华亮', '18837473473', 1, 1575259393138438146, NULL, 0, '2023-02-24 10:01:03', 1024705709255773345, '2023-02-24 11:18:18', b'0'),
	(1575304706196844545, 1024984230121304705, 3, 1024980958136362977, 'hdsj002', '华明', '13454545454', 1, 1575259393138438146, NULL, 0, '2023-02-24 10:01:24', 1024705709255773345, '2023-02-24 11:18:18', b'0'),
	(1575304844466270209, 1024984365991588705, 3, 1024980990084376673, 'shsj001', '海明月', '18566666667', 1, 1575259393138438146, NULL, 0, '2023-02-24 10:01:57', 1024705709255773345, '2023-02-24 11:18:17', b'0'),
	(1575304990818119681, 1024984516357387297, 3, 1024980990084376673, 'shsj002', '海阔', '18734736473', 1, 1575259393138438146, NULL, 0, '2023-02-24 10:02:32', 1024705709255773345, '2023-02-24 11:18:17', b'0'),
	(1575305195202359298, 1024984720745821569, 2, 1024981295454874273, 'hkkdy001', '周生生', '18776676767', 1, 1575259393138438146, NULL, 0, '2023-02-24 10:03:21', 1024705709255773345, '2023-02-24 11:18:17', b'0'),
	(1575305366405459970, 1024984891772761697, 2, 1024981295454874273, 'hkkdy002', '周生辰', '13434343434', 1, 1575259393138438146, NULL, 0, '2023-02-24 10:04:02', 1024705709255773345, '2023-02-24 11:18:17', b'0'),
	(1575305819331571713, 1024985344870841121, 2, 1024981239465110017, 'pdkdy001', '刘徽', '18737373647', 1, 1575259393138438146, NULL, 0, '2023-02-24 10:05:50', 1024705709255773345, '2023-02-24 11:18:17', b'0'),
	(1575305955952635905, 1024985481462545409, 2, 1024981239465110017, 'pdkdy002', '萧晏', '18737473647', 1, 1575259393138438146, NULL, 0, '2023-02-24 10:06:22', 1024705709255773345, '2023-02-24 11:18:17', b'0'),
	(1575306098374422530, 1024985621531327777, 3, 1024980634071852417, 'hbsj001', '平秦王', '18723736473', 1, 1575259393138438146, NULL, 0, '2023-02-24 10:06:56', 1024705709255773345, '2023-02-24 11:18:48', b'0'),
	(1575306551602524161, 1024986076978217057, 3, 1024980634071852417, 'hbsj002', '长孙杰', '13987675455', 1, 1575259393138438146, NULL, 0, '2023-02-24 10:08:44', 1024705709255773345, '2023-02-24 11:18:48', b'0'),
	(1575306759677751298, 1024986285217022369, 1, 1024980728632436289, 'bjkdy001', '桓愈', '18657676767', 1, 0, NULL, 0, '2023-02-24 10:09:34', 0, '2023-02-24 10:12:19', b'1'),
	(1575306930419478529, 1024986455853892225, 3, 1024980728632436289, 'bjsj002', '漼时宜', '17898989565', 1, 1575259393138438146, NULL, 0, '2023-02-24 10:10:15', 1024705709255773345, '2023-02-24 11:18:48', b'0'),
	(1575307784597876737, 1024987310187482529, 3, 1024980728632436289, 'bjsj001', '宏晓誉', '18737437483', 1, 1575259393138438146, NULL, 0, '2023-02-24 10:13:38', 1024705709255773345, '2023-02-24 11:18:48', b'0'),
	(1575307864105103362, 1024987378881793537, 3, 1024984540818568481, 'sysj001', '司沈阳', '13311111222', 1, 1575259393138438146, NULL, 0, '2023-02-24 10:13:57', 1024705709255773345, '2023-02-24 11:18:48', b'0'),
	(1575308251323248642, 1024987776694751265, 1, 1024982867475820033, 'sysj002', '司东北', '13322223333', 1, 0, NULL, 0, '2023-02-24 10:15:30', 0, '2023-02-24 10:52:41', b'1'),
	(1575308335276437506, 1024987860782158145, 2, 1024980833938827105, 'sykdy001', '顺意', '18734736473', 1, 1575259393138438146, NULL, 0, '2023-02-24 10:15:50', 1024705709255773345, '2023-02-24 11:18:48', b'0'),
	(1575308407703678977, 1024987931753976513, 2, 1024980833938827105, 'sykdy002', '顺心', '17647657465', 1, 1575259393138438146, NULL, 0, '2023-02-24 10:16:07', 1024705709255773345, '2023-02-24 11:18:48', b'0'),
	(1575308572242030593, 1024988097613534273, 2, 1024980800111765185, 'cpkdy001', '景昌', '18784574758', 1, 1575259393138438146, NULL, 0, '2023-02-24 10:16:46', 1024705709255773345, '2023-02-24 11:18:48', b'0'),
	(1575308645898203137, 1024988171324232993, 2, 1024980800111765185, 'cpkdy002', '景元', '18783748374', 1, 1575259393138438146, NULL, 0, '2023-02-24 10:17:04', 1024705709255773345, '2023-02-24 11:18:48', b'0'),
	(1575308794888269825, 1024988319861315553, 2, 1024985257948084801, 'hpkdy001', '李和平', '13355554444', 1, 1575347921490882562, NULL, 0, '2023-02-24 10:17:39', 1024705709255773345, '2023-02-24 16:06:11', b'0'),
	(1575308973200715777, 1024988498702245281, 2, 1024985257948084801, 'hpkdy002', '李平和', '17788889999', 1, 1575347921490882562, NULL, 0, '2023-02-24 10:18:22', 1024705709255773345, '2023-02-24 16:05:52', b'0'),
	(1575309219221811201, 1024988744815617761, 2, 1024985129287809409, 'gukdy001', '李姑皇', '17766667777', 1, 1575347921490882562, NULL, 0, '2023-02-24 10:19:20', 1024705709255773345, '2023-02-24 18:26:28', b'0'),
	(1575310332251680770, 1024989856838856577, 2, 1024985129287809409, 'hgkdy002', '李皇姑', '18877776666', 1, 1575347921490882562, NULL, 0, '2023-02-24 10:23:46', 1024705709255773345, '2023-02-24 18:28:37', b'0'),
	(1575314973727207426, 1024994498993865153, 3, 1024990726519403457, 'hzsj', '司华中', '18877776666', 1, 1575347921490882562, NULL, 0, '2023-02-24 10:42:12', 1024705709255773345, '2023-02-24 12:54:04', b'0'),
	(1575315186374225922, 1024994711959651169, 3, 1024991961163118369, 'whsj', '司武汉', '17788887777', 1, 1575347921490882562, NULL, 0, '2023-02-24 10:43:03', 1024705709255773345, '2023-02-24 15:55:24', b'0'),
	(1575315538364411906, 1024995063794648993, 2, 1024993548853984385, 'jhkdy001', '李江汉', '17799990000', 1, 1575347921490882562, NULL, 0, '2023-02-24 10:44:27', 1024705709255773345, '2023-02-24 12:54:04', b'0'),
	(1575315732191588354, 1024995257768626273, 2, 1024993548853984385, 'jhkdy002', '李汉江', '17788882222', 1, 1575347921490882562, NULL, 0, '2023-02-24 10:45:13', 1024705709255773345, '2023-02-24 09:50:15', b'0'),
	(1575316105543364609, 1024995631057488385, 1, 1024993422324415489, 'whkdy001', '李武汉', '17788887777', 1, 0, NULL, 0, '2023-02-24 10:46:42', 0, '2023-02-24 10:47:39', b'1'),
	(1575316465632751617, 1024995991193013985, 2, 1024993422324415489, 'wckdy001', '李武昌', '18877778888', 1, 1575347921490882562, NULL, 0, '2023-02-24 10:48:08', 1024705709255773345, '2023-02-24 12:54:04', b'0'),
	(1575316622164176897, 1024996147695079329, 2, 1024993422324415489, 'wckdy002', '李昌武', '18877776666', 1, 1575347921490882562, NULL, 0, '2023-02-24 10:48:45', 1024705709255773345, '2023-02-24 12:54:04', b'0'),
	(1575317791158644737, 1024997316655995489, 3, 1024982867475820033, 'dbsj', '司东北', '17788887777', 1, 1575347921490882562, NULL, 0, '2023-02-24 10:53:24', 1024705709255773345, '2023-02-24 12:54:03', b'0'),
	(1575394873570045954, 1025074399029692449, 2, 1024985257948084801, 'hpkdy003', '王和平', '17788887777', 1, 1575347921490882562, NULL, 0, '2023-02-24 15:59:42', 1024705709255773345, '2023-02-24 16:01:07', b'0'),
	(1575397056017412098, 1025076581607089793, 2, 1024771753995515873, 'qykdy003', '喜洋洋', '16712345678', 1, 0, NULL, 0, '2023-02-24 16:08:22', 0, '2023-02-24 10:39:25', b'1'),
	(1575424543996977153, 1025104059952247329, 3, 1025103176946395585, 'hnsj001', '司华南', '17788887777', 1, 1575258946549919745, NULL, 0, '2023-02-24 17:57:36', 1024705709255773345, '2023-02-24 09:40:21', b'0'),
	(1575425025326915585, 1025104550799061921, 3, 1025103512826260673, 'szsj001', '司深圳', '18877776666', 1, 1575258946549919745, NULL, 0, '2023-02-24 17:59:31', 1024705709255773345, '2023-02-24 09:40:21', b'0'),
	(1575425249051090945, 1025104773537576321, 2, 1025103512826260673, 'szkdy001', '王深圳', '17766665555', 1, 0, NULL, 0, '2023-02-24 18:00:24', 0, '2023-02-24 18:17:21', b'1'),
	(1575425490055798786, 1025105014521312929, 2, 1025103442882046977, 'gzkdy001', '王广州', '17799997777', 1, 0, NULL, 0, '2023-02-24 18:01:21', 0, '2023-02-24 18:17:30', b'1'),
	(1575429733441544193, 1025109259005971617, 2, 1025108643500246881, 'gmkdy001', '王光明', '18877776666', 1, 1575258946549919745, NULL, 0, '2023-02-24 18:18:13', 1024705709255773345, '2023-02-24 09:40:03', b'0'),
	(1575430515645685761, 1025110041134617825, 2, 1025108572721366561, 'bakdy001', '王保安', '18877776666', 1, 1575258946549919745, NULL, 0, '2023-02-24 18:21:20', 1024705709255773345, '2023-02-24 09:40:03', b'0'),
	(1575430965853888514, 1025110490961140193, 2, 1025108643500246881, 'gmkdy002', '王明光', '16677779999', 1, 1575258946549919745, NULL, 0, '2023-02-24 18:23:07', 1024705709255773345, '2023-02-24 09:40:02', b'0'),
	(1575431150357127170, 1025110675888003969, 2, 1025108572721366561, 'bakdy002', '王安宝', '16677776666', 1, 1575258946549919745, NULL, 0, '2023-02-24 18:23:51', 1024705709255773345, '2023-02-24 09:40:02', b'0'),
	(1575431410181677058, 1025110935532199265, 2, 1025108784911206497, 'yxkdy001', '王越秀', '16688886666', 1, 1575258946549919745, NULL, 0, '2023-02-24 18:24:53', 1024705709255773345, '2023-02-24 09:40:02', b'0'),
	(1575431593757974530, 1025111112225644097, 2, 1025108696675633121, 'hdkdy001', '王华都', '17799995555', 1, 1575258946549919745, NULL, 0, '2023-02-24 18:25:37', 1024705709255773345, '2023-02-24 09:40:02', b'0'),
	(1575431722317586434, 1025111247919767297, 2, 1025108696675633121, 'hdkdy002', '王都花', '16677776666', 1, 1575258946549919745, NULL, 0, '2023-02-24 18:26:07', 1024705709255773345, '2023-02-24 09:40:02', b'0'),
	(1575432048353419266, 1025111573938823425, 2, 1025108784911206497, 'yxkdy002', '王秀越', '17788887777', 1, 1575258946549919745, NULL, 0, '2023-02-24 18:27:25', 1024705709255773345, '2023-02-24 09:40:02', b'0'),
	(1575432488239439874, 1025112013736764417, 3, 1025103442882046977, 'gzsj', '司广州', '18877770000', 1, 1575258946549919745, NULL, 0, '2023-02-24 18:29:10', 1024705709255773345, '2023-02-24 09:40:01', b'0'),
	(1575749161798287361, 1025428687312684929, 1, 1024704844486756641, 'sl001', '张成飞', '18866666666', 1, 1575258946549919745, NULL, 0, '2023-02-24 15:27:31', 1024705709255773345, '2023-02-24 09:50:38', b'0'),
	(1577847848968712193, 1027527374507700225, 1, 1024980958136362977, 'sldd001', '张调马', '13111332426', 1, 1575259393138438146, '2023-02-24 00:00:00', 0, '2023-02-24 10:26:57', 1024705709255773345, '2023-02-24 13:38:23', b'0');

-- 导出  表 sl_base.undo_log 结构
CREATE TABLE IF NOT EXISTS `undo_log` (
  `id` bigint NOT NULL AUTO_INCREMENT,
  `branch_id` bigint NOT NULL,
  `xid` varchar(100) CHARACTER SET utf8 COLLATE utf8_general_ci NOT NULL,
  `context` varchar(128) CHARACTER SET utf8 COLLATE utf8_general_ci NOT NULL,
  `rollback_info` longblob NOT NULL,
  `log_status` int NOT NULL,
  `log_created` datetime NOT NULL,
  `log_modified` datetime NOT NULL,
  `ext` varchar(100) CHARACTER SET utf8 COLLATE utf8_general_ci DEFAULT NULL,
  PRIMARY KEY (`id`) USING BTREE,
  UNIQUE KEY `ux_undo_log` (`xid`,`branch_id`) USING BTREE
) ENGINE=InnoDB AUTO_INCREMENT=1529 DEFAULT CHARSET=utf8mb3;

-- 正在导出表  sl_base.undo_log 的数据：~0 rows (大约)


-- 导出 sl_carriage 的数据库结构
CREATE DATABASE IF NOT EXISTS `sl_carriage` /*!40100 DEFAULT CHARACTER SET utf8 */ /*!80016 DEFAULT ENCRYPTION='N' */;
USE `sl_carriage`;

-- 导出  表 sl_carriage.sl_carriage 结构
CREATE TABLE IF NOT EXISTS `sl_carriage` (
  `id` bigint NOT NULL COMMENT '运费模板id',
  `template_type` tinyint NOT NULL COMMENT '模板类型，1-同城寄 2-省内寄 3-经济区互寄 4-跨省',
  `transport_type` tinyint NOT NULL COMMENT '运送类型，1-普快 2-特快',
  `associated_city` varchar(20) NOT NULL COMMENT '关联城市，1-全国 2-京津冀 3-江浙沪 4-川渝 5-黑吉辽',
  `first_weight` double NOT NULL COMMENT '首重价格',
  `continuous_weight` double NOT NULL DEFAULT '1' COMMENT '续重价格',
  `light_throwing_coefficient` int NOT NULL COMMENT '轻抛系数',
  `created` datetime DEFAULT NULL COMMENT '创建时间',
  `updated` datetime DEFAULT NULL COMMENT '更新时间',
  PRIMARY KEY (`id`) USING BTREE
) ENGINE=InnoDB DEFAULT CHARSET=utf8mb4 COLLATE=utf8mb4_0900_ai_ci ROW_FORMAT=DYNAMIC COMMENT='运费模板表';

-- 正在导出表  sl_carriage.sl_carriage 的数据：~1 rows (大约)
INSERT INTO `sl_carriage` (`id`, `template_type`, `transport_type`, `associated_city`, `first_weight`, `continuous_weight`, `light_throwing_coefficient`, `created`, `updated`) VALUES
	(1629279457271193602, 3, 1, '1', 2, 2, 2, '2023-02-25 08:37:48', '2023-02-25 08:37:48');


-- 导出 sl_driver 的数据库结构
CREATE DATABASE IF NOT EXISTS `sl_driver` /*!40100 DEFAULT CHARACTER SET utf8 */ /*!80016 DEFAULT ENCRYPTION='N' */;
USE `sl_driver`;

-- 导出  表 sl_driver.sl_driver_job 结构
CREATE TABLE IF NOT EXISTS `sl_driver_job` (
  `id` bigint NOT NULL COMMENT 'id',
  `start_agency_id` bigint DEFAULT NULL COMMENT '起始机构id',
  `end_agency_id` bigint DEFAULT NULL COMMENT '目的机构id',
  `status` int DEFAULT NULL COMMENT '作业状态，1为待执行（对应 待提货）、2为进行中（对应在途）、3为改派（对应 已交付）、4为已交付（对应 已交付）、5为已作废、6为已完成（已回车登记）',
  `driver_id` bigint DEFAULT NULL COMMENT '司机id',
  `transport_task_id` bigint DEFAULT NULL COMMENT '运输任务id',
  `start_handover` varchar(20) DEFAULT NULL COMMENT '提货对接人',
  `finish_handover` varchar(20) DEFAULT NULL COMMENT '交付对接人',
  `plan_departure_time` datetime DEFAULT NULL COMMENT '计划发车时间',
  `actual_departure_time` datetime DEFAULT NULL COMMENT '实际发车时间',
  `plan_arrival_time` datetime DEFAULT NULL COMMENT '计划到达时间',
  `actual_arrival_time` datetime DEFAULT NULL COMMENT '实际到达时间',
  `created` datetime DEFAULT NULL COMMENT '创建时间',
  `updated` datetime DEFAULT NULL COMMENT '更新时间',
  PRIMARY KEY (`id`) USING BTREE,
  KEY `task_transport_id` (`transport_task_id`) USING BTREE,
  KEY `created` (`created`) USING BTREE
) ENGINE=InnoDB DEFAULT CHARSET=utf8mb4 COLLATE=utf8mb4_0900_ai_ci COMMENT='司机作业单';

-- 正在导出表  sl_driver.sl_driver_job 的数据：~134 rows (大约)
INSERT INTO `sl_driver_job` (`id`, `start_agency_id`, `end_agency_id`, `status`, `driver_id`, `transport_task_id`, `start_handover`, `finish_handover`, `plan_departure_time`, `actual_departure_time`, `plan_arrival_time`, `actual_arrival_time`, `created`, `updated`) VALUES
	(1592725907754467330, 1024772115791985729, 1024772425923018049, 5, 1024985621531327777, 1592725907443478530, NULL, NULL, '2023-02-24 09:01:00', NULL, '2023-02-24 10:01:00', NULL, '2023-02-24 11:47:02', '2023-02-24 21:21:18'),
	(1592725909021147138, 1024772115791985729, 1024772425923018049, 5, 1024986076978217057, 1592725907443478530, NULL, NULL, '2023-02-24 09:01:00', NULL, '2023-02-24 10:01:00', NULL, '2023-02-24 11:47:03', '2023-02-24 21:21:18'),
	(1605404206511304705, 1024772115791985729, 1024772425923018049, 1, 1024984140988150081, 1605404203942510594, NULL, NULL, '2023-02-24 09:01:00', NULL, '2023-02-24 10:01:00', NULL, '2023-02-24 11:26:04', '2023-02-24 11:26:04'),
	(1605404207794761730, 1024772115791985729, 1024772425923018049, 1, 1024984230121304705, 1605404203942510594, NULL, NULL, '2023-02-24 09:01:00', NULL, '2023-02-24 10:01:00', NULL, '2023-02-24 11:26:05', '2023-02-24 11:26:05'),
	(1605406957244919810, 1024772115791985729, 1024772425923018049, 5, 1024985621531327777, 1605406956790054914, NULL, NULL, '2023-02-24 09:01:00', NULL, '2023-02-24 10:01:00', NULL, '2023-02-24 11:37:00', '2023-02-24 21:22:27'),
	(1605406958519988226, 1024772115791985729, 1024772425923018049, 5, 1024986076978217057, 1605406956790054914, NULL, NULL, '2023-02-24 09:01:00', NULL, '2023-02-24 10:01:00', NULL, '2023-02-24 11:37:01', '2023-02-24 21:22:27'),
	(1605407464864755714, 1024772115791985729, 1024772425923018049, 5, 1024985621531327777, 1605407464414085122, NULL, NULL, '2023-02-24 09:01:00', NULL, '2023-02-24 10:01:00', NULL, '2023-02-24 11:39:01', '2023-02-24 21:21:22'),
	(1605407465263214593, 1024772115791985729, 1024772425923018049, 5, 1024986076978217057, 1605407464414085122, NULL, NULL, '2023-02-24 09:01:00', NULL, '2023-02-24 10:01:00', NULL, '2023-02-24 11:39:01', '2023-02-24 21:21:22'),
	(1605407965098422274, 1024772115791985729, 1024772425923018049, 1, 1024984140988150081, 1605407963888582657, NULL, NULL, '2023-02-24 09:01:00', NULL, '2023-02-24 10:01:00', NULL, '2023-02-24 11:41:01', '2023-02-24 11:41:01'),
	(1605407965673041921, 1024772115791985729, 1024772425923018049, 1, 1024984230121304705, 1605407963888582657, NULL, NULL, '2023-02-24 09:01:00', NULL, '2023-02-24 10:01:00', NULL, '2023-02-24 11:41:01', '2023-02-24 11:41:01'),
	(1605409228158545922, 1024772115791985729, 1024772425923018049, 1, 1024984140988150081, 1605409226793517058, NULL, NULL, '2023-02-24 09:01:00', NULL, '2023-02-24 10:01:00', NULL, '2023-02-24 11:46:02', '2023-02-24 11:46:02'),
	(1605409229416837121, 1024772115791985729, 1024772425923018049, 1, 1024984230121304705, 1605409226793517058, NULL, NULL, '2023-02-24 09:01:00', NULL, '2023-02-24 10:01:00', NULL, '2023-02-24 11:46:02', '2023-02-24 11:46:02'),
	(1605412497635291137, 1024772115791985729, 1024772425923018049, 1, 1024984140988150081, 1605412493090979842, NULL, NULL, '2023-02-24 09:01:00', NULL, '2023-02-24 10:01:00', NULL, '2023-02-24 11:59:01', '2023-02-24 11:59:01'),
	(1605412498079887362, 1024772115791985729, 1024772425923018049, 1, 1024984230121304705, 1605412493090979842, NULL, NULL, '2023-02-24 09:01:00', NULL, '2023-02-24 10:01:00', NULL, '2023-02-24 11:59:01', '2023-02-24 11:59:01'),
	(1605449240409419778, 1024772115791985729, 1024772425923018049, 1, 1024984140988150081, 1605449235449872386, NULL, NULL, '2023-02-24 09:01:00', NULL, '2023-02-24 10:01:00', NULL, '2023-02-24 14:25:01', '2023-02-24 14:25:01'),
	(1605449241676099586, 1024772115791985729, 1024772425923018049, 1, 1024984230121304705, 1605449235449872386, NULL, NULL, '2023-02-24 09:01:00', NULL, '2023-02-24 10:01:00', NULL, '2023-02-24 14:25:02', '2023-02-24 14:25:02'),
	(1605449739082805249, 1024772115791985729, 1024772425923018049, 5, 1024985621531327777, 1605449738728603649, NULL, NULL, '2023-02-24 09:01:00', NULL, '2023-02-24 10:01:00', NULL, '2023-02-24 14:27:00', '2023-02-24 21:21:25'),
	(1605449739573538817, 1024772115791985729, 1024772425923018049, 5, 1024986076978217057, 1605449738728603649, NULL, NULL, '2023-02-24 09:01:00', NULL, '2023-02-24 10:01:00', NULL, '2023-02-24 14:27:00', '2023-02-24 21:21:25'),
	(1605449994922766338, 1024772425923018049, 1024772115791985729, 1, 1024984140988150081, 1605449994539204610, NULL, NULL, '2023-02-24 14:27:00', NULL, '2023-02-24 14:28:00', NULL, '2023-02-24 14:28:01', '2023-02-24 14:28:01'),
	(1605449995426082818, 1024772425923018049, 1024772115791985729, 1, 1024984230121304705, 1605449994539204610, NULL, NULL, '2023-02-24 14:27:00', NULL, '2023-02-24 14:28:00', NULL, '2023-02-24 14:28:01', '2023-02-24 14:28:01'),
	(1605452507935813634, 1024772115791985729, 1024772425923018049, 5, 1024985621531327777, 1605452507728412673, NULL, NULL, '2023-02-24 09:01:00', NULL, '2023-02-24 10:01:00', NULL, '2023-02-24 14:38:00', '2023-02-24 21:21:27'),
	(1605452508430741505, 1024772115791985729, 1024772425923018049, 5, 1024986076978217057, 1605452507728412673, NULL, NULL, '2023-02-24 09:01:00', NULL, '2023-02-24 10:01:00', NULL, '2023-02-24 14:38:01', '2023-02-24 21:21:27'),
	(1605452760005095426, 1024772115791985729, 1024772425923018049, 1, 1024984140988150081, 1605452759772528642, NULL, NULL, '2023-02-24 09:01:00', NULL, '2023-02-24 10:01:00', NULL, '2023-02-24 14:39:01', '2023-02-24 14:39:01'),
	(1605452760353222658, 1024772115791985729, 1024772425923018049, 1, 1024984230121304705, 1605452759772528642, NULL, NULL, '2023-02-24 09:01:00', NULL, '2023-02-24 10:01:00', NULL, '2023-02-24 14:39:01', '2023-02-24 14:39:01'),
	(1605453263690674177, 1024772115791985729, 1024772425923018049, 5, 1024985621531327777, 1605453263365832705, NULL, NULL, '2023-02-24 09:01:00', NULL, '2023-02-24 10:01:00', NULL, '2023-02-24 14:41:01', '2023-02-24 21:21:30'),
	(1605453264122687489, 1024772115791985729, 1024772425923018049, 5, 1024986076978217057, 1605453263365832705, NULL, NULL, '2023-02-24 09:01:00', NULL, '2023-02-24 10:01:00', NULL, '2023-02-24 14:41:01', '2023-02-24 21:21:30'),
	(1605453514795266050, 1024772115791985729, 1024772425923018049, 5, 1024985621531327777, 1605453514566893569, NULL, NULL, '2023-02-24 09:01:00', NULL, '2023-02-24 10:01:00', NULL, '2023-02-24 14:42:00', '2023-02-24 21:21:33'),
	(1605453515143393282, 1024772115791985729, 1024772425923018049, 5, 1024986076978217057, 1605453514566893569, NULL, NULL, '2023-02-24 09:01:00', NULL, '2023-02-24 10:01:00', NULL, '2023-02-24 14:42:01', '2023-02-24 21:21:33'),
	(1605454271925858306, 1024772115791985729, 1024772425923018049, 5, 1024985621531327777, 1605454269893935106, NULL, NULL, '2023-02-24 09:01:00', NULL, '2023-02-24 10:01:00', NULL, '2023-02-24 14:45:01', '2023-02-24 21:21:35'),
	(1605454274035593217, 1024772115791985729, 1024772425923018049, 5, 1024986076978217057, 1605454269893935106, NULL, NULL, '2023-02-24 09:01:00', NULL, '2023-02-24 10:01:00', NULL, '2023-02-24 14:45:01', '2023-02-24 21:21:35'),
	(1605454521608581121, 1024772115791985729, 1024772425923018049, 1, 1024984140988150081, 1605454521308905473, NULL, NULL, '2023-02-24 09:01:00', NULL, '2023-02-24 10:01:00', NULL, '2023-02-24 14:46:01', '2023-02-24 14:46:01'),
	(1605454522040594434, 1024772115791985729, 1024772425923018049, 1, 1024984230121304705, 1605454521308905473, NULL, NULL, '2023-02-24 09:01:00', NULL, '2023-02-24 10:01:00', NULL, '2023-02-24 14:46:01', '2023-02-24 14:46:01'),
	(1605454773308764161, 1024772115791985729, 1024772425923018049, 5, 1024985621531327777, 1605454772178616321, NULL, NULL, '2023-02-24 09:01:00', NULL, '2023-02-24 10:01:00', NULL, '2023-02-24 14:47:01', '2023-02-24 21:21:38'),
	(1605454773807886337, 1024772115791985729, 1024772425923018049, 5, 1024986076978217057, 1605454772178616321, NULL, NULL, '2023-02-24 09:01:00', NULL, '2023-02-24 10:01:00', NULL, '2023-02-24 14:47:01', '2023-02-24 21:21:39'),
	(1605457037352120321, 1024772115791985729, 1024772425923018049, 1, 1024984140988150081, 1605457037035667457, NULL, NULL, '2023-02-24 09:01:00', NULL, '2023-02-24 10:01:00', NULL, '2023-02-24 14:56:00', '2023-02-24 14:56:00'),
	(1605457038673326082, 1024772115791985729, 1024772425923018049, 1, 1024984230121304705, 1605457037035667457, NULL, NULL, '2023-02-24 09:01:00', NULL, '2023-02-24 10:01:00', NULL, '2023-02-24 14:56:01', '2023-02-24 14:56:01'),
	(1605457540328861697, 1024772115791985729, 1024772425923018049, 5, 1024985621531327777, 1605457540066934786, NULL, NULL, '2023-02-24 09:01:00', NULL, '2023-02-24 10:01:00', NULL, '2023-02-24 14:58:00', '2023-02-24 21:21:43'),
	(1605457540819595266, 1024772115791985729, 1024772425923018049, 5, 1024986076978217057, 1605457540066934786, NULL, NULL, '2023-02-24 09:01:00', NULL, '2023-02-24 10:01:00', NULL, '2023-02-24 14:58:00', '2023-02-24 21:21:43'),
	(1605457793111175170, 1024772115791985729, 1024772425923018049, 1, 1024984140988150081, 1605457791947472897, NULL, NULL, '2023-02-24 09:01:00', NULL, '2023-02-24 10:01:00', NULL, '2023-02-24 14:59:00', '2023-02-24 14:59:00'),
	(1605457793585131521, 1024772115791985729, 1024772425923018049, 1, 1024984230121304705, 1605457791947472897, NULL, NULL, '2023-02-24 09:01:00', NULL, '2023-02-24 10:01:00', NULL, '2023-02-24 14:59:01', '2023-02-24 14:59:01'),
	(1605458043859251202, 1024772115791985729, 1024772425923018049, 5, 1024985621531327777, 1605458043509243906, NULL, NULL, '2023-02-24 09:01:00', NULL, '2023-02-24 10:01:00', NULL, '2023-02-24 15:00:00', '2023-02-24 21:21:46'),
	(1605458044173824001, 1024772115791985729, 1024772425923018049, 5, 1024986076978217057, 1605458043509243906, NULL, NULL, '2023-02-24 09:01:00', NULL, '2023-02-24 10:01:00', NULL, '2023-02-24 15:00:00', '2023-02-24 21:21:46'),
	(1605458296079527937, 1024772115791985729, 1024772425923018049, 5, 1024985621531327777, 1605458295553359874, NULL, NULL, '2023-02-24 09:01:00', NULL, '2023-02-24 10:01:00', NULL, '2023-02-24 15:01:00', '2023-02-24 21:21:48'),
	(1605458296851279873, 1024772115791985729, 1024772425923018049, 5, 1024986076978217057, 1605458295553359874, NULL, NULL, '2023-02-24 09:01:00', NULL, '2023-02-24 10:01:00', NULL, '2023-02-24 15:01:01', '2023-02-24 21:21:48'),
	(1605458798536175618, 1024772115791985729, 1024772425923018049, 1, 1024984140988150081, 1605458798211334145, NULL, NULL, '2023-02-24 09:01:00', NULL, '2023-02-24 10:01:00', NULL, '2023-02-24 15:03:00', '2023-02-24 15:03:00'),
	(1605458799274373122, 1024772115791985729, 1024772425923018049, 1, 1024984230121304705, 1605458798211334145, NULL, NULL, '2023-02-24 09:01:00', NULL, '2023-02-24 10:01:00', NULL, '2023-02-24 15:03:00', '2023-02-24 15:03:00'),
	(1605460057183891457, 1024772115791985729, 1024772425923018049, 5, 1024985621531327777, 1605460056892604417, NULL, NULL, '2023-02-24 09:01:00', NULL, '2023-02-24 10:01:00', NULL, '2023-02-24 15:08:00', '2023-02-24 21:21:52'),
	(1605460058001780738, 1024772115791985729, 1024772425923018049, 5, 1024986076978217057, 1605460056892604417, NULL, NULL, '2023-02-24 09:01:00', NULL, '2023-02-24 10:01:00', NULL, '2023-02-24 15:08:00', '2023-02-24 21:21:52'),
	(1605460309571940353, 1024772425923018049, 1024772115791985729, 1, 1024984140988150081, 1605460308353712130, NULL, NULL, '2023-02-24 14:27:00', NULL, '2023-02-24 14:28:00', NULL, '2023-02-24 15:09:00', '2023-02-24 15:09:00'),
	(1605460310113005569, 1024772425923018049, 1024772115791985729, 1, 1024984230121304705, 1605460308353712130, NULL, NULL, '2023-02-24 14:27:00', NULL, '2023-02-24 14:28:00', NULL, '2023-02-24 15:09:01', '2023-02-24 15:09:01'),
	(1605461063577776130, 1024772115791985729, 1024772425923018049, 1, 1024984140988150081, 1605461063198408705, NULL, NULL, '2023-02-24 09:01:00', NULL, '2023-02-24 10:01:00', NULL, '2023-02-24 15:12:00', '2023-02-24 15:12:00'),
	(1605461063900737537, 1024772115791985729, 1024772425923018049, 1, 1024984230121304705, 1605461063198408705, NULL, NULL, '2023-02-24 09:01:00', NULL, '2023-02-24 10:01:00', NULL, '2023-02-24 15:12:00', '2023-02-24 15:12:00'),
	(1605461328020254722, 1024772115791985729, 1024772425923018049, 5, 1024985621531327777, 1605461327821242369, NULL, NULL, '2023-02-24 09:01:00', NULL, '2023-02-24 10:01:00', NULL, '2023-02-24 15:13:03', '2023-02-24 21:21:55'),
	(1605461328674566145, 1024772115791985729, 1024772425923018049, 5, 1024986076978217057, 1605461327821242369, NULL, NULL, '2023-02-24 09:01:00', NULL, '2023-02-24 10:01:00', NULL, '2023-02-24 15:13:03', '2023-02-24 21:21:55'),
	(1605461819655598081, 1024772115791985729, 1024772425923018049, 1, 1024984140988150081, 1605461819355922434, NULL, NULL, '2023-02-24 09:01:00', NULL, '2023-02-24 10:01:00', NULL, '2023-02-24 15:15:01', '2023-02-24 15:15:01'),
	(1605461819986948098, 1024772115791985729, 1024772425923018049, 1, 1024984230121304705, 1605461819355922434, NULL, NULL, '2023-02-24 09:01:00', NULL, '2023-02-24 10:01:00', NULL, '2023-02-24 15:15:01', '2023-02-24 15:15:01'),
	(1605462321617317890, 1024772115791985729, 1024772425923018049, 5, 1024985621531327777, 1605462321367973889, NULL, NULL, '2023-02-24 09:01:00', NULL, '2023-02-24 10:01:00', NULL, '2023-02-24 15:17:00', '2023-02-24 21:22:24'),
	(1605462321994805249, 1024772115791985729, 1024772425923018049, 5, 1024986076978217057, 1605462321367973889, NULL, NULL, '2023-02-24 09:01:00', NULL, '2023-02-24 10:01:00', NULL, '2023-02-24 15:17:00', '2023-02-24 21:22:24'),
	(1605462574336716802, 1024772425923018049, 1024772115791985729, 1, 1024984140988150081, 1605462573202374658, NULL, NULL, '2023-02-24 14:27:00', NULL, '2023-02-24 14:28:00', NULL, '2023-02-24 15:18:00', '2023-02-24 15:18:00'),
	(1605462575704059906, 1024772425923018049, 1024772115791985729, 1, 1024984230121304705, 1605462573202374658, NULL, NULL, '2023-02-24 14:27:00', NULL, '2023-02-24 14:28:00', NULL, '2023-02-24 15:18:01', '2023-02-24 15:18:01'),
	(1605464587732660226, 1024772115791985729, 1024772425923018049, 5, 1024985621531327777, 1605464587558813698, NULL, NULL, '2023-02-24 09:01:00', NULL, '2023-02-24 10:01:00', NULL, '2023-02-24 15:26:00', '2023-02-24 21:22:21'),
	(1605464587984318465, 1024772115791985729, 1024772425923018049, 5, 1024986076978217057, 1605464587558813698, NULL, NULL, '2023-02-24 09:01:00', NULL, '2023-02-24 10:01:00', NULL, '2023-02-24 15:26:01', '2023-02-24 21:22:21'),
	(1605465341700747266, 1024772425923018049, 1024772115791985729, 1, 1024984140988150081, 1605465341417848834, NULL, NULL, '2023-02-24 14:27:00', NULL, '2023-02-24 14:28:00', NULL, '2023-02-24 15:29:00', '2023-02-24 15:29:00'),
	(1605465342980009986, 1024772425923018049, 1024772115791985729, 1, 1024984230121304705, 1605465341417848834, NULL, NULL, '2023-02-24 14:27:00', NULL, '2023-02-24 14:28:00', NULL, '2023-02-24 15:29:01', '2023-02-24 15:29:01'),
	(1605468361398300673, 1024772115791985729, 1024772425923018049, 5, 1024985621531327777, 1605468361119596545, NULL, NULL, '2023-02-24 09:01:00', NULL, '2023-02-24 10:01:00', NULL, '2023-02-24 15:41:00', '2023-02-24 21:22:16'),
	(1605468365970092034, 1024772115791985729, 1024772425923018049, 5, 1024986076978217057, 1605468361119596545, NULL, NULL, '2023-02-24 09:01:00', NULL, '2023-02-24 10:01:00', NULL, '2023-02-24 15:41:01', '2023-02-24 21:22:17'),
	(1605470123928727553, 1024772115791985729, 1024772425923018049, 5, 1024985621531327777, 1605470123633246209, NULL, NULL, '2023-02-24 09:01:00', NULL, '2023-02-24 10:01:00', NULL, '2023-02-24 15:48:00', '2023-02-24 21:22:14'),
	(1605470124373323777, 1024772115791985729, 1024772425923018049, 5, 1024986076978217057, 1605470123633246209, NULL, NULL, '2023-02-24 09:01:00', NULL, '2023-02-24 10:01:00', NULL, '2023-02-24 15:48:01', '2023-02-24 21:22:14'),
	(1605470125090549761, 1024772425923018049, 1024772115791985729, 1, 1024984140988150081, 1605470124996395009, NULL, NULL, '2023-02-24 14:27:00', NULL, '2023-02-24 14:28:00', NULL, '2023-02-24 15:48:01', '2023-02-24 15:48:01'),
	(1605470125556117506, 1024772425923018049, 1024772115791985729, 1, 1024984230121304705, 1605470124996395009, NULL, NULL, '2023-02-24 14:27:00', NULL, '2023-02-24 14:28:00', NULL, '2023-02-24 15:48:01', '2023-02-24 15:48:01'),
	(1605471637518823426, 1024772115791985729, 1024772425923018049, 5, 1024985621531327777, 1605471633075175425, NULL, NULL, '2023-02-24 09:01:00', NULL, '2023-02-24 10:01:00', NULL, '2023-02-24 15:54:01', '2023-02-24 21:22:11'),
	(1605471638332518401, 1024772115791985729, 1024772425923018049, 5, 1024986076978217057, 1605471633075175425, NULL, NULL, '2023-02-24 09:01:00', NULL, '2023-02-24 10:01:00', NULL, '2023-02-24 15:54:01', '2023-02-24 21:22:11'),
	(1605472388123078658, 1024772115791985729, 1024772425923018049, 5, 1024985621531327777, 1605472387844374529, NULL, NULL, '2023-02-24 09:01:00', NULL, '2023-02-24 10:01:00', NULL, '2023-02-24 15:57:00', '2023-02-24 21:22:08'),
	(1605472388479594497, 1024772115791985729, 1024772425923018049, 5, 1024986076978217057, 1605472387844374529, NULL, NULL, '2023-02-24 09:01:00', NULL, '2023-02-24 10:01:00', NULL, '2023-02-24 15:57:00', '2023-02-24 21:22:08'),
	(1605472643942068226, 1024772115791985729, 1024772425923018049, 1, 1024984140988150081, 1605472643692724225, NULL, NULL, '2023-02-24 09:01:00', NULL, '2023-02-24 10:01:00', NULL, '2023-02-24 15:58:01', '2023-02-24 15:58:01'),
	(1605472644265029633, 1024772115791985729, 1024772425923018049, 1, 1024984230121304705, 1605472643692724225, NULL, NULL, '2023-02-24 09:01:00', NULL, '2023-02-24 10:01:00', NULL, '2023-02-24 15:58:01', '2023-02-24 15:58:01'),
	(1605472644864815106, 1024772425923018049, 1024772115791985729, 5, 1024985621531327777, 1605472644728717313, NULL, NULL, '2023-02-24 14:27:00', NULL, '2023-02-24 14:28:00', NULL, '2023-02-24 15:58:01', '2023-02-24 21:22:42'),
	(1605472645145833474, 1024772425923018049, 1024772115791985729, 5, 1024986076978217057, 1605472644728717313, NULL, NULL, '2023-02-24 14:27:00', NULL, '2023-02-24 14:28:00', NULL, '2023-02-24 15:58:02', '2023-02-24 21:22:42'),
	(1605472891263397889, 1024772115791985729, 1024772425923018049, 5, 1024985621531327777, 1605472891018248193, NULL, NULL, '2023-02-24 09:01:00', NULL, '2023-02-24 10:01:00', NULL, '2023-02-24 15:59:00', '2023-02-24 21:22:04'),
	(1605472891770908674, 1024772115791985729, 1024772425923018049, 5, 1024986076978217057, 1605472891018248193, NULL, NULL, '2023-02-24 09:01:00', NULL, '2023-02-24 10:01:00', NULL, '2023-02-24 15:59:00', '2023-02-24 21:22:04'),
	(1605473148663640065, 1024772115791985729, 1024772425923018049, 1, 1024984140988150081, 1605473143133667329, NULL, NULL, '2023-02-24 09:01:00', NULL, '2023-02-24 10:01:00', NULL, '2023-02-24 16:00:02', '2023-02-24 16:00:02'),
	(1605473149091459074, 1024772115791985729, 1024772425923018049, 1, 1024984230121304705, 1605473143133667329, NULL, NULL, '2023-02-24 09:01:00', NULL, '2023-02-24 10:01:00', NULL, '2023-02-24 16:00:02', '2023-02-24 16:00:02'),
	(1605473149439586305, 1024772425923018049, 1024772115791985729, 5, 1024985621531327777, 1605473149337042945, NULL, NULL, '2023-02-24 14:27:00', NULL, '2023-02-24 14:28:00', NULL, '2023-02-24 16:00:02', '2023-02-24 21:22:38'),
	(1605473149695438849, 1024772425923018049, 1024772115791985729, 5, 1024986076978217057, 1605473149337042945, NULL, NULL, '2023-02-24 14:27:00', NULL, '2023-02-24 14:28:00', NULL, '2023-02-24 16:00:02', '2023-02-24 21:22:38'),
	(1605479184128684033, 1024772115791985729, 1024772425923018049, 1, 1024984140988150081, 1605479183845785602, NULL, NULL, '2023-02-24 09:01:00', NULL, '2023-02-24 10:01:00', NULL, '2023-02-24 16:24:01', '2023-02-24 16:24:01'),
	(1605479184371953665, 1024772115791985729, 1024772425923018049, 1, 1024984230121304705, 1605479183845785602, NULL, NULL, '2023-02-24 09:01:00', NULL, '2023-02-24 10:01:00', NULL, '2023-02-24 16:24:01', '2023-02-24 16:24:01'),
	(1605479184879464449, 1024772425923018049, 1024772115791985729, 5, 1024985621531327777, 1605479184789504001, NULL, NULL, '2023-02-24 14:27:00', NULL, '2023-02-24 14:28:00', NULL, '2023-02-24 16:24:01', '2023-02-24 21:22:34'),
	(1605479185097568257, 1024772425923018049, 1024772115791985729, 5, 1024986076978217057, 1605479184789504001, NULL, NULL, '2023-02-24 14:27:00', NULL, '2023-02-24 14:28:00', NULL, '2023-02-24 16:24:01', '2023-02-24 21:22:34'),
	(1605479436369932289, 1024772115791985729, 1024772425923018049, 5, 1024985621531327777, 1605479435411750914, NULL, NULL, '2023-02-24 09:01:00', NULL, '2023-02-24 10:01:00', NULL, '2023-02-24 16:25:01', '2023-02-24 21:22:02'),
	(1605479437812772865, 1024772115791985729, 1024772425923018049, 5, 1024986076978217057, 1605479435411750914, NULL, NULL, '2023-02-24 09:01:00', NULL, '2023-02-24 10:01:00', NULL, '2023-02-24 16:25:01', '2023-02-24 21:22:02'),
	(1605480190015057921, 1024772115791985729, 1024772425923018049, 1, 1024984140988150081, 1605480189870571522, NULL, NULL, '2023-02-24 09:01:00', NULL, '2023-02-24 10:01:00', NULL, '2023-02-24 16:28:00', '2023-02-24 16:28:00'),
	(1605480190723895298, 1024772115791985729, 1024772425923018049, 1, 1024984230121304705, 1605480189870571522, NULL, NULL, '2023-02-24 09:01:00', NULL, '2023-02-24 10:01:00', NULL, '2023-02-24 16:28:01', '2023-02-24 16:28:01'),
	(1605480443623649282, 1024772115791985729, 1024772425923018049, 5, 1024985621531327777, 1605480443152007169, NULL, NULL, '2023-02-24 09:01:00', NULL, '2023-02-24 10:01:00', NULL, '2023-02-24 16:29:01', '2023-02-24 21:21:59'),
	(1605480444064051201, 1024772115791985729, 1024772425923018049, 5, 1024986076978217057, 1605480443152007169, NULL, NULL, '2023-02-24 09:01:00', NULL, '2023-02-24 10:01:00', NULL, '2023-02-24 16:29:01', '2023-02-24 21:21:59'),
	(1605480946315177986, 1024772425923018049, 1024772115791985729, 1, 1024984140988150081, 1605480945998725121, NULL, NULL, '2023-02-24 14:27:00', NULL, '2023-02-24 14:28:00', NULL, '2023-02-24 16:31:01', '2023-02-24 16:31:01'),
	(1605480946717831169, 1024772425923018049, 1024772115791985729, 1, 1024984230121304705, 1605480945998725121, NULL, NULL, '2023-02-24 14:27:00', NULL, '2023-02-24 14:28:00', NULL, '2023-02-24 16:31:01', '2023-02-24 16:31:01'),
	(1605481699415044098, 1024772425923018049, 1024772115791985729, 5, 1024985621531327777, 1605481699065036802, NULL, NULL, '2023-02-24 14:27:00', NULL, '2023-02-24 14:28:00', NULL, '2023-02-24 16:34:00', '2023-02-24 21:22:31'),
	(1605481699800920065, 1024772425923018049, 1024772115791985729, 5, 1024986076978217057, 1605481699065036802, NULL, NULL, '2023-02-24 14:27:00', NULL, '2023-02-24 14:28:00', NULL, '2023-02-24 16:34:00', '2023-02-24 21:22:31'),
	(1605490759405285377, 1024772425923018049, 1024772115791985729, 1, 1024984140988150081, 1605490759093026818, NULL, NULL, '2023-02-24 14:27:00', NULL, '2023-02-24 14:28:00', NULL, '2023-02-24 17:10:00', '2023-02-24 17:10:00'),
	(1605490759812132866, 1024772425923018049, 1024772115791985729, 1, 1024984230121304705, 1605490759093026818, NULL, NULL, '2023-02-24 14:27:00', NULL, '2023-02-24 14:28:00', NULL, '2023-02-24 17:10:00', '2023-02-24 17:10:00'),
	(1606217550273064961, 1024772425923018049, 1024772115791985729, 5, 1024985621531327777, 1606217548161449986, NULL, NULL, '2023-02-24 14:27:00', NULL, '2023-02-24 14:28:00', NULL, '2023-02-24 17:18:01', '2023-02-24 21:22:47'),
	(1606217550730244097, 1024772425923018049, 1024772115791985729, 5, 1024986076978217057, 1606217548161449986, NULL, NULL, '2023-02-24 14:27:00', NULL, '2023-02-24 14:28:00', NULL, '2023-02-24 17:18:01', '2023-02-24 21:22:47'),
	(1608087625863147522, 1024985129287809409, 1024984540818568481, 6, 1024985621531327777, 1608087623835418626, NULL, NULL, '2023-02-24 22:09:00', '2023-02-24 21:23:35', '2023-02-24 22:11:00', '2023-02-24 21:23:59', '2023-02-24 21:09:01', '2023-02-24 21:09:01'),
	(1608087627104661506, 1024985129287809409, 1024984540818568481, 6, 1024986076978217057, 1608087623835418626, NULL, NULL, '2023-02-24 22:09:00', '2023-02-24 21:23:35', '2023-02-24 22:11:00', '2023-02-24 21:23:59', '2023-02-24 21:09:02', '2023-02-24 21:09:02'),
	(1608095172728860673, 1024984540818568481, 1024993422324415489, 6, 1024987378881793537, 1608095170466250753, NULL, NULL, '2023-02-24 22:40:00', '2023-02-24 21:43:56', '2023-02-24 22:42:00', '2023-02-24 21:44:13', '2023-02-24 21:39:01', '2023-02-24 21:39:01'),
	(1608095173085376514, 1024984540818568481, 1024993422324415489, 6, 1024997316655995489, 1608095170466250753, NULL, NULL, '2023-02-24 22:40:00', '2023-02-24 21:43:56', '2023-02-24 22:42:00', '2023-02-24 21:44:13', '2023-02-24 21:39:01', '2023-02-24 21:39:01'),
	(1608738917019168770, 1024772115791985729, 1024772425923018049, 5, 1024984140988150081, 1608738916153896961, NULL, NULL, '2023-02-24 16:09:00', NULL, '2023-02-24 16:10:00', NULL, '2023-02-24 16:17:01', '2023-02-24 21:20:00'),
	(1608738919690940417, 1024772115791985729, 1024772425923018049, 5, 1024984230121304705, 1608738916153896961, NULL, NULL, '2023-02-24 16:09:00', NULL, '2023-02-24 16:10:00', NULL, '2023-02-24 16:17:02', '2023-02-24 21:20:00'),
	(1608739668802023426, 1024772115791985729, 1024772425923018049, 5, 1024984140988150081, 1608739669556785153, NULL, NULL, '2023-02-24 16:09:00', NULL, '2023-02-24 16:10:00', NULL, '2023-02-24 16:20:01', '2023-02-24 21:20:11'),
	(1608739669234036737, 1024772115791985729, 1024772425923018049, 5, 1024984230121304705, 1608739669556785153, NULL, NULL, '2023-02-24 16:09:00', NULL, '2023-02-24 16:10:00', NULL, '2023-02-24 16:20:01', '2023-02-24 21:20:11'),
	(1608756533712531458, 1024772115791985729, 1024772425923018049, 5, 1024984140988150081, 1608756532122509313, NULL, NULL, '2023-02-24 16:09:00', NULL, '2023-02-24 16:10:00', NULL, '2023-02-24 17:27:02', '2023-02-24 21:20:06'),
	(1608756534144544769, 1024772115791985729, 1024772425923018049, 5, 1024984230121304705, 1608756532122509313, NULL, NULL, '2023-02-24 16:09:00', NULL, '2023-02-24 16:10:00', NULL, '2023-02-24 17:27:02', '2023-02-24 21:20:06'),
	(1610609237263003650, 1024985129287809409, 1024984540818568481, 5, 1024985621531327777, 1610609236733407233, NULL, NULL, '2023-02-24 22:09:00', NULL, '2023-02-24 22:11:00', NULL, '2023-02-24 20:09:00', '2023-02-24 21:19:55'),
	(1610609237862789122, 1024985129287809409, 1024984540818568481, 5, 1024986076978217057, 1610609236733407233, NULL, NULL, '2023-02-24 22:09:00', NULL, '2023-02-24 22:11:00', NULL, '2023-02-24 20:09:01', '2023-02-24 21:19:55'),
	(1610617038773301249, 1024984540818568481, 1024993422324415489, 5, 1024987378881793537, 1610617038621192194, NULL, NULL, '2023-02-24 22:40:00', NULL, '2023-02-24 22:42:00', NULL, '2023-02-24 20:40:01', '2023-02-24 21:19:48'),
	(1610617039192731650, 1024984540818568481, 1024993422324415489, 5, 1024997316655995489, 1610617038621192194, NULL, NULL, '2023-02-24 22:40:00', NULL, '2023-02-24 22:42:00', NULL, '2023-02-24 20:40:01', '2023-02-24 21:19:48'),
	(1610989498500788226, 1024984540818568481, 1024993422324415489, 5, 1024987378881793537, 1610989498134769665, NULL, NULL, '2023-02-24 21:25:00', NULL, '2023-02-24 03:40:00', NULL, '2023-02-24 21:20:02', '2023-02-24 21:33:13'),
	(1610989501008982017, 1024984540818568481, 1024993422324415489, 5, 1024997316655995489, 1610989498134769665, NULL, NULL, '2023-02-24 21:25:00', NULL, '2023-02-24 03:40:00', NULL, '2023-02-24 21:20:02', '2023-02-24 21:33:13'),
	(1610990753449127937, 1024985129287809409, 1024984540818568481, 6, 1024985621531327777, 1610990752659484673, NULL, NULL, '2023-02-24 21:26:00', '2023-02-24 21:30:49', '2023-02-24 21:56:00', '2023-02-24 21:32:10', '2023-02-24 21:25:01', '2023-02-24 21:25:01'),
	(1610990754699030530, 1024985129287809409, 1024984540818568481, 6, 1024986076978217057, 1610990752659484673, NULL, NULL, '2023-02-24 21:26:00', '2023-02-24 21:30:49', '2023-02-24 21:56:00', '2023-02-24 21:32:10', '2023-02-24 21:25:01', '2023-02-24 21:25:01'),
	(1610993019195371522, 1024984540818568481, 1024993422324415489, 5, 1024987378881793537, 1610993017998880770, NULL, NULL, '2023-02-24 21:36:00', NULL, '2023-02-24 03:26:00', NULL, '2023-02-24 21:34:01', '2023-02-24 14:50:52'),
	(1610993021720342530, 1024984540818568481, 1024993422324415489, 5, 1024997316655995489, 1610993017998880770, NULL, NULL, '2023-02-24 21:36:00', NULL, '2023-02-24 03:26:00', NULL, '2023-02-24 21:34:02', '2023-02-24 14:50:53'),
	(1611323195229876226, 1024985129287809409, 1024984540818568481, 5, 1024985621531327777, 1611323194914189314, NULL, NULL, '2023-02-24 21:26:00', NULL, '2023-02-24 21:56:00', NULL, '2023-02-24 19:26:01', '2023-02-24 14:50:52'),
	(1611323198576930817, 1024985129287809409, 1024984540818568481, 5, 1024986076978217057, 1611323194914189314, NULL, NULL, '2023-02-24 21:26:00', NULL, '2023-02-24 21:56:00', NULL, '2023-02-24 19:26:02', '2023-02-24 14:50:53'),
	(1612342411944931329, 1024985129287809409, 1024984540818568481, 6, 1024985621531327777, 1612342410790383617, NULL, NULL, '2023-02-24 14:59:00', '2023-02-24 15:01:33', '2023-02-24 15:29:00', '2023-02-24 15:06:34', '2023-02-24 14:56:02', '2023-02-24 14:56:02'),
	(1612342413622652930, 1024985129287809409, 1024984540818568481, 6, 1024986076978217057, 1612342410790383617, NULL, NULL, '2023-02-24 14:59:00', '2023-02-24 15:01:33', '2023-02-24 15:29:00', '2023-02-24 15:06:34', '2023-02-24 14:56:02', '2023-02-24 14:56:02'),
	(1612345429738270722, 1024984540818568481, 1024993422324415489, 6, 1024987378881793537, 1612345429397417985, NULL, NULL, '2023-02-24 15:10:00', '2023-02-24 15:16:11', '2023-02-24 20:10:00', '2023-02-24 15:17:08', '2023-02-24 15:08:01', '2023-02-24 15:08:01'),
	(1612345433102102529, 1024984540818568481, 1024993422324415489, 6, 1024997316655995489, 1612345429397417985, NULL, NULL, '2023-02-24 15:10:00', '2023-02-24 15:16:11', '2023-02-24 20:10:00', '2023-02-24 15:17:08', '2023-02-24 15:08:02', '2023-02-24 15:08:02'),
	(1629147646118588417, 1024985129287809409, 1024984540818568481, 1, 1024985621531327777, 1629147645717864450, NULL, NULL, '2023-02-24 14:59:00', NULL, '2023-02-24 15:29:00', NULL, '2023-02-24 23:54:02', '2023-02-24 23:54:02'),
	(1629147648177991681, 1024985129287809409, 1024984540818568481, 1, 1024986076978217057, 1629147645717864450, NULL, NULL, '2023-02-24 14:59:00', NULL, '2023-02-24 15:29:00', NULL, '2023-02-24 23:54:02', '2023-02-24 23:54:02'),
	(1629147650023485441, 1024984540818568481, 1024993422324415489, 1, 1024987378881793537, 1629147649454989314, NULL, NULL, '2023-02-24 15:10:00', NULL, '2023-02-24 20:10:00', NULL, '2023-02-24 23:54:03', '2023-02-24 23:54:03'),
	(1629147651546017794, 1024984540818568481, 1024993422324415489, 1, 1024997316655995489, 1629147649454989314, NULL, NULL, '2023-02-24 15:10:00', NULL, '2023-02-24 20:10:00', NULL, '2023-02-24 23:54:03', '2023-02-24 23:54:03'),
	(1629147655320891393, 1024984540818568481, 1024993422324415489, 1, 1024987378881793537, 1629147652860764162, NULL, NULL, '2023-02-24 15:10:00', NULL, '2023-02-24 20:10:00', NULL, '2023-02-24 23:54:04', '2023-02-24 23:54:04'),
	(1629147656579182593, 1024984540818568481, 1024993422324415489, 1, 1024997316655995489, 1629147652860764162, NULL, NULL, '2023-02-24 15:10:00', NULL, '2023-02-24 20:10:00', NULL, '2023-02-24 23:54:04', '2023-02-24 23:54:04');

-- 导出  表 sl_driver.undo_log 结构
CREATE TABLE IF NOT EXISTS `undo_log` (
  `id` bigint NOT NULL AUTO_INCREMENT,
  `branch_id` bigint NOT NULL,
  `xid` varchar(100) CHARACTER SET utf8 COLLATE utf8_general_ci NOT NULL,
  `context` varchar(128) CHARACTER SET utf8 COLLATE utf8_general_ci NOT NULL,
  `rollback_info` longblob NOT NULL,
  `log_status` int NOT NULL,
  `log_created` datetime NOT NULL,
  `log_modified` datetime NOT NULL,
  `ext` varchar(100) CHARACTER SET utf8 COLLATE utf8_general_ci DEFAULT NULL,
  PRIMARY KEY (`id`) USING BTREE,
  UNIQUE KEY `ux_undo_log` (`xid`,`branch_id`) USING BTREE
) ENGINE=InnoDB AUTO_INCREMENT=1152 DEFAULT CHARSET=utf8mb3;

-- 正在导出表  sl_driver.undo_log 的数据：~0 rows (大约)


-- 导出 sl_oms 的数据库结构
CREATE DATABASE IF NOT EXISTS `sl_oms` /*!40100 DEFAULT CHARACTER SET utf8 */ /*!80016 DEFAULT ENCRYPTION='N' */;
USE `sl_oms`;

-- 导出  表 sl_oms.sl_hot_good 结构
CREATE TABLE IF NOT EXISTS `sl_hot_good` (
  `id` bigint NOT NULL COMMENT 'id',
  `goods_type_id` varchar(20) CHARACTER SET utf8mb4 COLLATE utf8mb4_0900_ai_ci NOT NULL COMMENT '货物类型id',
  `name` varchar(255) CHARACTER SET utf8mb4 COLLATE utf8mb4_0900_ai_ci DEFAULT NULL COMMENT '货物名称',
  `unit` varchar(255) CHARACTER SET utf8mb4 COLLATE utf8mb4_0900_ai_ci DEFAULT NULL COMMENT '货物单位',
  `cargo_value` decimal(32,8) DEFAULT NULL COMMENT '货品货值',
  `cargo_barcode` varchar(255) CHARACTER SET utf8mb4 COLLATE utf8mb4_0900_ai_ci DEFAULT NULL COMMENT '货品条码',
  `quantity` int DEFAULT NULL COMMENT '货品数量',
  `volume` decimal(32,10) DEFAULT NULL COMMENT '货品体积',
  `weight` decimal(32,10) DEFAULT NULL COMMENT '货品重量',
  `remark` text CHARACTER SET utf8mb4 COLLATE utf8mb4_0900_ai_ci COMMENT '货品备注',
  `total_volume` decimal(32,10) DEFAULT NULL COMMENT '货品总体积',
  `total_weight` decimal(32,10) DEFAULT NULL COMMENT '货品总重量',
  `created` datetime DEFAULT NULL COMMENT '创建时间',
  `updated` datetime DEFAULT NULL COMMENT '更新时间',
  PRIMARY KEY (`id`) USING BTREE,
  KEY `name` (`name`) USING BTREE,
  KEY `created` (`created`) USING BTREE
) ENGINE=InnoDB DEFAULT CHARSET=utf8mb4 COLLATE=utf8mb4_0900_ai_ci COMMENT='热门货物 ';

-- 正在导出表  sl_oms.sl_hot_good 的数据：~445 rows (大约)
INSERT INTO `sl_hot_good` (`id`, `goods_type_id`, `name`, `unit`, `cargo_value`, `cargo_barcode`, `quantity`, `volume`, `weight`, `remark`, `total_volume`, `total_weight`, `created`, `updated`) VALUES
	(1, '1552846618315661316', '连衣裙', NULL, NULL, NULL, NULL, NULL, NULL, NULL, NULL, NULL, NULL, NULL),
	(2, '1552846618315661316', '风衣', NULL, NULL, NULL, NULL, NULL, NULL, NULL, NULL, NULL, NULL, NULL),
	(3, '1552846618315661316', '针织衫', NULL, NULL, NULL, NULL, NULL, NULL, NULL, NULL, NULL, NULL, NULL),
	(4, '1552846618315661316', '衬衫', NULL, NULL, NULL, NULL, NULL, NULL, NULL, NULL, NULL, NULL, NULL),
	(5, '1552846618315661316', '短外套', NULL, NULL, NULL, NULL, NULL, NULL, NULL, NULL, NULL, NULL, NULL),
	(6, '1552846618315661316', 'T恤', NULL, NULL, NULL, NULL, NULL, NULL, NULL, NULL, NULL, NULL, NULL),
	(7, '1552846618315661316', '半身裙', NULL, NULL, NULL, NULL, NULL, NULL, NULL, NULL, NULL, NULL, NULL),
	(8, '1552846618315661316', '牛仔裤', NULL, NULL, NULL, NULL, NULL, NULL, NULL, NULL, NULL, NULL, NULL),
	(9, '1552846618315661316', '短裤', NULL, NULL, NULL, NULL, NULL, NULL, NULL, NULL, NULL, NULL, NULL),
	(10, '1552846618315661316', '吊带', NULL, NULL, NULL, NULL, NULL, NULL, NULL, NULL, NULL, NULL, NULL),
	(11, '1552846618315661316', '婚纱礼服', NULL, NULL, NULL, NULL, NULL, NULL, NULL, NULL, NULL, NULL, NULL),
	(12, '1552846618315661316', '外套', NULL, NULL, NULL, NULL, NULL, NULL, NULL, NULL, NULL, NULL, NULL),
	(13, '1552846618315661316', '毛衣', NULL, NULL, NULL, NULL, NULL, NULL, NULL, NULL, NULL, NULL, NULL),
	(14, '1552846618315661316', '打底衫', NULL, NULL, NULL, NULL, NULL, NULL, NULL, NULL, NULL, NULL, NULL),
	(15, '1552846618315661316', 'POLO衫', NULL, NULL, NULL, NULL, NULL, NULL, NULL, NULL, NULL, NULL, NULL),
	(16, '1552846618315661316', '休闲裤', NULL, NULL, NULL, NULL, NULL, NULL, NULL, NULL, NULL, NULL, NULL),
	(17, '1552846618315661316', '西服', NULL, NULL, NULL, NULL, NULL, NULL, NULL, NULL, NULL, NULL, NULL),
	(18, '1552846618315661316', '西裤', NULL, NULL, NULL, NULL, NULL, NULL, NULL, NULL, NULL, NULL, NULL),
	(19, '1552846618315661316', '文胸', NULL, NULL, NULL, NULL, NULL, NULL, NULL, NULL, NULL, NULL, NULL),
	(20, '1552846618315661316', '袜子', NULL, NULL, NULL, NULL, NULL, NULL, NULL, NULL, NULL, NULL, NULL),
	(21, '1552846618315661316', '睡裙', NULL, NULL, NULL, NULL, NULL, NULL, NULL, NULL, NULL, NULL, NULL),
	(22, '1552846618315661316', '睡衣', NULL, NULL, NULL, NULL, NULL, NULL, NULL, NULL, NULL, NULL, NULL),
	(23, '1552846618315661320', '单肩包', NULL, NULL, NULL, NULL, NULL, NULL, NULL, NULL, NULL, NULL, NULL),
	(24, '1552846618315661320', '斜挎包', NULL, NULL, NULL, NULL, NULL, NULL, NULL, NULL, NULL, NULL, NULL),
	(25, '1552846618315661320', '手提包', NULL, NULL, NULL, NULL, NULL, NULL, NULL, NULL, NULL, NULL, NULL),
	(26, '1552846618315661320', '双肩包', NULL, NULL, NULL, NULL, NULL, NULL, NULL, NULL, NULL, NULL, NULL),
	(27, '1552846618315661320', '钱包', NULL, NULL, NULL, NULL, NULL, NULL, NULL, NULL, NULL, NULL, NULL),
	(28, '1552846618315661320', '手包', NULL, NULL, NULL, NULL, NULL, NULL, NULL, NULL, NULL, NULL, NULL),
	(29, '1552846618315661320', '公文包', NULL, NULL, NULL, NULL, NULL, NULL, NULL, NULL, NULL, NULL, NULL),
	(30, '1552846618315661320', '宴会包', NULL, NULL, NULL, NULL, NULL, NULL, NULL, NULL, NULL, NULL, NULL),
	(31, '1552846618315661320', '拉杆箱', NULL, NULL, NULL, NULL, NULL, NULL, NULL, NULL, NULL, NULL, NULL),
	(32, '1552846618315661320', '旅行包', NULL, NULL, NULL, NULL, NULL, NULL, NULL, NULL, NULL, NULL, NULL),
	(33, '1552846618315661320', '电脑包', NULL, NULL, NULL, NULL, NULL, NULL, NULL, NULL, NULL, NULL, NULL),
	(34, '1552846618315661320', '内胆包', NULL, NULL, NULL, NULL, NULL, NULL, NULL, NULL, NULL, NULL, NULL),
	(35, '1552846618315661320', '相机包', NULL, NULL, NULL, NULL, NULL, NULL, NULL, NULL, NULL, NULL, NULL),
	(36, '1552846618315661321', '项链', NULL, NULL, NULL, NULL, NULL, NULL, NULL, NULL, NULL, NULL, NULL),
	(37, '1552846618315661321', ' 吊坠', NULL, NULL, NULL, NULL, NULL, NULL, NULL, NULL, NULL, NULL, NULL),
	(38, '1552846618315661321', '耳环', NULL, NULL, NULL, NULL, NULL, NULL, NULL, NULL, NULL, NULL, NULL),
	(39, '1552846618315661321', '耳坠', NULL, NULL, NULL, NULL, NULL, NULL, NULL, NULL, NULL, NULL, NULL),
	(40, '1552846618315661321', '手链', NULL, NULL, NULL, NULL, NULL, NULL, NULL, NULL, NULL, NULL, NULL),
	(41, '1552846618315661321', '手镯', NULL, NULL, NULL, NULL, NULL, NULL, NULL, NULL, NULL, NULL, NULL),
	(42, '1552846618315661321', '戒指', NULL, NULL, NULL, NULL, NULL, NULL, NULL, NULL, NULL, NULL, NULL),
	(43, '1552846618315661321', '脚链', NULL, NULL, NULL, NULL, NULL, NULL, NULL, NULL, NULL, NULL, NULL),
	(44, '1552846618315661321', '情侣对饰', NULL, NULL, NULL, NULL, NULL, NULL, NULL, NULL, NULL, NULL, NULL),
	(45, '1552846618315661321', '发饰', NULL, NULL, NULL, NULL, NULL, NULL, NULL, NULL, NULL, NULL, NULL),
	(46, '1552846618315661321', '摆件', NULL, NULL, NULL, NULL, NULL, NULL, NULL, NULL, NULL, NULL, NULL),
	(47, '1552846618315661321', '黄金', NULL, NULL, NULL, NULL, NULL, NULL, NULL, NULL, NULL, NULL, NULL),
	(48, '1552846618315661321', '翡翠', NULL, NULL, NULL, NULL, NULL, NULL, NULL, NULL, NULL, NULL, NULL),
	(49, '1552846618315661321', '铂金', NULL, NULL, NULL, NULL, NULL, NULL, NULL, NULL, NULL, NULL, NULL),
	(50, '1552846618315661321', '宝石', NULL, NULL, NULL, NULL, NULL, NULL, NULL, NULL, NULL, NULL, NULL),
	(51, '1552846618315661321', '珍珠', NULL, NULL, NULL, NULL, NULL, NULL, NULL, NULL, NULL, NULL, NULL),
	(52, '1552846618315661321', '琥珀', NULL, NULL, NULL, NULL, NULL, NULL, NULL, NULL, NULL, NULL, NULL),
	(53, '1552846618315661321', '首饰盒子', NULL, NULL, NULL, NULL, NULL, NULL, NULL, NULL, NULL, NULL, NULL),
	(54, '1552846618315661321', '首饰架', NULL, NULL, NULL, NULL, NULL, NULL, NULL, NULL, NULL, NULL, NULL),
	(55, '1552846618315661321', '男表', NULL, NULL, NULL, NULL, NULL, NULL, NULL, NULL, NULL, NULL, NULL),
	(56, '1552846618315661321', '女表', NULL, NULL, NULL, NULL, NULL, NULL, NULL, NULL, NULL, NULL, NULL),
	(57, '1552846618315661321', '情侣表', NULL, NULL, NULL, NULL, NULL, NULL, NULL, NULL, NULL, NULL, NULL),
	(58, '1552846618315661321', '石英表', NULL, NULL, NULL, NULL, NULL, NULL, NULL, NULL, NULL, NULL, NULL),
	(59, '1552846618315661321', '机械表', NULL, NULL, NULL, NULL, NULL, NULL, NULL, NULL, NULL, NULL, NULL),
	(60, '1552846618315661321', '时装表', NULL, NULL, NULL, NULL, NULL, NULL, NULL, NULL, NULL, NULL, NULL),
	(61, '1552846618315661321', '光动能表', NULL, NULL, NULL, NULL, NULL, NULL, NULL, NULL, NULL, NULL, NULL),
	(62, '1552846618315661321', '防晒太阳镜', NULL, NULL, NULL, NULL, NULL, NULL, NULL, NULL, NULL, NULL, NULL),
	(63, '1552846618315661321', '偏光太阳镜', NULL, NULL, NULL, NULL, NULL, NULL, NULL, NULL, NULL, NULL, NULL),
	(64, '1552846618315661321', '防辐射镜', NULL, NULL, NULL, NULL, NULL, NULL, NULL, NULL, NULL, NULL, NULL),
	(65, '1552846618315661321', '司机镜', NULL, NULL, NULL, NULL, NULL, NULL, NULL, NULL, NULL, NULL, NULL),
	(66, '1552846618315661321', '眼镜架', NULL, NULL, NULL, NULL, NULL, NULL, NULL, NULL, NULL, NULL, NULL),
	(67, '1552846618315661321', '眼镜片', NULL, NULL, NULL, NULL, NULL, NULL, NULL, NULL, NULL, NULL, NULL),
	(68, '1552846618315661322', '女士香水', NULL, NULL, NULL, NULL, NULL, NULL, NULL, NULL, NULL, NULL, NULL),
	(69, '1552846618315661322', '中性香水', NULL, NULL, NULL, NULL, NULL, NULL, NULL, NULL, NULL, NULL, NULL),
	(70, '1552846618315661322', '男士香水', NULL, NULL, NULL, NULL, NULL, NULL, NULL, NULL, NULL, NULL, NULL),
	(71, '1552846618315661322', '洗发护发', NULL, NULL, NULL, NULL, NULL, NULL, NULL, NULL, NULL, NULL, NULL),
	(72, '1552846618315661322', '纯露/花水', NULL, NULL, NULL, NULL, NULL, NULL, NULL, NULL, NULL, NULL, NULL),
	(73, '1552846618315661322', '单方精油', NULL, NULL, NULL, NULL, NULL, NULL, NULL, NULL, NULL, NULL, NULL),
	(74, '1552846618315661322', '复方精油', NULL, NULL, NULL, NULL, NULL, NULL, NULL, NULL, NULL, NULL, NULL),
	(75, '1552846618315661322', ' 基础精油', NULL, NULL, NULL, NULL, NULL, NULL, NULL, NULL, NULL, NULL, NULL),
	(76, '1552846618315661322', '牙膏', NULL, NULL, NULL, NULL, NULL, NULL, NULL, NULL, NULL, NULL, NULL),
	(77, '1552846618315661322', '牙刷', NULL, NULL, NULL, NULL, NULL, NULL, NULL, NULL, NULL, NULL, NULL),
	(78, '1552846618315661322', '牙线', NULL, NULL, NULL, NULL, NULL, NULL, NULL, NULL, NULL, NULL, NULL),
	(79, '1552846618315661322', '漱口水', NULL, NULL, NULL, NULL, NULL, NULL, NULL, NULL, NULL, NULL, NULL),
	(80, '1552846618315661322', '口气清新剂', NULL, NULL, NULL, NULL, NULL, NULL, NULL, NULL, NULL, NULL, NULL),
	(81, '1552846618315661322', '白牙素', NULL, NULL, NULL, NULL, NULL, NULL, NULL, NULL, NULL, NULL, NULL),
	(82, '1552846618315661322', '假发', NULL, NULL, NULL, NULL, NULL, NULL, NULL, NULL, NULL, NULL, NULL),
	(83, '1552846618315661322', '假睫毛', NULL, NULL, NULL, NULL, NULL, NULL, NULL, NULL, NULL, NULL, NULL),
	(84, '1552846618315661322', '双眼皮胶', NULL, NULL, NULL, NULL, NULL, NULL, NULL, NULL, NULL, NULL, NULL),
	(85, '1552846618315661322', '化妆棉', NULL, NULL, NULL, NULL, NULL, NULL, NULL, NULL, NULL, NULL, NULL),
	(86, '1552846618315661322', '化妆镜', NULL, NULL, NULL, NULL, NULL, NULL, NULL, NULL, NULL, NULL, NULL),
	(87, '1552846618315661322', '化妆刷', NULL, NULL, NULL, NULL, NULL, NULL, NULL, NULL, NULL, NULL, NULL),
	(88, '1552846618315661322', '化妆包', NULL, NULL, NULL, NULL, NULL, NULL, NULL, NULL, NULL, NULL, NULL),
	(89, '1552846618315661322', '美发工具', NULL, NULL, NULL, NULL, NULL, NULL, NULL, NULL, NULL, NULL, NULL),
	(90, '1552846618315661322', '修甲工具', NULL, NULL, NULL, NULL, NULL, NULL, NULL, NULL, NULL, NULL, NULL),
	(91, '1552846618315661322', '洁面工具', NULL, NULL, NULL, NULL, NULL, NULL, NULL, NULL, NULL, NULL, NULL),
	(92, '1552846618315661322', '修眉工具', NULL, NULL, NULL, NULL, NULL, NULL, NULL, NULL, NULL, NULL, NULL),
	(93, '1552846618315661323', '跑步鞋', NULL, NULL, NULL, NULL, NULL, NULL, NULL, NULL, NULL, NULL, NULL),
	(94, '1552846618315661323', '篮球鞋', NULL, NULL, NULL, NULL, NULL, NULL, NULL, NULL, NULL, NULL, NULL),
	(95, '1552846618315661323', '板鞋', NULL, NULL, NULL, NULL, NULL, NULL, NULL, NULL, NULL, NULL, NULL),
	(96, '1552846618315661323', '综合训练鞋', NULL, NULL, NULL, NULL, NULL, NULL, NULL, NULL, NULL, NULL, NULL),
	(97, '1552846618315661323', '羽毛球鞋', NULL, NULL, NULL, NULL, NULL, NULL, NULL, NULL, NULL, NULL, NULL),
	(98, '1552846618315661323', '足球鞋', NULL, NULL, NULL, NULL, NULL, NULL, NULL, NULL, NULL, NULL, NULL),
	(99, '1552846618315661323', '新品短袖', NULL, NULL, NULL, NULL, NULL, NULL, NULL, NULL, NULL, NULL, NULL),
	(100, '1552846618315661323', '篮球背心', NULL, NULL, NULL, NULL, NULL, NULL, NULL, NULL, NULL, NULL, NULL),
	(101, '1552846618315661323', '运动裤', NULL, NULL, NULL, NULL, NULL, NULL, NULL, NULL, NULL, NULL, NULL),
	(102, '1552846618315661323', '卫衣', NULL, NULL, NULL, NULL, NULL, NULL, NULL, NULL, NULL, NULL, NULL),
	(103, '1552846618315661323', '紧身训练服', NULL, NULL, NULL, NULL, NULL, NULL, NULL, NULL, NULL, NULL, NULL),
	(104, '1552846618315661323', '足球服', NULL, NULL, NULL, NULL, NULL, NULL, NULL, NULL, NULL, NULL, NULL),
	(105, '1552846618315661323', '分体泳装', NULL, NULL, NULL, NULL, NULL, NULL, NULL, NULL, NULL, NULL, NULL),
	(106, '1552846618315661323', '连体泳装', NULL, NULL, NULL, NULL, NULL, NULL, NULL, NULL, NULL, NULL, NULL),
	(107, '1552846618315661323', '比基尼', NULL, NULL, NULL, NULL, NULL, NULL, NULL, NULL, NULL, NULL, NULL),
	(108, '1552846618315661323', '儿童泳衣', NULL, NULL, NULL, NULL, NULL, NULL, NULL, NULL, NULL, NULL, NULL),
	(109, '1552846618315661323', '泳镜', NULL, NULL, NULL, NULL, NULL, NULL, NULL, NULL, NULL, NULL, NULL),
	(110, '1552846618315661323', '泳裤', NULL, NULL, NULL, NULL, NULL, NULL, NULL, NULL, NULL, NULL, NULL),
	(111, '1552846618315661323', '冲锋衣', NULL, NULL, NULL, NULL, NULL, NULL, NULL, NULL, NULL, NULL, NULL),
	(112, '1552846618315661323', '户外羽绒服', NULL, NULL, NULL, NULL, NULL, NULL, NULL, NULL, NULL, NULL, NULL),
	(113, '1552846618315661323', '透气徒步鞋', NULL, NULL, NULL, NULL, NULL, NULL, NULL, NULL, NULL, NULL, NULL),
	(114, '1552846618315661323', '强光手电', NULL, NULL, NULL, NULL, NULL, NULL, NULL, NULL, NULL, NULL, NULL),
	(115, '1552846618315661323', '户外军品', NULL, NULL, NULL, NULL, NULL, NULL, NULL, NULL, NULL, NULL, NULL),
	(116, '1552846618315661323', '垂钓用品', NULL, NULL, NULL, NULL, NULL, NULL, NULL, NULL, NULL, NULL, NULL),
	(117, '1552846618315661323', '轻薄防晒服', NULL, NULL, NULL, NULL, NULL, NULL, NULL, NULL, NULL, NULL, NULL),
	(118, '1552846618315661323', '望远镜', NULL, NULL, NULL, NULL, NULL, NULL, NULL, NULL, NULL, NULL, NULL),
	(119, '1552846618315661323', '羽毛球', NULL, NULL, NULL, NULL, NULL, NULL, NULL, NULL, NULL, NULL, NULL),
	(120, '1552846618315661323', '跑步机', NULL, NULL, NULL, NULL, NULL, NULL, NULL, NULL, NULL, NULL, NULL),
	(121, '1552846618315661323', '仰卧板', NULL, NULL, NULL, NULL, NULL, NULL, NULL, NULL, NULL, NULL, NULL),
	(122, '1552846618315661323', '踏步机', NULL, NULL, NULL, NULL, NULL, NULL, NULL, NULL, NULL, NULL, NULL),
	(123, '1552846618315661323', '跳舞毯', NULL, NULL, NULL, NULL, NULL, NULL, NULL, NULL, NULL, NULL, NULL),
	(124, '1552846618315661323', '网球拍', NULL, NULL, NULL, NULL, NULL, NULL, NULL, NULL, NULL, NULL, NULL),
	(125, '1552846618315661323', '篮球', NULL, NULL, NULL, NULL, NULL, NULL, NULL, NULL, NULL, NULL, NULL),
	(126, '1552846618315661323', '乒乓球', NULL, NULL, NULL, NULL, NULL, NULL, NULL, NULL, NULL, NULL, NULL),
	(127, '1552846618315661323', '折叠自行车', NULL, NULL, NULL, NULL, NULL, NULL, NULL, NULL, NULL, NULL, NULL),
	(128, '1552846618315661323', '山地自行车', NULL, NULL, NULL, NULL, NULL, NULL, NULL, NULL, NULL, NULL, NULL),
	(129, '1552846618315661323', '公路自行车', NULL, NULL, NULL, NULL, NULL, NULL, NULL, NULL, NULL, NULL, NULL),
	(130, '1552846618315661323', '电动车', NULL, NULL, NULL, NULL, NULL, NULL, NULL, NULL, NULL, NULL, NULL),
	(131, '1552846618315661323', ' 骑行装备', NULL, NULL, NULL, NULL, NULL, NULL, NULL, NULL, NULL, NULL, NULL),
	(132, '1552846618315661323', '自行车配件', NULL, NULL, NULL, NULL, NULL, NULL, NULL, NULL, NULL, NULL, NULL),
	(133, '1552846618315661323', '直排轮', NULL, NULL, NULL, NULL, NULL, NULL, NULL, NULL, NULL, NULL, NULL),
	(134, '1552846618315661323', ' 滑板', NULL, NULL, NULL, NULL, NULL, NULL, NULL, NULL, NULL, NULL, NULL),
	(135, '1552846618315661323', '高尔夫', NULL, NULL, NULL, NULL, NULL, NULL, NULL, NULL, NULL, NULL, NULL),
	(136, '1552846618315661324', '家纺', NULL, NULL, NULL, NULL, NULL, NULL, NULL, NULL, NULL, NULL, NULL),
	(137, '1552846618315661324', '四件套', NULL, NULL, NULL, NULL, NULL, NULL, NULL, NULL, NULL, NULL, NULL),
	(138, '1552846618315661324', '沙发垫', NULL, NULL, NULL, NULL, NULL, NULL, NULL, NULL, NULL, NULL, NULL),
	(139, '1552846618315661324', '蚊帐', NULL, NULL, NULL, NULL, NULL, NULL, NULL, NULL, NULL, NULL, NULL),
	(140, '1552846618315661324', '毛巾/浴巾', NULL, NULL, NULL, NULL, NULL, NULL, NULL, NULL, NULL, NULL, NULL),
	(141, '1552846618315661324', '蚕丝被', NULL, NULL, NULL, NULL, NULL, NULL, NULL, NULL, NULL, NULL, NULL),
	(142, '1552846618315661324', '床垫', NULL, NULL, NULL, NULL, NULL, NULL, NULL, NULL, NULL, NULL, NULL),
	(143, '1552846618315661324', '婚庆床品 ', NULL, NULL, NULL, NULL, NULL, NULL, NULL, NULL, NULL, NULL, NULL),
	(144, '1552846618315661324', '无框画', NULL, NULL, NULL, NULL, NULL, NULL, NULL, NULL, NULL, NULL, NULL),
	(145, '1552846618315661324', ' 贴饰', NULL, NULL, NULL, NULL, NULL, NULL, NULL, NULL, NULL, NULL, NULL),
	(146, '1552846618315661324', '摆件', NULL, NULL, NULL, NULL, NULL, NULL, NULL, NULL, NULL, NULL, NULL),
	(147, '1552846618315661324', '有框画', NULL, NULL, NULL, NULL, NULL, NULL, NULL, NULL, NULL, NULL, NULL),
	(148, '1552846618315661324', '雕刻工艺', NULL, NULL, NULL, NULL, NULL, NULL, NULL, NULL, NULL, NULL, NULL),
	(149, '1552846618315661324', ' 首饰盒', NULL, NULL, NULL, NULL, NULL, NULL, NULL, NULL, NULL, NULL, NULL),
	(150, '1552846618315661324', '相片墙', NULL, NULL, NULL, NULL, NULL, NULL, NULL, NULL, NULL, NULL, NULL),
	(151, '1552846618315661324', '蜡烛/烛台', NULL, NULL, NULL, NULL, NULL, NULL, NULL, NULL, NULL, NULL, NULL),
	(152, '1552846618315661324', '仿真饰品', NULL, NULL, NULL, NULL, NULL, NULL, NULL, NULL, NULL, NULL, NULL),
	(153, '1552846618315661324', '创意饰品', NULL, NULL, NULL, NULL, NULL, NULL, NULL, NULL, NULL, NULL, NULL),
	(154, '1552846618315661324', '工艺品', NULL, NULL, NULL, NULL, NULL, NULL, NULL, NULL, NULL, NULL, NULL),
	(155, '1552846618315661324', '遮阳伞', NULL, NULL, NULL, NULL, NULL, NULL, NULL, NULL, NULL, NULL, NULL),
	(156, '1552846618315661324', '压缩袋', NULL, NULL, NULL, NULL, NULL, NULL, NULL, NULL, NULL, NULL, NULL),
	(157, '1552846618315661324', '风扇    ', NULL, NULL, NULL, NULL, NULL, NULL, NULL, NULL, NULL, NULL, NULL),
	(158, '1552846618315661324', '烟灰缸', NULL, NULL, NULL, NULL, NULL, NULL, NULL, NULL, NULL, NULL, NULL),
	(159, '1552846618315661324', '储蓄罐', NULL, NULL, NULL, NULL, NULL, NULL, NULL, NULL, NULL, NULL, NULL),
	(160, '1552846618315661324', '钟驱蚊', NULL, NULL, NULL, NULL, NULL, NULL, NULL, NULL, NULL, NULL, NULL),
	(161, '1552846618315661324', '拖把', NULL, NULL, NULL, NULL, NULL, NULL, NULL, NULL, NULL, NULL, NULL),
	(162, '1552846618315661324', '垃圾桶', NULL, NULL, NULL, NULL, NULL, NULL, NULL, NULL, NULL, NULL, NULL),
	(163, '1552846618315661324', '衣架', NULL, NULL, NULL, NULL, NULL, NULL, NULL, NULL, NULL, NULL, NULL),
	(164, '1552846618315661324', '清洁剂', NULL, NULL, NULL, NULL, NULL, NULL, NULL, NULL, NULL, NULL, NULL),
	(165, '1552846618315661324', '洗衣剂', NULL, NULL, NULL, NULL, NULL, NULL, NULL, NULL, NULL, NULL, NULL),
	(166, '1552846618315661324', '拖把', NULL, NULL, NULL, NULL, NULL, NULL, NULL, NULL, NULL, NULL, NULL),
	(167, '1552846618315661324', '锅', NULL, NULL, NULL, NULL, NULL, NULL, NULL, NULL, NULL, NULL, NULL),
	(168, '1552846618315661324', '餐具', NULL, NULL, NULL, NULL, NULL, NULL, NULL, NULL, NULL, NULL, NULL),
	(169, '1552846618315661324', '杯子', NULL, NULL, NULL, NULL, NULL, NULL, NULL, NULL, NULL, NULL, NULL),
	(170, '1552846618315661324', '刀具', NULL, NULL, NULL, NULL, NULL, NULL, NULL, NULL, NULL, NULL, NULL),
	(171, '1552846618315661324', '茶壶', NULL, NULL, NULL, NULL, NULL, NULL, NULL, NULL, NULL, NULL, NULL),
	(172, '1552846618315661324', '烧水壶', NULL, NULL, NULL, NULL, NULL, NULL, NULL, NULL, NULL, NULL, NULL),
	(173, '1552846618315661324', '保鲜盒', NULL, NULL, NULL, NULL, NULL, NULL, NULL, NULL, NULL, NULL, NULL),
	(174, '1552846618315661324', '玩具', NULL, NULL, NULL, NULL, NULL, NULL, NULL, NULL, NULL, NULL, NULL),
	(175, '1552846618315661324', '狗粮', NULL, NULL, NULL, NULL, NULL, NULL, NULL, NULL, NULL, NULL, NULL),
	(176, '1552846618315661326', '奶粉', NULL, NULL, NULL, NULL, NULL, NULL, NULL, NULL, NULL, NULL, NULL),
	(177, '1552846618315661326', '辅食', NULL, NULL, NULL, NULL, NULL, NULL, NULL, NULL, NULL, NULL, NULL),
	(178, '1552846618315661326', '营养品', NULL, NULL, NULL, NULL, NULL, NULL, NULL, NULL, NULL, NULL, NULL),
	(179, '1552846618315661326', '妇奶粉         ', NULL, NULL, NULL, NULL, NULL, NULL, NULL, NULL, NULL, NULL, NULL),
	(180, '1552846618315661326', '营养品', NULL, NULL, NULL, NULL, NULL, NULL, NULL, NULL, NULL, NULL, NULL),
	(181, '1552846618315661326', '专业护肤', NULL, NULL, NULL, NULL, NULL, NULL, NULL, NULL, NULL, NULL, NULL),
	(182, '1552846618315661326', '待产日用', NULL, NULL, NULL, NULL, NULL, NULL, NULL, NULL, NULL, NULL, NULL),
	(183, '1552846618315661326', '哺乳用品', NULL, NULL, NULL, NULL, NULL, NULL, NULL, NULL, NULL, NULL, NULL),
	(184, '1552846618315661326', '防辐射服', NULL, NULL, NULL, NULL, NULL, NULL, NULL, NULL, NULL, NULL, NULL),
	(185, '1552846618315661326', '孕妇装', NULL, NULL, NULL, NULL, NULL, NULL, NULL, NULL, NULL, NULL, NULL),
	(186, '1552846618315661326', '孕妇鞋', NULL, NULL, NULL, NULL, NULL, NULL, NULL, NULL, NULL, NULL, NULL),
	(187, '1552846618315661326', '婴儿推车 ', NULL, NULL, NULL, NULL, NULL, NULL, NULL, NULL, NULL, NULL, NULL),
	(188, '1552846618315661326', '童玩车', NULL, NULL, NULL, NULL, NULL, NULL, NULL, NULL, NULL, NULL, NULL),
	(189, '1552846618315661326', '婴儿床', NULL, NULL, NULL, NULL, NULL, NULL, NULL, NULL, NULL, NULL, NULL),
	(190, '1552846618315661326', '早教学习', NULL, NULL, NULL, NULL, NULL, NULL, NULL, NULL, NULL, NULL, NULL),
	(191, '1552846618315661326', '婴儿玩具', NULL, NULL, NULL, NULL, NULL, NULL, NULL, NULL, NULL, NULL, NULL),
	(192, '1552846618315661326', '智能玩具', NULL, NULL, NULL, NULL, NULL, NULL, NULL, NULL, NULL, NULL, NULL),
	(193, '1552846618315661326', '奶瓶       ', NULL, NULL, NULL, NULL, NULL, NULL, NULL, NULL, NULL, NULL, NULL),
	(194, '1552846618315661326', '奶嘴', NULL, NULL, NULL, NULL, NULL, NULL, NULL, NULL, NULL, NULL, NULL),
	(195, '1552846618315661326', '水杯', NULL, NULL, NULL, NULL, NULL, NULL, NULL, NULL, NULL, NULL, NULL),
	(196, '1552846618315661326', '餐具', NULL, NULL, NULL, NULL, NULL, NULL, NULL, NULL, NULL, NULL, NULL),
	(197, '1552846618315661326', '尿裤', NULL, NULL, NULL, NULL, NULL, NULL, NULL, NULL, NULL, NULL, NULL),
	(198, '1552846618315661326', '湿巾', NULL, NULL, NULL, NULL, NULL, NULL, NULL, NULL, NULL, NULL, NULL),
	(199, '1552846618315661326', '尿垫', NULL, NULL, NULL, NULL, NULL, NULL, NULL, NULL, NULL, NULL, NULL),
	(200, '1552846618315661326', '卫浴', NULL, NULL, NULL, NULL, NULL, NULL, NULL, NULL, NULL, NULL, NULL),
	(201, '1552846618315661326', '驱蚊', NULL, NULL, NULL, NULL, NULL, NULL, NULL, NULL, NULL, NULL, NULL),
	(202, '1552846618315661326', '泰迪熊', NULL, NULL, NULL, NULL, NULL, NULL, NULL, NULL, NULL, NULL, NULL),
	(203, '1552846618315661326', '公仔', NULL, NULL, NULL, NULL, NULL, NULL, NULL, NULL, NULL, NULL, NULL),
	(204, '1552846618315661327', '电视 ', NULL, NULL, NULL, NULL, NULL, NULL, NULL, NULL, NULL, NULL, NULL),
	(205, '1552846618315661327', '洗衣机', NULL, NULL, NULL, NULL, NULL, NULL, NULL, NULL, NULL, NULL, NULL),
	(206, '1552846618315661327', '空调', NULL, NULL, NULL, NULL, NULL, NULL, NULL, NULL, NULL, NULL, NULL),
	(207, '1552846618315661327', '冰箱', NULL, NULL, NULL, NULL, NULL, NULL, NULL, NULL, NULL, NULL, NULL),
	(208, '1552846618315661327', '燃气灶', NULL, NULL, NULL, NULL, NULL, NULL, NULL, NULL, NULL, NULL, NULL),
	(209, '1552846618315661327', '油烟机', NULL, NULL, NULL, NULL, NULL, NULL, NULL, NULL, NULL, NULL, NULL),
	(210, '1552846618315661327', '消毒柜', NULL, NULL, NULL, NULL, NULL, NULL, NULL, NULL, NULL, NULL, NULL),
	(211, '1552846618315661327', '烟灶消套装', NULL, NULL, NULL, NULL, NULL, NULL, NULL, NULL, NULL, NULL, NULL),
	(212, '1552846618315661327', '家庭影院', NULL, NULL, NULL, NULL, NULL, NULL, NULL, NULL, NULL, NULL, NULL),
	(213, '1552846618315661327', '风扇                   ', NULL, NULL, NULL, NULL, NULL, NULL, NULL, NULL, NULL, NULL, NULL),
	(214, '1552846618315661327', '空调扇', NULL, NULL, NULL, NULL, NULL, NULL, NULL, NULL, NULL, NULL, NULL),
	(215, '1552846618315661327', '吸尘器', NULL, NULL, NULL, NULL, NULL, NULL, NULL, NULL, NULL, NULL, NULL),
	(216, '1552846618315661327', '扫地机', NULL, NULL, NULL, NULL, NULL, NULL, NULL, NULL, NULL, NULL, NULL),
	(217, '1552846618315661327', '净水器', NULL, NULL, NULL, NULL, NULL, NULL, NULL, NULL, NULL, NULL, NULL),
	(218, '1552846618315661327', '空气净化器', NULL, NULL, NULL, NULL, NULL, NULL, NULL, NULL, NULL, NULL, NULL),
	(219, '1552846618315661327', '抽湿器', NULL, NULL, NULL, NULL, NULL, NULL, NULL, NULL, NULL, NULL, NULL),
	(220, '1552846618315661327', '加湿器', NULL, NULL, NULL, NULL, NULL, NULL, NULL, NULL, NULL, NULL, NULL),
	(221, '1552846618315661327', '擦鞋器', NULL, NULL, NULL, NULL, NULL, NULL, NULL, NULL, NULL, NULL, NULL),
	(222, '1552846618315661327', '干衣机', NULL, NULL, NULL, NULL, NULL, NULL, NULL, NULL, NULL, NULL, NULL),
	(223, '1552846618315661327', '电烫斗', NULL, NULL, NULL, NULL, NULL, NULL, NULL, NULL, NULL, NULL, NULL),
	(224, '1552846618315661327', '挂烫机', NULL, NULL, NULL, NULL, NULL, NULL, NULL, NULL, NULL, NULL, NULL),
	(225, '1552846618315661327', '蒸汽刷', NULL, NULL, NULL, NULL, NULL, NULL, NULL, NULL, NULL, NULL, NULL),
	(226, '1552846618315661327', '蒸汽清洁机', NULL, NULL, NULL, NULL, NULL, NULL, NULL, NULL, NULL, NULL, NULL),
	(227, '1552846618315661327', '电话机 ', NULL, NULL, NULL, NULL, NULL, NULL, NULL, NULL, NULL, NULL, NULL),
	(228, '1552846618315661327', '对讲机', NULL, NULL, NULL, NULL, NULL, NULL, NULL, NULL, NULL, NULL, NULL),
	(229, '1552846618315661327', '电热毯', NULL, NULL, NULL, NULL, NULL, NULL, NULL, NULL, NULL, NULL, NULL),
	(230, '1552846618315661327', '暖手脚宝', NULL, NULL, NULL, NULL, NULL, NULL, NULL, NULL, NULL, NULL, NULL),
	(231, '1552846618315661327', '取暖器', NULL, NULL, NULL, NULL, NULL, NULL, NULL, NULL, NULL, NULL, NULL),
	(232, '1552846618315661327', '电子温度计', NULL, NULL, NULL, NULL, NULL, NULL, NULL, NULL, NULL, NULL, NULL),
	(233, '1552846618315661327', '豆浆机 ', NULL, NULL, NULL, NULL, NULL, NULL, NULL, NULL, NULL, NULL, NULL),
	(234, '1552846618315661327', '电热水壶', NULL, NULL, NULL, NULL, NULL, NULL, NULL, NULL, NULL, NULL, NULL),
	(235, '1552846618315661327', '电饭煲', NULL, NULL, NULL, NULL, NULL, NULL, NULL, NULL, NULL, NULL, NULL),
	(236, '1552846618315661327', '消毒碗柜', NULL, NULL, NULL, NULL, NULL, NULL, NULL, NULL, NULL, NULL, NULL),
	(237, '1552846618315661327', '微波炉', NULL, NULL, NULL, NULL, NULL, NULL, NULL, NULL, NULL, NULL, NULL),
	(238, '1552846618315661327', '饮水机', NULL, NULL, NULL, NULL, NULL, NULL, NULL, NULL, NULL, NULL, NULL),
	(239, '1552846618315661327', '煮蛋器', NULL, NULL, NULL, NULL, NULL, NULL, NULL, NULL, NULL, NULL, NULL),
	(240, '1552846618315661327', '电烤箱', NULL, NULL, NULL, NULL, NULL, NULL, NULL, NULL, NULL, NULL, NULL),
	(241, '1552846618315661327', '料理果汁机', NULL, NULL, NULL, NULL, NULL, NULL, NULL, NULL, NULL, NULL, NULL),
	(242, '1552846618315661327', '榨汁机', NULL, NULL, NULL, NULL, NULL, NULL, NULL, NULL, NULL, NULL, NULL),
	(243, '1552846618315661327', '面包机', NULL, NULL, NULL, NULL, NULL, NULL, NULL, NULL, NULL, NULL, NULL),
	(244, '1552846618315661327', '咖啡机', NULL, NULL, NULL, NULL, NULL, NULL, NULL, NULL, NULL, NULL, NULL),
	(245, '1552846618315661327', '酸奶机', NULL, NULL, NULL, NULL, NULL, NULL, NULL, NULL, NULL, NULL, NULL),
	(246, '1552846618315661327', '电饼铛', NULL, NULL, NULL, NULL, NULL, NULL, NULL, NULL, NULL, NULL, NULL),
	(247, '1552846618315661327', '电吹风 ', NULL, NULL, NULL, NULL, NULL, NULL, NULL, NULL, NULL, NULL, NULL),
	(248, '1552846618315661327', '剃须刀', NULL, NULL, NULL, NULL, NULL, NULL, NULL, NULL, NULL, NULL, NULL),
	(249, '1552846618315661327', '按摩棒', NULL, NULL, NULL, NULL, NULL, NULL, NULL, NULL, NULL, NULL, NULL),
	(250, '1552846618315661327', '清洁器', NULL, NULL, NULL, NULL, NULL, NULL, NULL, NULL, NULL, NULL, NULL),
	(251, '1552846618315661327', '电动牙刷', NULL, NULL, NULL, NULL, NULL, NULL, NULL, NULL, NULL, NULL, NULL),
	(252, '1552846618315661327', '拔罐器', NULL, NULL, NULL, NULL, NULL, NULL, NULL, NULL, NULL, NULL, NULL),
	(253, '1552846618315661327', '电子记步器', NULL, NULL, NULL, NULL, NULL, NULL, NULL, NULL, NULL, NULL, NULL),
	(254, '1552846618315661327', '电子体温计', NULL, NULL, NULL, NULL, NULL, NULL, NULL, NULL, NULL, NULL, NULL),
	(255, '1552846618315661327', '浴霸', NULL, NULL, NULL, NULL, NULL, NULL, NULL, NULL, NULL, NULL, NULL),
	(256, '1552846618315661327', '排气扇', NULL, NULL, NULL, NULL, NULL, NULL, NULL, NULL, NULL, NULL, NULL),
	(257, '1552846618315661327', '洁身器', NULL, NULL, NULL, NULL, NULL, NULL, NULL, NULL, NULL, NULL, NULL),
	(258, '1552846618315661327', '水槽', NULL, NULL, NULL, NULL, NULL, NULL, NULL, NULL, NULL, NULL, NULL),
	(259, '1552846618315661327', '龙头', NULL, NULL, NULL, NULL, NULL, NULL, NULL, NULL, NULL, NULL, NULL),
	(260, '1552846618315661327', '淋浴', NULL, NULL, NULL, NULL, NULL, NULL, NULL, NULL, NULL, NULL, NULL),
	(261, '1552846618315661327', '花洒', NULL, NULL, NULL, NULL, NULL, NULL, NULL, NULL, NULL, NULL, NULL),
	(262, '1552846618315661327', '开关插座', NULL, NULL, NULL, NULL, NULL, NULL, NULL, NULL, NULL, NULL, NULL),
	(263, '1552846618315661327', '灯具', NULL, NULL, NULL, NULL, NULL, NULL, NULL, NULL, NULL, NULL, NULL),
	(264, '1552846618315661327', '门铃', NULL, NULL, NULL, NULL, NULL, NULL, NULL, NULL, NULL, NULL, NULL),
	(265, '1552846618315661328', ' iPhone', NULL, NULL, NULL, NULL, NULL, NULL, NULL, NULL, NULL, NULL, NULL),
	(266, '1552846618315661328', 'MP3', NULL, NULL, NULL, NULL, NULL, NULL, NULL, NULL, NULL, NULL, NULL),
	(267, '1552846618315661328', 'MP4', NULL, NULL, NULL, NULL, NULL, NULL, NULL, NULL, NULL, NULL, NULL),
	(268, '1552846618315661328', '录音笔', NULL, NULL, NULL, NULL, NULL, NULL, NULL, NULL, NULL, NULL, NULL),
	(269, '1552846618315661328', 'iPad', NULL, NULL, NULL, NULL, NULL, NULL, NULL, NULL, NULL, NULL, NULL),
	(270, '1552846618315661328', '电子辞典', NULL, NULL, NULL, NULL, NULL, NULL, NULL, NULL, NULL, NULL, NULL),
	(271, '1552846618315661328', '电纸书', NULL, NULL, NULL, NULL, NULL, NULL, NULL, NULL, NULL, NULL, NULL),
	(272, '1552846618315661328', '点读笔', NULL, NULL, NULL, NULL, NULL, NULL, NULL, NULL, NULL, NULL, NULL),
	(273, '1552846618315661328', '点读机', NULL, NULL, NULL, NULL, NULL, NULL, NULL, NULL, NULL, NULL, NULL),
	(274, '1552846618315661328', '计算器', NULL, NULL, NULL, NULL, NULL, NULL, NULL, NULL, NULL, NULL, NULL),
	(275, '1552846618315661328', '显示器', NULL, NULL, NULL, NULL, NULL, NULL, NULL, NULL, NULL, NULL, NULL),
	(276, '1552846618315661328', '音箱', NULL, NULL, NULL, NULL, NULL, NULL, NULL, NULL, NULL, NULL, NULL),
	(277, '1552846618315661328', '有线鼠标', NULL, NULL, NULL, NULL, NULL, NULL, NULL, NULL, NULL, NULL, NULL),
	(278, '1552846618315661328', '无线鼠标', NULL, NULL, NULL, NULL, NULL, NULL, NULL, NULL, NULL, NULL, NULL),
	(279, '1552846618315661328', '路由器 ', NULL, NULL, NULL, NULL, NULL, NULL, NULL, NULL, NULL, NULL, NULL),
	(280, '1552846618315661328', '手机配件', NULL, NULL, NULL, NULL, NULL, NULL, NULL, NULL, NULL, NULL, NULL),
	(281, '1552846618315661328', '笔记本配件', NULL, NULL, NULL, NULL, NULL, NULL, NULL, NULL, NULL, NULL, NULL),
	(282, '1552846618315661328', '相机摄影器材', NULL, NULL, NULL, NULL, NULL, NULL, NULL, NULL, NULL, NULL, NULL),
	(283, '1552846618315661328', '无线上网卡', NULL, NULL, NULL, NULL, NULL, NULL, NULL, NULL, NULL, NULL, NULL),
	(284, '1552846618315661328', 'U盘', NULL, NULL, NULL, NULL, NULL, NULL, NULL, NULL, NULL, NULL, NULL),
	(285, '1552846618315661328', '移动硬盘', NULL, NULL, NULL, NULL, NULL, NULL, NULL, NULL, NULL, NULL, NULL),
	(286, '1552846618315661328', '卡片相机', NULL, NULL, NULL, NULL, NULL, NULL, NULL, NULL, NULL, NULL, NULL),
	(287, '1552846618315661328', '单反相机', NULL, NULL, NULL, NULL, NULL, NULL, NULL, NULL, NULL, NULL, NULL),
	(288, '1552846618315661328', '台式整机', NULL, NULL, NULL, NULL, NULL, NULL, NULL, NULL, NULL, NULL, NULL),
	(289, '1552846618315661328', '一体机', NULL, NULL, NULL, NULL, NULL, NULL, NULL, NULL, NULL, NULL, NULL),
	(290, '1552846618315661328', '服务器', NULL, NULL, NULL, NULL, NULL, NULL, NULL, NULL, NULL, NULL, NULL),
	(291, '1552846618315661328', '笔记本电脑', NULL, NULL, NULL, NULL, NULL, NULL, NULL, NULL, NULL, NULL, NULL),
	(292, '1552846618315661328', '打印机', NULL, NULL, NULL, NULL, NULL, NULL, NULL, NULL, NULL, NULL, NULL),
	(293, '1552846618315661328', '一体机', NULL, NULL, NULL, NULL, NULL, NULL, NULL, NULL, NULL, NULL, NULL),
	(294, '1552846618315661328', '投影机', NULL, NULL, NULL, NULL, NULL, NULL, NULL, NULL, NULL, NULL, NULL),
	(295, '1552846618315661328', '点钞机', NULL, NULL, NULL, NULL, NULL, NULL, NULL, NULL, NULL, NULL, NULL),
	(296, '1552846618315661328', '保险箱', NULL, NULL, NULL, NULL, NULL, NULL, NULL, NULL, NULL, NULL, NULL),
	(297, '1552846618315661328', '办公耗材', NULL, NULL, NULL, NULL, NULL, NULL, NULL, NULL, NULL, NULL, NULL),
	(298, '1552846618315661329', '摩托车', NULL, NULL, NULL, NULL, NULL, NULL, NULL, NULL, NULL, NULL, NULL),
	(299, '1552846618315661329', '摩托车头盔', NULL, NULL, NULL, NULL, NULL, NULL, NULL, NULL, NULL, NULL, NULL),
	(300, '1552846618315661329', 'GPS', NULL, NULL, NULL, NULL, NULL, NULL, NULL, NULL, NULL, NULL, NULL),
	(301, '1552846618315661329', 'DVD导航', NULL, NULL, NULL, NULL, NULL, NULL, NULL, NULL, NULL, NULL, NULL),
	(302, '1552846618315661329', '跟踪器', NULL, NULL, NULL, NULL, NULL, NULL, NULL, NULL, NULL, NULL, NULL),
	(303, '1552846618315661329', '高音喇叭', NULL, NULL, NULL, NULL, NULL, NULL, NULL, NULL, NULL, NULL, NULL),
	(304, '1552846618315661329', 'CD机', NULL, NULL, NULL, NULL, NULL, NULL, NULL, NULL, NULL, NULL, NULL),
	(305, '1552846618315661329', '低音炮', NULL, NULL, NULL, NULL, NULL, NULL, NULL, NULL, NULL, NULL, NULL),
	(306, '1552846618315661329', '逆变器', NULL, NULL, NULL, NULL, NULL, NULL, NULL, NULL, NULL, NULL, NULL),
	(307, '1552846618315661329', '雨刮器', NULL, NULL, NULL, NULL, NULL, NULL, NULL, NULL, NULL, NULL, NULL),
	(308, '1552846618315661329', '扶手箱', NULL, NULL, NULL, NULL, NULL, NULL, NULL, NULL, NULL, NULL, NULL),
	(309, '1552846618315661329', '隔音棉', NULL, NULL, NULL, NULL, NULL, NULL, NULL, NULL, NULL, NULL, NULL),
	(310, '1552846618315661329', '中网', NULL, NULL, NULL, NULL, NULL, NULL, NULL, NULL, NULL, NULL, NULL),
	(311, '1552846618315661329', '后视镜', NULL, NULL, NULL, NULL, NULL, NULL, NULL, NULL, NULL, NULL, NULL),
	(312, '1552846618315661329', '挡泥板', NULL, NULL, NULL, NULL, NULL, NULL, NULL, NULL, NULL, NULL, NULL),
	(313, '1552846618315661329', '车底防护', NULL, NULL, NULL, NULL, NULL, NULL, NULL, NULL, NULL, NULL, NULL),
	(314, '1552846618315661329', '车灯', NULL, NULL, NULL, NULL, NULL, NULL, NULL, NULL, NULL, NULL, NULL),
	(315, '1552846618315661329', '火花塞', NULL, NULL, NULL, NULL, NULL, NULL, NULL, NULL, NULL, NULL, NULL),
	(316, '1552846618315661329', '三滤', NULL, NULL, NULL, NULL, NULL, NULL, NULL, NULL, NULL, NULL, NULL),
	(317, '1552846618315661329', '尾翼', NULL, NULL, NULL, NULL, NULL, NULL, NULL, NULL, NULL, NULL, NULL),
	(318, '1552846618315661329', '倒车雷达 ', NULL, NULL, NULL, NULL, NULL, NULL, NULL, NULL, NULL, NULL, NULL),
	(319, '1552846618315661329', '行车记录仪', NULL, NULL, NULL, NULL, NULL, NULL, NULL, NULL, NULL, NULL, NULL),
	(320, '1552846618315661329', '胎压表', NULL, NULL, NULL, NULL, NULL, NULL, NULL, NULL, NULL, NULL, NULL),
	(321, '1552846618315661329', '儿童安全', NULL, NULL, NULL, NULL, NULL, NULL, NULL, NULL, NULL, NULL, NULL),
	(322, '1552846618315661329', '座椅', NULL, NULL, NULL, NULL, NULL, NULL, NULL, NULL, NULL, NULL, NULL),
	(323, '1552846618315661329', '摄像头', NULL, NULL, NULL, NULL, NULL, NULL, NULL, NULL, NULL, NULL, NULL),
	(324, '1552846618315661329', '防盗器', NULL, NULL, NULL, NULL, NULL, NULL, NULL, NULL, NULL, NULL, NULL),
	(325, '1552846618315661329', '冬座垫', NULL, NULL, NULL, NULL, NULL, NULL, NULL, NULL, NULL, NULL, NULL),
	(326, '1552846618315661329', '夏座垫', NULL, NULL, NULL, NULL, NULL, NULL, NULL, NULL, NULL, NULL, NULL),
	(327, '1552846618315661329', '座套', NULL, NULL, NULL, NULL, NULL, NULL, NULL, NULL, NULL, NULL, NULL),
	(328, '1552846618315661329', '脚垫', NULL, NULL, NULL, NULL, NULL, NULL, NULL, NULL, NULL, NULL, NULL),
	(329, '1552846618315661329', '后备箱垫', NULL, NULL, NULL, NULL, NULL, NULL, NULL, NULL, NULL, NULL, NULL),
	(330, '1552846618315661329', '方向盘套', NULL, NULL, NULL, NULL, NULL, NULL, NULL, NULL, NULL, NULL, NULL),
	(331, '1552846618315661329', '遮阳档', NULL, NULL, NULL, NULL, NULL, NULL, NULL, NULL, NULL, NULL, NULL),
	(332, '1552846618315661329', '抱枕', NULL, NULL, NULL, NULL, NULL, NULL, NULL, NULL, NULL, NULL, NULL),
	(333, '1552846618315661329', '车衣 ', NULL, NULL, NULL, NULL, NULL, NULL, NULL, NULL, NULL, NULL, NULL),
	(334, '1552846618315661329', '装饰贴', NULL, NULL, NULL, NULL, NULL, NULL, NULL, NULL, NULL, NULL, NULL),
	(335, '1552846618315661329', '防爆膜', NULL, NULL, NULL, NULL, NULL, NULL, NULL, NULL, NULL, NULL, NULL),
	(336, '1552846618315661329', '尾喉', NULL, NULL, NULL, NULL, NULL, NULL, NULL, NULL, NULL, NULL, NULL),
	(337, '1552846618315661329', '车牌架', NULL, NULL, NULL, NULL, NULL, NULL, NULL, NULL, NULL, NULL, NULL),
	(338, '1552846618315661329', '装饰条', NULL, NULL, NULL, NULL, NULL, NULL, NULL, NULL, NULL, NULL, NULL),
	(339, '1552846618315661329', '装饰灯', NULL, NULL, NULL, NULL, NULL, NULL, NULL, NULL, NULL, NULL, NULL),
	(340, '1552846618315661329', '车蜡', NULL, NULL, NULL, NULL, NULL, NULL, NULL, NULL, NULL, NULL, NULL),
	(341, '1552846618315661329', '车掸', NULL, NULL, NULL, NULL, NULL, NULL, NULL, NULL, NULL, NULL, NULL),
	(342, '1552846618315661329', '洗车水枪', NULL, NULL, NULL, NULL, NULL, NULL, NULL, NULL, NULL, NULL, NULL),
	(343, '1552846618315661329', '洗车机', NULL, NULL, NULL, NULL, NULL, NULL, NULL, NULL, NULL, NULL, NULL),
	(344, '1552846618315661329', '润滑油', NULL, NULL, NULL, NULL, NULL, NULL, NULL, NULL, NULL, NULL, NULL),
	(345, '1552846618315661329', '添加剂', NULL, NULL, NULL, NULL, NULL, NULL, NULL, NULL, NULL, NULL, NULL),
	(346, '1552846618315661329', '玻璃水', NULL, NULL, NULL, NULL, NULL, NULL, NULL, NULL, NULL, NULL, NULL),
	(347, '1552846618315661330', '地板', NULL, NULL, NULL, NULL, NULL, NULL, NULL, NULL, NULL, NULL, NULL),
	(348, '1552846618315661330', '瓷砖', NULL, NULL, NULL, NULL, NULL, NULL, NULL, NULL, NULL, NULL, NULL),
	(349, '1552846618315661330', '油漆', NULL, NULL, NULL, NULL, NULL, NULL, NULL, NULL, NULL, NULL, NULL),
	(350, '1552846618315661330', '木门', NULL, NULL, NULL, NULL, NULL, NULL, NULL, NULL, NULL, NULL, NULL),
	(351, '1552846618315661330', '防盗门', NULL, NULL, NULL, NULL, NULL, NULL, NULL, NULL, NULL, NULL, NULL),
	(352, '1552846618315661330', '墙纸', NULL, NULL, NULL, NULL, NULL, NULL, NULL, NULL, NULL, NULL, NULL),
	(353, '1552846618315661330', '门锁', NULL, NULL, NULL, NULL, NULL, NULL, NULL, NULL, NULL, NULL, NULL),
	(354, '1552846618315661330', '拉手', NULL, NULL, NULL, NULL, NULL, NULL, NULL, NULL, NULL, NULL, NULL),
	(355, '1552846618315661330', '晾衣架', NULL, NULL, NULL, NULL, NULL, NULL, NULL, NULL, NULL, NULL, NULL),
	(356, '1552846618315661330', '窗帘布艺', NULL, NULL, NULL, NULL, NULL, NULL, NULL, NULL, NULL, NULL, NULL),
	(357, '1552846618315661330', '户外桌', NULL, NULL, NULL, NULL, NULL, NULL, NULL, NULL, NULL, NULL, NULL),
	(358, '1552846618315661330', '户外椅', NULL, NULL, NULL, NULL, NULL, NULL, NULL, NULL, NULL, NULL, NULL),
	(359, '1552846618315661330', '地漏', NULL, NULL, NULL, NULL, NULL, NULL, NULL, NULL, NULL, NULL, NULL),
	(360, '1552846618315661330', '浴缸', NULL, NULL, NULL, NULL, NULL, NULL, NULL, NULL, NULL, NULL, NULL),
	(361, '1552846618315661330', '小便器', NULL, NULL, NULL, NULL, NULL, NULL, NULL, NULL, NULL, NULL, NULL),
	(362, '1552846618315661330', '蹲便器', NULL, NULL, NULL, NULL, NULL, NULL, NULL, NULL, NULL, NULL, NULL),
	(363, '1552846618315661330', '坐便器', NULL, NULL, NULL, NULL, NULL, NULL, NULL, NULL, NULL, NULL, NULL),
	(364, '1552846618315661330', '洗面盆', NULL, NULL, NULL, NULL, NULL, NULL, NULL, NULL, NULL, NULL, NULL),
	(365, '1552846618315661330', '净身妇洗器', NULL, NULL, NULL, NULL, NULL, NULL, NULL, NULL, NULL, NULL, NULL),
	(366, '1552846618315661330', '沙发', NULL, NULL, NULL, NULL, NULL, NULL, NULL, NULL, NULL, NULL, NULL),
	(367, '1552846618315661330', '茶几', NULL, NULL, NULL, NULL, NULL, NULL, NULL, NULL, NULL, NULL, NULL),
	(368, '1552846618315661330', '电视柜', NULL, NULL, NULL, NULL, NULL, NULL, NULL, NULL, NULL, NULL, NULL),
	(369, '1552846618315661330', '鞋柜', NULL, NULL, NULL, NULL, NULL, NULL, NULL, NULL, NULL, NULL, NULL),
	(370, '1552846618315661330', '厅柜', NULL, NULL, NULL, NULL, NULL, NULL, NULL, NULL, NULL, NULL, NULL),
	(371, '1552846618315661330', '收纳柜', NULL, NULL, NULL, NULL, NULL, NULL, NULL, NULL, NULL, NULL, NULL),
	(372, '1552846618315661330', '床', NULL, NULL, NULL, NULL, NULL, NULL, NULL, NULL, NULL, NULL, NULL),
	(373, '1552846618315661330', '床头柜', NULL, NULL, NULL, NULL, NULL, NULL, NULL, NULL, NULL, NULL, NULL),
	(374, '1552846618315661330', '梳妆抬', NULL, NULL, NULL, NULL, NULL, NULL, NULL, NULL, NULL, NULL, NULL),
	(375, '1552846618315661330', '床垫', NULL, NULL, NULL, NULL, NULL, NULL, NULL, NULL, NULL, NULL, NULL),
	(376, '1552846618315661330', '衣柜', NULL, NULL, NULL, NULL, NULL, NULL, NULL, NULL, NULL, NULL, NULL),
	(377, '1552846618315661330', '梳妆凳', NULL, NULL, NULL, NULL, NULL, NULL, NULL, NULL, NULL, NULL, NULL),
	(378, '1552846618315661330', '餐桌', NULL, NULL, NULL, NULL, NULL, NULL, NULL, NULL, NULL, NULL, NULL),
	(379, '1552846618315661330', '餐椅', NULL, NULL, NULL, NULL, NULL, NULL, NULL, NULL, NULL, NULL, NULL),
	(380, '1552846618315661330', '餐柜', NULL, NULL, NULL, NULL, NULL, NULL, NULL, NULL, NULL, NULL, NULL),
	(381, '1552846618315661330', '酒柜', NULL, NULL, NULL, NULL, NULL, NULL, NULL, NULL, NULL, NULL, NULL),
	(382, '1552846618315661330', '间厅柜', NULL, NULL, NULL, NULL, NULL, NULL, NULL, NULL, NULL, NULL, NULL),
	(383, '1552846618315661330', '书桌', NULL, NULL, NULL, NULL, NULL, NULL, NULL, NULL, NULL, NULL, NULL),
	(384, '1552846618315661330', '座椅', NULL, NULL, NULL, NULL, NULL, NULL, NULL, NULL, NULL, NULL, NULL),
	(385, '1552846618315661330', '书架 ', NULL, NULL, NULL, NULL, NULL, NULL, NULL, NULL, NULL, NULL, NULL),
	(386, '1552846618315661330', '古董架', NULL, NULL, NULL, NULL, NULL, NULL, NULL, NULL, NULL, NULL, NULL),
	(387, '1552846618315661330', '电脑桌', NULL, NULL, NULL, NULL, NULL, NULL, NULL, NULL, NULL, NULL, NULL),
	(388, '1552846618315661330', '儿童床', NULL, NULL, NULL, NULL, NULL, NULL, NULL, NULL, NULL, NULL, NULL),
	(389, '1552846618315661330', '儿童衣柜', NULL, NULL, NULL, NULL, NULL, NULL, NULL, NULL, NULL, NULL, NULL),
	(390, '1552846618315661330', '儿童桌椅', NULL, NULL, NULL, NULL, NULL, NULL, NULL, NULL, NULL, NULL, NULL),
	(391, '1552846618315661330', '儿童书柜 ', NULL, NULL, NULL, NULL, NULL, NULL, NULL, NULL, NULL, NULL, NULL),
	(392, '1552846618315661330', '办公桌', NULL, NULL, NULL, NULL, NULL, NULL, NULL, NULL, NULL, NULL, NULL),
	(393, '1552846618315661330', '办公椅', NULL, NULL, NULL, NULL, NULL, NULL, NULL, NULL, NULL, NULL, NULL),
	(394, '1552846618315661330', '职员椅', NULL, NULL, NULL, NULL, NULL, NULL, NULL, NULL, NULL, NULL, NULL),
	(395, '1552846618315661330', '吸顶灯', NULL, NULL, NULL, NULL, NULL, NULL, NULL, NULL, NULL, NULL, NULL),
	(396, '1552846618315661330', '吊灯', NULL, NULL, NULL, NULL, NULL, NULL, NULL, NULL, NULL, NULL, NULL),
	(397, '1552846618315661330', '台灯', NULL, NULL, NULL, NULL, NULL, NULL, NULL, NULL, NULL, NULL, NULL),
	(398, '1552846618315661330', '壁灯', NULL, NULL, NULL, NULL, NULL, NULL, NULL, NULL, NULL, NULL, NULL),
	(399, '1552846618315661330', '落地灯', NULL, NULL, NULL, NULL, NULL, NULL, NULL, NULL, NULL, NULL, NULL),
	(400, '1552846618315661330', '小夜灯', NULL, NULL, NULL, NULL, NULL, NULL, NULL, NULL, NULL, NULL, NULL),
	(401, '1552846618315661330', '射灯', NULL, NULL, NULL, NULL, NULL, NULL, NULL, NULL, NULL, NULL, NULL),
	(402, '1552846618315661330', 'LED灯', NULL, NULL, NULL, NULL, NULL, NULL, NULL, NULL, NULL, NULL, NULL),
	(403, '1552846618315661330', '工具箱', NULL, NULL, NULL, NULL, NULL, NULL, NULL, NULL, NULL, NULL, NULL),
	(404, '1552846618315661325', '巧克力', NULL, NULL, NULL, NULL, NULL, NULL, NULL, NULL, NULL, NULL, NULL),
	(405, '1552846618315661325', '糖果', NULL, NULL, NULL, NULL, NULL, NULL, NULL, NULL, NULL, NULL, NULL),
	(406, '1552846618315661325', '奶酪', NULL, NULL, NULL, NULL, NULL, NULL, NULL, NULL, NULL, NULL, NULL),
	(407, '1552846618315661325', '坚果炒货', NULL, NULL, NULL, NULL, NULL, NULL, NULL, NULL, NULL, NULL, NULL),
	(408, '1552846618315661325', '肉干肉松', NULL, NULL, NULL, NULL, NULL, NULL, NULL, NULL, NULL, NULL, NULL),
	(409, '1552846618315661325', '果腹密', NULL, NULL, NULL, NULL, NULL, NULL, NULL, NULL, NULL, NULL, NULL),
	(410, '1552846618315661325', '饼干糕点', NULL, NULL, NULL, NULL, NULL, NULL, NULL, NULL, NULL, NULL, NULL),
	(411, '1552846618315661325', '卤制品', NULL, NULL, NULL, NULL, NULL, NULL, NULL, NULL, NULL, NULL, NULL),
	(412, '1552846618315661325', '豆制品', NULL, NULL, NULL, NULL, NULL, NULL, NULL, NULL, NULL, NULL, NULL),
	(413, '1552846618315661325', '咖啡', NULL, NULL, NULL, NULL, NULL, NULL, NULL, NULL, NULL, NULL, NULL),
	(414, '1552846618315661325', '奶茶', NULL, NULL, NULL, NULL, NULL, NULL, NULL, NULL, NULL, NULL, NULL),
	(415, '1552846618315661325', '巧克力粉', NULL, NULL, NULL, NULL, NULL, NULL, NULL, NULL, NULL, NULL, NULL),
	(416, '1552846618315661325', '麦片', NULL, NULL, NULL, NULL, NULL, NULL, NULL, NULL, NULL, NULL, NULL),
	(417, '1552846618315661325', '芝麻糊', NULL, NULL, NULL, NULL, NULL, NULL, NULL, NULL, NULL, NULL, NULL),
	(418, '1552846618315661325', '豆粉', NULL, NULL, NULL, NULL, NULL, NULL, NULL, NULL, NULL, NULL, NULL),
	(419, '1552846618315661325', '成人奶粉', NULL, NULL, NULL, NULL, NULL, NULL, NULL, NULL, NULL, NULL, NULL),
	(420, '1552846618315661325', '蜂蜜', NULL, NULL, NULL, NULL, NULL, NULL, NULL, NULL, NULL, NULL, NULL),
	(421, '1552846618315661325', '果酱', NULL, NULL, NULL, NULL, NULL, NULL, NULL, NULL, NULL, NULL, NULL),
	(422, '1552846618315661325', '铁观音', NULL, NULL, NULL, NULL, NULL, NULL, NULL, NULL, NULL, NULL, NULL),
	(423, '1552846618315661325', '龙井', NULL, NULL, NULL, NULL, NULL, NULL, NULL, NULL, NULL, NULL, NULL),
	(424, '1552846618315661325', '乌龙茶', NULL, NULL, NULL, NULL, NULL, NULL, NULL, NULL, NULL, NULL, NULL),
	(425, '1552846618315661325', '红茶', NULL, NULL, NULL, NULL, NULL, NULL, NULL, NULL, NULL, NULL, NULL),
	(426, '1552846618315661325', '绿茶', NULL, NULL, NULL, NULL, NULL, NULL, NULL, NULL, NULL, NULL, NULL),
	(427, '1552846618315661325', '普洱茶', NULL, NULL, NULL, NULL, NULL, NULL, NULL, NULL, NULL, NULL, NULL),
	(428, '1552846618315661325', '花茶', NULL, NULL, NULL, NULL, NULL, NULL, NULL, NULL, NULL, NULL, NULL),
	(429, '1552846618315661325', '果茶', NULL, NULL, NULL, NULL, NULL, NULL, NULL, NULL, NULL, NULL, NULL),
	(430, '1552846618315661325', '方便食品    ', NULL, NULL, NULL, NULL, NULL, NULL, NULL, NULL, NULL, NULL, NULL),
	(431, '1552846618315661325', '调味品', NULL, NULL, NULL, NULL, NULL, NULL, NULL, NULL, NULL, NULL, NULL),
	(432, '1552846618315661325', '南北干货', NULL, NULL, NULL, NULL, NULL, NULL, NULL, NULL, NULL, NULL, NULL),
	(433, '1552846618315661325', '食用油', NULL, NULL, NULL, NULL, NULL, NULL, NULL, NULL, NULL, NULL, NULL),
	(434, '1552846618315661325', '米面杂粮', NULL, NULL, NULL, NULL, NULL, NULL, NULL, NULL, NULL, NULL, NULL),
	(435, '1552846618315661325', '碳酸饮料', NULL, NULL, NULL, NULL, NULL, NULL, NULL, NULL, NULL, NULL, NULL),
	(436, '1552846618315661325', '运动饮料', NULL, NULL, NULL, NULL, NULL, NULL, NULL, NULL, NULL, NULL, NULL),
	(437, '1552846618315661325', '冲饮', NULL, NULL, NULL, NULL, NULL, NULL, NULL, NULL, NULL, NULL, NULL),
	(438, '1552846618315661325', '浓缩汁', NULL, NULL, NULL, NULL, NULL, NULL, NULL, NULL, NULL, NULL, NULL),
	(439, '1552846618315661325', ' 乳品饮料', NULL, NULL, NULL, NULL, NULL, NULL, NULL, NULL, NULL, NULL, NULL),
	(440, '1552846618315661325', '葡萄酒', NULL, NULL, NULL, NULL, NULL, NULL, NULL, NULL, NULL, NULL, NULL),
	(441, '1552846618315661325', '洋酒', NULL, NULL, NULL, NULL, NULL, NULL, NULL, NULL, NULL, NULL, NULL),
	(442, '1552846618315661325', '白酒', NULL, NULL, NULL, NULL, NULL, NULL, NULL, NULL, NULL, NULL, NULL),
	(443, '1552846618315661325', '黄酒', NULL, NULL, NULL, NULL, NULL, NULL, NULL, NULL, NULL, NULL, NULL),
	(444, '1552846618315661325', '啤酒', NULL, NULL, NULL, NULL, NULL, NULL, NULL, NULL, NULL, NULL, NULL),
	(445, '1552846618315661325', '滋补酒', NULL, NULL, NULL, NULL, NULL, NULL, NULL, NULL, NULL, NULL, NULL);

-- 导出  表 sl_oms.sl_order 结构
CREATE TABLE IF NOT EXISTS `sl_order` (
  `id` bigint NOT NULL COMMENT 'id',
  `trading_order_no` bigint NOT NULL DEFAULT '0' COMMENT '交易系统订单号',
  `trading_channel` varchar(50) CHARACTER SET utf8mb4 COLLATE utf8mb4_0900_ai_ci NOT NULL DEFAULT '0' COMMENT '支付渠道【支付宝、微信、现金、免单挂账】',
  `payment_method` tinyint DEFAULT NULL COMMENT '付款方式,1.预结2到付',
  `payment_status` tinyint DEFAULT NULL COMMENT '付款状态,1.未付2已付',
  `amount` decimal(32,2) DEFAULT NULL COMMENT '金额',
  `refund` decimal(12,2) DEFAULT '0.00' COMMENT '退款金额【付款后，单位：元',
  `is_refund` varchar(32) CHARACTER SET utf8mb4 COLLATE utf8mb4_general_ci DEFAULT NULL COMMENT '是否有退款：YES，NO',
  `order_type` tinyint NOT NULL COMMENT '订单类型，1为同城订单，2为城际订单',
  `pickup_type` tinyint NOT NULL COMMENT '取件类型，1为网点自寄，2为上门取件',
  `create_time` datetime NOT NULL COMMENT '下单时间',
  `member_id` bigint DEFAULT NULL COMMENT '客户id',
  `receiver_member_id` bigint DEFAULT NULL COMMENT '收件人ID',
  `receiver_province_id` bigint DEFAULT NULL COMMENT '收件人省份id',
  `receiver_city_id` bigint DEFAULT NULL COMMENT '收件人城市id',
  `receiver_county_id` bigint NOT NULL COMMENT '收件人区县id',
  `receiver_address` varchar(255) DEFAULT NULL COMMENT '收件人详细地址',
  `receiver_address_id` bigint DEFAULT NULL COMMENT '收件人地址id',
  `receiver_name` varchar(255) DEFAULT NULL COMMENT '收件人姓名',
  `receiver_phone` varchar(255) DEFAULT NULL COMMENT '收件人电话',
  `sender_province_id` bigint DEFAULT NULL COMMENT '发件人省份id',
  `sender_city_id` bigint DEFAULT NULL COMMENT '发件人城市id',
  `sender_county_id` bigint DEFAULT NULL COMMENT '发件人区县id',
  `sender_address` varchar(255) DEFAULT NULL COMMENT '发件人详细地址',
  `sender_address_id` bigint DEFAULT NULL COMMENT '发件人地址id',
  `sender_name` varchar(255) DEFAULT NULL COMMENT '发件人姓名',
  `sender_phone` varchar(255) DEFAULT NULL COMMENT '发件人电话',
  `current_agency_id` bigint DEFAULT NULL COMMENT '订单当前所属网点',
  `estimated_arrival_time` datetime DEFAULT NULL COMMENT '预计到达时间',
  `mark` varchar(2000) DEFAULT NULL COMMENT '备注',
  `estimated_start_time` datetime DEFAULT NULL COMMENT '预计取件时间',
  `distance` double DEFAULT NULL COMMENT '距离，单位：米',
  `status` int DEFAULT NULL COMMENT '订单状态',
  `created` datetime DEFAULT NULL COMMENT '创建时间',
  `updated` datetime DEFAULT NULL COMMENT '更新时间',
  PRIMARY KEY (`id`) USING BTREE
) ENGINE=InnoDB DEFAULT CHARSET=utf8mb4 COLLATE=utf8mb4_0900_ai_ci COMMENT='订单';

-- 正在导出表  sl_oms.sl_order 的数据：~25 rows (大约)
INSERT INTO `sl_order` (`id`, `trading_order_no`, `trading_channel`, `payment_method`, `payment_status`, `amount`, `refund`, `is_refund`, `order_type`, `pickup_type`, `create_time`, `member_id`, `receiver_member_id`, `receiver_province_id`, `receiver_city_id`, `receiver_county_id`, `receiver_address`, `receiver_address_id`, `receiver_name`, `receiver_phone`, `sender_province_id`, `sender_city_id`, `sender_county_id`, `sender_address`, `sender_address_id`, `sender_name`, `sender_phone`, `current_agency_id`, `estimated_arrival_time`, `mark`, `estimated_start_time`, `distance`, `status`, `created`, `updated`) VALUES
	(1590519111759921153, 0, '0', 1, 1, 18.00, 0.00, NULL, 2, 0, '2023-02-24 09:38:01', 1551748948868157442, NULL, 420824, 420825, 421122, '金色雅园12312312大法师法师法师法法师法师法师法师法师法师', 1574327149495918594, '澜1', '18111111111', 115224, 115225, 115612, '佳苑庄园123', 1572583911567204353, '亚瑟', '18111111111', 1024985129287809409, '2023-02-24 09:38:01', NULL, '2023-02-24 10:38:00', 1817068, 0, '2023-02-24 09:38:01', '2023-02-24 09:57:54'),
	(1590586236289646594, 0, '0', 1, 1, 12.00, 0.00, NULL, 1, 0, '2023-02-24 14:04:45', 1555110960890843137, NULL, 545532, 545533, 545763, '西华大道16号', 1575682056178180097, '吴思涵', '15645237852', 545532, 545533, 545669, '光华大道一段1666号', 1575763704869625857, '邓诗涵', '15745678521', 1024771753995515873, '2023-02-24 14:04:45', NULL, '2023-02-24 15:04:00', 11265, 23000, '2023-02-24 14:04:45', '2023-02-24 14:04:45'),
	(1590586360180998146, 0, '0', 1, 1, 12.00, 0.00, NULL, 1, 0, '2023-02-24 14:05:15', 1555110960890843137, NULL, 545532, 545533, 545669, '光华大道一段1666号', 1575763704869625857, '邓诗涵', '15745678521', 545532, 545533, 545669, '光华大道一段1666号', 1575681460301799425, '李成百', '15812357412', 1024771753995515873, '2023-02-24 14:05:15', NULL, '2023-02-24 15:05:00', 1, 23000, '2023-02-24 14:05:15', '2023-02-24 14:05:15'),
	(1590587504731062273, 0, '0', 1, 1, 18.00, 0.00, NULL, 2, 0, '2023-02-24 14:09:47', 1555110960890843137, NULL, 161792, 161793, 165026, '上海迪士尼度假区', 1590587449528274946, '吕奉先', '18512345678', 545532, 545533, 545669, '光华大道一段1666号', 1575763704869625857, '邓诗涵', '15745678521', 1024771753995515873, '2023-02-24 14:09:47', NULL, '2023-02-24 15:09:00', 1990898, 23000, '2023-02-24 14:09:47', '2023-02-24 14:09:47'),
	(1593082332471590913, 0, '0', 1, 1, 18.00, 0.00, NULL, 2, 0, '2023-02-24 11:23:21', 1555460190562095106, NULL, 1, 2, 4498, '沙河', 1572121145526001665, '哈哈', '13146661606', 420824, 420825, 420827, '江干大厦', 1581898107878449154, '见', '13146661606', 1024993548853984385, '2023-02-24 11:23:21', NULL, '2023-02-24 12:23:00', 1199327, 0, '2023-02-24 11:23:21', '2023-02-24 10:26:59'),
	(1608033961382576130, 0, '0', 1, 1, 18.00, 0.00, NULL, 2, 0, '2023-02-24 17:35:47', 1553952095960002562, NULL, 115224, 115225, 115612, '佳苑庄园', 1554785415963545602, 'Lee', '17303493551', 420824, 420825, 420996, '金色雅园', 1561622245836922882, 'Leon', '17308251485', 1024993548853984385, '2023-02-24 17:35:47', NULL, '2023-02-24 18:35:00', 1814882, 23000, '2023-02-24 17:35:47', '2023-02-24 17:35:47'),
	(1608062099177144321, 1608085525948608513, 'ALI_PAY', 1, 1, 18.00, 0.00, NULL, 2, 0, '2023-02-24 19:27:35', 1554720814588694530, NULL, 420824, 420825, 421400, '东亭小区', 1575391707392188417, '武昌收件人', '17710608230', 115224, 115225, 115612, '佳苑庄园', 1560533478514434050, '詹姆斯', '17710608230', 1024985129287809409, '2023-02-24 19:27:35', NULL, '2023-02-24 20:27:00', 1815694, 23009, '2023-02-24 19:27:35', '2023-02-24 22:08:52'),
	(1608062169087803393, 0, '0', 2, 1, 345.00, 0.00, NULL, 1, 0, '2023-02-24 19:27:52', 1555111869746188289, NULL, 545532, 545533, 545669, '青羊总部基地', 1575372847481954305, '阿圈', '18500557662', 545532, 545533, 545669, '青羊工业总部基地5号楼', 1575373150142930946, '小溪', '18600914562', 1024771753995515873, '2023-02-24 19:27:52', 'fa 😉👿👿', '2023-02-24 20:27:00', 1, 23009, '2023-02-24 19:27:52', '2023-02-24 10:36:32'),
	(1608281964609601537, 0, '0', 1, 1, 13.00, 0.00, NULL, 1, 0, '2023-02-24 10:01:15', 1555460190562095106, NULL, 1, 2, 4498, '天通苑', 1572120471677509633, '难道你是', '13146661606', 1, 2, 4498, '沙河', 1572121145526001665, '哈哈', '13146661606', 1024980800111765185, '2023-02-24 10:01:15', NULL, '2023-02-24 11:01:00', 20668, 23000, '2023-02-24 10:01:15', '2023-02-24 10:01:15'),
	(1608300700967460865, 0, '0', 1, 1, 13.00, 0.00, NULL, 1, 0, '2023-02-24 11:15:43', 1554720814588694530, NULL, 115224, 115225, 115612, '星汉体育中心', 1567030783153348609, '韦德', '17710601230', 115224, 115225, 115612, '佳苑庄园', 1560533478514434050, '詹姆斯', '17710608230', 1024985129287809409, '2023-02-24 11:15:43', NULL, '2023-02-24 12:15:00', 3651, 23000, '2023-02-24 11:15:43', '2023-02-24 11:15:43'),
	(1608347869166399489, 0, '0', 1, 1, 18.00, 0.00, NULL, 2, 0, '2023-02-24 14:23:08', 1608302024318009346, NULL, 420824, 420825, 421122, '金色雅园12312312大法师法师法师法法师法师法师法师法师法师', 1574327149495918594, '澜1', '18111111111', 115224, 115225, 115612, '佳苑庄园123', 1572583911567204353, '亚瑟', '18111111111', 1024985129287809409, '2023-02-24 14:23:08', NULL, '2023-02-24 15:23:00', 1814726, 23000, '2023-02-24 14:23:08', '2023-02-24 14:23:08'),
	(1608351340045234177, 0, '0', 1, 1, 18.00, 0.00, NULL, 2, 0, '2023-02-24 14:36:56', 1551748948868157442, NULL, 420824, 420825, 421122, '金色雅园12312312大法师法师法师法法师法师法师法师法师法师', 1574327149495918594, '澜1', '18111111111', 115224, 115225, 115612, '佳苑庄园123', 1572583911567204353, '亚瑟', '18111111111', 1024985129287809409, '2023-02-24 14:36:56', NULL, '2023-02-24 15:36:00', 1814726, 23000, '2023-02-24 14:36:56', '2023-02-24 14:36:56'),
	(1608355443331399681, 0, '0', 1, 1, 18.00, 0.00, NULL, 2, 0, '2023-02-24 14:53:14', 1553952095960002562, NULL, 115224, 115225, 115612, '佳苑庄园', 1554785415963545602, 'Lee', '17303493551', 420824, 420825, 420996, '金色雅园', 1561622245836922882, 'Leon', '17308251485', 1024993548853984385, '2023-02-24 14:53:14', NULL, '2023-02-24 15:53:00', 1814882, 23000, '2023-02-24 14:53:14', '2023-02-24 14:53:14'),
	(1608390641246896129, 0, '0', 1, 1, 18.00, 0.00, NULL, 2, 0, '2023-02-24 17:13:06', 1551748948868157442, NULL, 420824, 420825, 421122, '金色雅园12312312大法师法师法师法法师法师法师法师法师法师', 1574327149495918594, '澜1', '18111111111', 115224, 115225, 115612, '佳苑庄园123', 1572583911567204353, '亚瑟', '18111111111', 1024985129287809409, '2023-02-24 17:13:06', NULL, '2023-02-24 18:13:00', 1814726, 23000, '2023-02-24 17:13:06', '2023-02-24 17:13:06'),
	(1610176498857508866, 0, '0', 1, 1, 18.00, 0.00, NULL, 2, 0, '2023-02-24 15:29:28', 1551748948868157442, NULL, 420824, 420825, 421122, '金色雅园12312312大法师法师法师法法师法师法师法师法师法师', 1574327149495918594, '澜1', '18111111111', 115224, 115225, 115612, '佳苑庄园123', 1572583911567204353, '亚瑟', '18111111111', 1024985129287809409, '2023-02-24 15:29:28', NULL, '2023-02-24 16:29:00', 1814726, 23000, '2023-02-24 15:29:28', '2023-02-24 15:29:28'),
	(1610183933894688770, 0, '0', 1, 1, 18.00, 0.00, NULL, 2, 0, '2023-02-24 15:59:00', 1551748948868157442, NULL, 420824, 420825, 421122, '金色雅园12312312大法师法师法师法法师法师法师法师法师法师', 1574327149495918594, '澜1', '18111111111', 115224, 115225, 115612, '佳苑庄园123', 1572583911567204353, '亚瑟', '18111111111', 1024985129287809409, '2023-02-24 15:59:00', NULL, '2023-02-24 16:58:00', 1814726, 23000, '2023-02-24 15:59:00', '2023-02-24 15:59:00'),
	(1610202311891976193, 0, '0', 1, 1, 18.00, 0.00, NULL, 2, 0, '2023-02-24 17:12:02', 1551748948868157442, NULL, 420824, 420825, 421122, '金色雅园12312312大法师法师法师法法师法师法师法师法师法师', 1574327149495918594, '澜1', '18111111111', 115224, 115225, 115612, '佳苑庄园123', 1572583911567204353, '亚瑟', '18111111111', 1024985129287809409, '2023-02-24 17:12:02', NULL, '2023-02-24 18:12:00', 1814726, 23000, '2023-02-24 17:12:02', '2023-02-24 17:12:02'),
	(1610981971772932097, 0, '0', 1, 1, 18.00, 0.00, NULL, 2, 0, '2023-02-24 20:50:07', 1556965394532995074, NULL, 420824, 420825, 421400, '楚天传媒大厦三层302', 1610981854947852290, '王同学', '13587654321', 115224, 115225, 115612, '城建北尚社区19号楼', 1610981586436898818, '张同学', '13512345678', 1024985129287809409, '2023-02-24 20:50:07', NULL, '2023-02-24 21:50:00', 1807111, 23000, '2023-02-24 20:50:07', '2023-02-24 20:50:07'),
	(1610982089213444097, 0, '0', 1, 1, 18.00, 0.00, NULL, 2, 0, '2023-02-24 20:50:35', 1556965394532995074, NULL, 420824, 420825, 421400, '楚天传媒大厦三层302', 1610981854947852290, '王同学', '13587654321', 115224, 115225, 115612, '城建北尚社区19号楼', 1610981586436898818, '张同学', '13512345678', 1024985129287809409, '2023-02-24 20:50:35', NULL, '2023-02-24 21:50:00', 1807111, 23000, '2023-02-24 20:50:35', '2023-02-24 20:50:35'),
	(1612340188700950530, 0, '0', 1, 1, 18.00, 0.00, NULL, 2, 0, '2023-02-24 14:47:11', 1556965394532995074, NULL, 420824, 420825, 421400, '楚天传媒大厦三层302', 1610981854947852290, '王同学', '13587654321', 115224, 115225, 115612, '城建北尚社区19号楼', 1610981586436898818, '张同学', '13512345678', 1024985129287809409, '2023-02-24 14:47:11', NULL, '2023-02-24 15:47:00', 1807111, 23009, '2023-02-24 14:47:11', '2023-02-24 15:22:32'),
	(1612340278668771330, 0, '0', 1, 1, 18.00, 0.00, NULL, 2, 0, '2023-02-24 14:47:33', 1556965394532995074, NULL, 420824, 420825, 421400, '楚天传媒大厦三层302', 1610981854947852290, '王同学', '13587654321', 115224, 115225, 115612, '城建北尚社区19号楼', 1610981586436898818, '张同学', '13512345678', 1024985129287809409, '2023-02-24 14:47:33', NULL, '2023-02-24 15:47:00', 1807111, 23010, '2023-02-24 14:47:33', '2023-02-24 15:22:54'),
	(1612340365805436929, 0, '0', 1, 1, 18.00, 0.00, NULL, 2, 0, '2023-02-24 14:47:54', 1556965394532995074, NULL, 420824, 420825, 421400, '楚天传媒大厦三层302', 1610981854947852290, '王同学', '13587654321', 115224, 115225, 115612, '城建北尚社区19号楼', 1610981586436898818, '张同学', '13512345678', 1024985129287809409, '2023-02-24 14:47:54', NULL, '2023-02-24 15:47:00', 1807111, 23009, '2023-02-24 14:47:54', '2023-02-24 15:22:40'),
	(1612340433413423105, 0, '0', 1, 1, 18.00, 0.00, NULL, 2, 0, '2023-02-24 14:48:10', 1556965394532995074, NULL, 420824, 420825, 421400, '楚天传媒大厦三层302', 1610981854947852290, '王同学', '13587654321', 115224, 115225, 115612, '城建北尚社区19号楼', 1610981586436898818, '张同学', '13512345678', 1024985129287809409, '2023-02-24 14:48:10', NULL, '2023-02-24 15:48:00', 1807111, 23008, '2023-02-24 14:48:10', '2023-02-24 14:48:22'),
	(1612349583371485186, 0, '0', 1, 1, 18.00, 0.00, NULL, 2, 0, '2023-02-24 15:24:31', 1556965394532995074, NULL, 420824, 420825, 421400, '楚天传媒大厦三层302', 1610981854947852290, '王同学', '13587654321', 115224, 115225, 115612, '城建北尚社区19号楼', 1610981586436898818, '张同学', '13512345678', 1024985129287809409, '2023-02-24 15:24:31', NULL, '2023-02-24 16:24:00', 1807111, 23000, '2023-02-24 15:24:31', '2023-02-24 15:24:31'),
	(1612349659061895169, 0, '0', 1, 1, 18.00, 0.00, NULL, 2, 0, '2023-02-24 15:24:49', 1556965394532995074, NULL, 420824, 420825, 421400, '楚天传媒大厦三层302', 1610981854947852290, '王同学', '13587654321', 115224, 115225, 115612, '城建北尚社区19号楼', 1610981586436898818, '张同学', '13512345678', 1024985129287809409, '2023-02-24 15:24:49', NULL, '2023-02-24 16:24:00', 1807111, 23000, '2023-02-24 15:24:49', '2023-02-24 15:24:49');

-- 导出  表 sl_oms.sl_order_cargo 结构
CREATE TABLE IF NOT EXISTS `sl_order_cargo` (
  `id` bigint NOT NULL COMMENT 'id',
  `order_id` bigint NOT NULL COMMENT '订单id',
  `tran_order_id` bigint DEFAULT NULL COMMENT '运单id',
  `goods_type_id` varchar(20) NOT NULL COMMENT '货物类型id',
  `name` varchar(255) DEFAULT NULL COMMENT '货物名称',
  `unit` varchar(255) DEFAULT NULL COMMENT '货物单位',
  `cargo_value` decimal(32,2) DEFAULT NULL COMMENT '货品货值',
  `cargo_barcode` varchar(255) DEFAULT NULL COMMENT '货品条码',
  `quantity` int DEFAULT NULL COMMENT '货品数量',
  `volume` decimal(32,4) DEFAULT NULL COMMENT '货品体积',
  `weight` decimal(32,2) DEFAULT NULL COMMENT '货品重量',
  `remark` text COMMENT '货品备注',
  `total_volume` decimal(32,4) DEFAULT NULL COMMENT '货品总体积',
  `total_weight` decimal(32,2) DEFAULT NULL COMMENT '货品总重量',
  `created` datetime DEFAULT NULL COMMENT '创建时间',
  `updated` datetime DEFAULT NULL COMMENT '更新时间',
  PRIMARY KEY (`id`) USING BTREE,
  KEY `order_id` (`order_id`) USING BTREE,
  KEY `created` (`created`) USING BTREE
) ENGINE=InnoDB DEFAULT CHARSET=utf8mb4 COLLATE=utf8mb4_0900_ai_ci COMMENT='货品总重量 ';

-- 正在导出表  sl_oms.sl_order_cargo 的数据：~24 rows (大约)
INSERT INTO `sl_order_cargo` (`id`, `order_id`, `tran_order_id`, `goods_type_id`, `name`, `unit`, `cargo_value`, `cargo_barcode`, `quantity`, `volume`, `weight`, `remark`, `total_volume`, `total_weight`, `created`, `updated`) VALUES
	(1590519111772504065, 1590519111759921153, NULL, '1552846618315661320', '单肩包', NULL, NULL, NULL, 1, 1.0000, 1.00, NULL, 1.0000, 1.00, '2023-02-24 09:38:01', '2023-02-24 09:38:01'),
	(1590586236767797249, 1590586236289646594, NULL, '1552846618315661320', '单肩包', NULL, NULL, NULL, 1, 1.0000, 1.00, NULL, 1.0000, 1.00, '2023-02-24 14:04:45', '2023-02-24 14:04:45'),
	(1590586360294244354, 1590586360180998146, NULL, '1552846618315661321', '项链', NULL, NULL, NULL, 1, 1.0000, 1.00, NULL, 1.0000, 1.00, '2023-02-24 14:05:15', '2023-02-24 14:05:15'),
	(1590587504747839490, 1590587504731062273, NULL, '1552846618315661325', '不同', NULL, 0.00, NULL, 1, 0.0000, 0.00, NULL, 1.0000, 12.00, '2023-02-24 14:09:47', '2023-02-24 09:56:44'),
	(1608033962024304642, 1608033961382576130, NULL, '1552846618315661316', '连衣裙', NULL, NULL, NULL, 1, 0.0001, 1.00, NULL, 0.0001, 1.00, '2023-02-24 17:35:47', '2023-02-24 17:35:47'),
	(1608062099193921538, 1608062099177144321, NULL, '1552846618315661323', '篮球鞋', NULL, NULL, NULL, 1, 0.0001, 1.00, NULL, 0.0001, 1.00, '2023-02-24 19:27:35', '2023-02-24 20:30:10'),
	(1608062169108774913, 1608062169087803393, NULL, '1552846618315661320', '单肩包', NULL, NULL, NULL, 1, 2.0000, 1.00, NULL, 2.0000, 1.00, '2023-02-24 19:27:52', '2023-02-24 10:23:02'),
	(1608281964626378754, 1608281964609601537, NULL, '', '就', NULL, NULL, NULL, 1, 0.0001, 1.00, NULL, 0.0001, 1.00, '2023-02-24 10:01:15', '2023-02-24 10:01:15'),
	(1608300701156204546, 1608300700967460865, NULL, '1552846618315661323', '篮球鞋', NULL, NULL, NULL, 1, 0.0001, 1.00, NULL, 0.0001, 1.00, '2023-02-24 11:15:43', '2023-02-24 11:15:43'),
	(1608347869233508354, 1608347869166399489, NULL, '1552846618315661320', '单肩包', NULL, NULL, NULL, 1, 0.0001, 1.00, NULL, 0.0001, 1.00, '2023-02-24 14:23:08', '2023-02-24 14:23:08'),
	(1608351340095565825, 1608351340045234177, NULL, '1552846618315661320', '单肩包', NULL, NULL, NULL, 1, 0.0001, 1.00, NULL, 0.0001, 1.00, '2023-02-24 14:36:56', '2023-02-24 14:36:56'),
	(1608355443385925634, 1608355443331399681, NULL, '1552846618315661316', '连衣裙', NULL, NULL, NULL, 1, 0.0001, 1.00, NULL, 0.0001, 1.00, '2023-02-24 14:53:14', '2023-02-24 14:53:14'),
	(1608390641272061953, 1608390641246896129, NULL, '1552846618315661321', '项链', NULL, NULL, NULL, 1, 0.0001, 1.00, NULL, 0.0001, 1.00, '2023-02-24 17:13:06', '2023-02-24 17:13:06'),
	(1610176498987532289, 1610176498857508866, NULL, '1552846618315661321', '项链', NULL, NULL, NULL, 1, 0.0001, 1.00, NULL, 0.0001, 1.00, '2023-02-24 15:29:28', '2023-02-24 15:29:28'),
	(1610183934486085633, 1610183933894688770, NULL, '1552846618315661321', '项链', NULL, NULL, NULL, 1, 0.0001, 1.00, NULL, 0.0001, 1.00, '2023-02-24 15:59:00', '2023-02-24 15:59:00'),
	(1610202311908753410, 1610202311891976193, NULL, '1552846618315661321', '项链', NULL, NULL, NULL, 1, 0.0001, 1.00, NULL, 0.0001, 1.00, '2023-02-24 17:12:02', '2023-02-24 17:12:02'),
	(1610981971806486530, 1610981971772932097, NULL, '1552846618315661316', '风衣', NULL, NULL, NULL, 1, 0.0001, 1.00, NULL, 0.0001, 1.00, '2023-02-24 20:50:07', '2023-02-24 20:50:07'),
	(1610982089251192834, 1610982089213444097, NULL, '1552846618315661323', '跑步鞋', NULL, NULL, NULL, 1, 0.0001, 1.00, NULL, 0.0001, 1.00, '2023-02-24 20:50:35', '2023-02-24 20:50:35'),
	(1612340188759670785, 1612340188700950530, NULL, '1552846618315661320', '电脑包', NULL, NULL, NULL, 1, 0.0001, 1.00, NULL, 0.0001, 1.00, '2023-02-24 14:47:11', '2023-02-24 14:49:54'),
	(1612340278685548546, 1612340278668771330, NULL, '1552846618315661320', '单肩包', NULL, NULL, NULL, 1, 0.0001, 1.00, NULL, 0.0001, 1.00, '2023-02-24 14:47:33', '2023-02-24 14:49:23'),
	(1612340365956431874, 1612340365805436929, NULL, '1552846618315661316', '风衣', NULL, NULL, NULL, 1, 0.0001, 1.00, NULL, 0.0001, 1.00, '2023-02-24 14:47:54', '2023-02-24 14:49:46'),
	(1612340433442783233, 1612340433413423105, NULL, '1552846618315661323', '跑步鞋', NULL, NULL, NULL, 1, 0.0001, 1.00, NULL, 0.0001, 1.00, '2023-02-24 14:48:10', '2023-02-24 14:48:22'),
	(1612349583384068097, 1612349583371485186, NULL, '1552846618315661320', '单肩包', NULL, NULL, NULL, 1, 0.0001, 1.00, NULL, 0.0001, 1.00, '2023-02-24 15:24:31', '2023-02-24 15:24:31'),
	(1612349659074478082, 1612349659061895169, NULL, '1552846618315661320', '电脑包', NULL, NULL, NULL, 1, 0.0001, 1.00, NULL, 0.0001, 1.00, '2023-02-24 15:24:49', '2023-02-24 15:24:49');

-- 导出  表 sl_oms.sl_order_location 结构
CREATE TABLE IF NOT EXISTS `sl_order_location` (
  `id` bigint NOT NULL COMMENT 'id',
  `order_id` bigint NOT NULL COMMENT '订单id',
  `send_location` varchar(200) DEFAULT NULL COMMENT '发货地址坐标',
  `receive_location` varchar(200) DEFAULT NULL COMMENT '收货地址坐标',
  `send_agent_id` varchar(20) DEFAULT NULL COMMENT '发货起始网点计算结果',
  `receive_agent_id` varchar(20) DEFAULT NULL COMMENT '接受终止网点计算结果',
  `status` varchar(2) DEFAULT '1' COMMENT '记录状态 0：无效，1有效',
  `created` datetime DEFAULT NULL COMMENT '创建时间',
  `updated` datetime DEFAULT NULL COMMENT '更新时间',
  PRIMARY KEY (`id`) USING BTREE
) ENGINE=InnoDB DEFAULT CHARSET=utf8mb4 COLLATE=utf8mb4_0900_ai_ci COMMENT='订单位置信息 ';

-- 正在导出表  sl_oms.sl_order_location 的数据：~25 rows (大约)
INSERT INTO `sl_order_location` (`id`, `order_id`, `send_location`, `receive_location`, `send_agent_id`, `receive_agent_id`, `status`, `created`, `updated`) VALUES
	(1590519111810252802, 1590519111759921153, '123.447314,41.864045', '114.245667,30.623292', '1024985129287809409', '1024993548853984385', '1', '2023-02-24 09:38:01', '2023-02-24 09:38:01'),
	(1590586238537793537, 1590586236289646594, '103.960686,30.671626', '104.034504,30.721027', '1024771753995515873', '1024771466287232801', '1', '2023-02-24 14:04:46', '2023-02-24 14:04:46'),
	(1590586360315215874, 1590586360180998146, '103.960686,30.671626', '103.960686,30.671626', '1024771753995515873', '1024771753995515873', '1', '2023-02-24 14:05:15', '2023-02-24 14:05:15'),
	(1590587504756228097, 1590587504731062273, '103.960686,30.671626', '121.661735,31.141333', '1024771753995515873', '1024981295454874273', '1', '2023-02-24 14:09:47', '2023-02-24 14:09:47'),
	(1593082333314646018, 1593082332471590913, '114.27876,30.592688', '116.270449,40.141587', '1024993548853984385', '1024980800111765185', '1', '2023-02-24 11:23:21', '2023-02-24 11:23:21'),
	(1608033963005771777, 1608033961382576130, '114.245667,30.623292', '123.447314,41.864045', '1024993548853984385', '1024985129287809409', '1', '2023-02-24 17:35:47', '2023-02-24 17:35:47'),
	(1608062099206504449, 1608062099177144321, '123.447314,41.864045', '114.358511,30.566603', '1024985129287809409', '1024993422324415489', '1', '2023-02-24 19:27:35', '2023-02-24 19:27:35'),
	(1608062169121357825, 1608062169087803393, '103.959505,30.679702', '103.959505,30.679702', '1024771753995515873', '1024771753995515873', '1', '2023-02-24 19:27:52', '2023-02-24 19:27:52'),
	(1608281964643155969, 1608281964609601537, '116.270449,40.141587', '116.408851,40.076909', '1024980800111765185', '1024980800111765185', '1', '2023-02-24 10:01:15', '2023-02-24 10:01:15'),
	(1608300701353336833, 1608300700967460865, '123.447314,41.864045', '123.446028,41.847515', '1024985129287809409', '1024985129287809409', '1', '2023-02-24 11:15:43', '2023-02-24 11:15:43'),
	(1608347869296422914, 1608347869166399489, '123.447314,41.864045', '114.245667,30.623292', '1024985129287809409', '1024993548853984385', '1', '2023-02-24 14:23:08', '2023-02-24 14:23:08'),
	(1608351340179451905, 1608351340045234177, '123.447314,41.864045', '114.245667,30.623292', '1024985129287809409', '1024993548853984385', '1', '2023-02-24 14:36:56', '2023-02-24 14:36:56'),
	(1608355443465617409, 1608355443331399681, '114.245667,30.623292', '123.447314,41.864045', '1024993548853984385', '1024985129287809409', '1', '2023-02-24 14:53:14', '2023-02-24 14:53:14'),
	(1608390641284644865, 1608390641246896129, '123.447314,41.864045', '114.245667,30.623292', '1024985129287809409', '1024993548853984385', '1', '2023-02-24 17:13:06', '2023-02-24 17:13:06'),
	(1610176499016892417, 1610176498857508866, '123.447314,41.864045', '114.245667,30.623292', '1024985129287809409', '1024993548853984385', '1', '2023-02-24 15:29:28', '2023-02-24 15:29:28'),
	(1610183935190728705, 1610183933894688770, '123.447314,41.864045', '114.245667,30.623292', '1024985129287809409', '1024993548853984385', '1', '2023-02-24 15:59:01', '2023-02-24 15:59:01'),
	(1610202311917142018, 1610202311891976193, '123.447314,41.864045', '114.245667,30.623292', '1024985129287809409', '1024993548853984385', '1', '2023-02-24 17:12:02', '2023-02-24 17:12:02'),
	(1610981971827458049, 1610981971772932097, '123.461783,41.855009', '114.366332,30.567225', '1024985129287809409', '1024993422324415489', '1', '2023-02-24 20:50:07', '2023-02-24 20:50:07'),
	(1610982089297330177, 1610982089213444097, '123.461783,41.855009', '114.366332,30.567225', '1024985129287809409', '1024993422324415489', '1', '2023-02-24 20:50:35', '2023-02-24 20:50:35'),
	(1612340188864528386, 1612340188700950530, '123.461783,41.855009', '114.366332,30.567225', '1024985129287809409', '1024993422324415489', '1', '2023-02-24 14:47:12', '2023-02-24 14:47:12'),
	(1612340278702325762, 1612340278668771330, '123.461783,41.855009', '114.366332,30.567225', '1024985129287809409', '1024993422324415489', '1', '2023-02-24 14:47:33', '2023-02-24 14:47:33'),
	(1612340366497497089, 1612340365805436929, '123.461783,41.855009', '114.366332,30.567225', '1024985129287809409', '1024993422324415489', '1', '2023-02-24 14:47:54', '2023-02-24 14:47:54'),
	(1612340433539252225, 1612340433413423105, '123.461783,41.855009', '114.366332,30.567225', '1024985129287809409', '1024993422324415489', '1', '2023-02-24 14:48:10', '2023-02-24 14:48:10'),
	(1612349583392456706, 1612349583371485186, '123.461783,41.855009', '114.366332,30.567225', '1024985129287809409', '1024993422324415489', '1', '2023-02-24 15:24:31', '2023-02-24 15:24:31'),
	(1612349661385539585, 1612349659061895169, '123.461783,41.855009', '114.366332,30.567225', '1024985129287809409', '1024993422324415489', '1', '2023-02-24 15:24:50', '2023-02-24 15:24:50');

-- 导出  表 sl_oms.undo_log 结构
CREATE TABLE IF NOT EXISTS `undo_log` (
  `id` bigint NOT NULL AUTO_INCREMENT,
  `branch_id` bigint NOT NULL,
  `xid` varchar(100) NOT NULL,
  `context` varchar(128) NOT NULL,
  `rollback_info` longblob NOT NULL,
  `log_status` int NOT NULL,
  `log_created` datetime NOT NULL,
  `log_modified` datetime NOT NULL,
  `ext` varchar(100) DEFAULT NULL,
  PRIMARY KEY (`id`) USING BTREE,
  UNIQUE KEY `ux_undo_log` (`xid`,`branch_id`) USING BTREE
) ENGINE=InnoDB AUTO_INCREMENT=65 DEFAULT CHARSET=utf8mb3;

-- 正在导出表  sl_oms.undo_log 的数据：~0 rows (大约)


-- 导出 sl_trade 的数据库结构
CREATE DATABASE IF NOT EXISTS `sl_trade` /*!40100 DEFAULT CHARACTER SET utf8 */ /*!80016 DEFAULT ENCRYPTION='N' */;
USE `sl_trade`;

-- 导出  表 sl_trade.sl_pay_channel 结构
CREATE TABLE IF NOT EXISTS `sl_pay_channel` (
  `id` bigint NOT NULL COMMENT '主键',
  `channel_name` varchar(32) CHARACTER SET utf8mb4 COLLATE utf8mb4_unicode_ci DEFAULT NULL COMMENT '通道名称',
  `channel_label` varchar(32) CHARACTER SET utf8mb4 COLLATE utf8mb4_unicode_ci DEFAULT NULL COMMENT '通道唯一标记',
  `domain` varchar(255) CHARACTER SET utf8mb4 COLLATE utf8mb4_unicode_ci DEFAULT NULL COMMENT '域名',
  `app_id` varchar(32) CHARACTER SET utf8 COLLATE utf8_bin NOT NULL COMMENT '商户appid',
  `public_key` varchar(2000) CHARACTER SET utf8 COLLATE utf8_bin NOT NULL COMMENT '支付公钥',
  `merchant_private_key` varchar(2000) CHARACTER SET utf8 COLLATE utf8_bin NOT NULL COMMENT '商户私钥',
  `other_config` varchar(1000) CHARACTER SET utf8mb4 COLLATE utf8mb4_unicode_ci DEFAULT NULL COMMENT '其他配置',
  `encrypt_key` varchar(255) CHARACTER SET utf8mb4 COLLATE utf8mb4_0900_ai_ci DEFAULT NULL COMMENT 'AES混淆密钥',
  `remark` varchar(400) CHARACTER SET utf8mb4 COLLATE utf8mb4_unicode_ci DEFAULT NULL COMMENT '说明',
  `notify_url` varchar(255) CHARACTER SET utf8mb4 COLLATE utf8mb4_unicode_ci DEFAULT NULL COMMENT '回调地址',
  `enable_flag` varchar(10) CHARACTER SET utf8mb4 COLLATE utf8mb4_unicode_ci DEFAULT NULL COMMENT '是否有效',
  `enterprise_id` bigint DEFAULT NULL COMMENT '商户ID【系统内部识别使用】',
  `created` datetime DEFAULT NULL COMMENT '创建时间',
  `updated` datetime DEFAULT NULL COMMENT '创建时间',
  PRIMARY KEY (`id`) USING BTREE
) ENGINE=InnoDB DEFAULT CHARSET=utf8mb4 COLLATE=utf8mb4_unicode_ci ROW_FORMAT=DYNAMIC COMMENT='交易渠道表';

-- 正在导出表  sl_trade.sl_pay_channel 的数据：~2 rows (大约)
INSERT INTO `sl_pay_channel` (`id`, `channel_name`, `channel_label`, `domain`, `app_id`, `public_key`, `merchant_private_key`, `other_config`, `encrypt_key`, `remark`, `notify_url`, `enable_flag`, `enterprise_id`, `created`, `updated`) VALUES
	(1456996281682616322, '支付宝支付', 'ALI_PAY', 'openapi.alipay.com', '2021003141676135', 'MIIBIjANBgkqhkiG9w0BAQEFAAOCAQ8AMIIBCgKCAQEAhUnjdAKwZApwZEcfq+5L0pa77Vg3mqcoXv+th8RR0SYotkPsH1f2JkbS48ySaSCM6YNWSMNfqp5qdOla2zUJOBnJ/yaBg7s7fVD6V3M2mEog8kCDYGKt/3P4VII3xYl8lFYMQ3IcFRELkxCBBCA8JDKmf5z2R4F/Z/jFFEuOwxaJvp+7Ke9OzZHYdWGNnU6QP8YYLYUeX7VNZLHEuly34ExAw6A+yJkNDsYEho2Lu31QjT2pLh9g+88MlRfiI92iN25O9NVdeM4f5RcpvBPrBQZQs9tlFmALYSFS3prIf3FAobWM+W7iwxT6J25nFIhst1DdJQfIBpaeRUJVTkn99QIDAQAB', 'MIIEuwIBADANBgkqhkiG9w0BAQEFAASCBKUwggShAgEAAoIBAQC12YM9mR+HFQYTx/fHKHZbgszVtDHDB0B/ysWl3MbcPpGtjcZlDr5aynRMRLaoduRHT++A98IaNVIVGj9RHdXrX2j9I/Uz6fYDH63cdu6FZ6Pk82yPwNZW7pebprbVHInR/7gzsKQWSWEST70BgjCRqlbfAE6xzUZFTeYxciCjptm0rUQ2MC24xRdkvZByIDIYFnQ/AdmSFqNtKDR2WpEV/M8aBjyuPPomRJZ1X8oudWuJIU4ySdas04fCbDxD10TY/wyQcDHXuG1IrQpXme4DOGQeJZ0/aOFphBkDFUyPGfYMmLshOPNdBKi2IqWHPPs4XsV4Rv6+tvTSnMF2uGqHAgMBAAECggEAPa1sifPpcZN74DGupGng2uDeQI1BY3iOM8m+h6b9+61tE4RGifgaMAkCsOuNWE4a1uURwphFyUXUdTvVxdlsuMw/e7w6akUsH5sbCO99rtmcCQdXBtrM1+dMnIpK8LUhOYyWGVIMFVMGDYPmAyD5AC7aEAC2sC+DafYl4RdoYpidq1YxeE7DVw1aQHCI2mKhYjZG+3RDDGDfNFvdyH61MgdYjoGkeXNvARzEXgfWvfiTrHZ3H1SYgvOEHofzKDTrWsQL2dvaEsc55Jiw0AgNUVcgby7al8PUekTJoK3ZvrE3pSWaUirBcqsqWISHjeR7Xx501CHIha8EnZwlnDoM4QKBgQDtnYzwQ5mHg7cRHD8Z6QdTpvBvYSEPesiUT/HeI+AKQKDCVJxKiLvJagc6zZkOzV9bZDS/WLgzXWMyxUb+OTjht0jLWAMcf7NfFp3tPKq9wkmQQ/vQSBQ1lFmO6A4Zq1eoGKeUCB4pKBG6cSM+t8+ruhm7s1ZUt+6EBwCVN/izrQKBgQDD62jIm+6NFErdidUaIrGiFUrzqdR13w6JOexfk+O6Aau3wRqsr7Wz4nqQvVVxGMRpXbOH06zpeiS+vMmjwgO973VoLAmH+hJ0GZz8qj3zA2GEOFWjD2V7tqeRvGkQvz0v46pl+8sBJkrRHLN7DWNYY5NDI+b7exwqcTc/LL19gwJ/a6r4MeZvqvgD+7zQ2uy8ZSs/xzg7wsfgG1QeRIn8+qhOL8AnEZ7jeGCS5hJDSHHGw6KkRA/vZ1bpnBfIE2naXGywj3NR9Zfnry6QYO8cbt+adcRYVghTH/QYoKiFuxvonEKPrIQBJqUBY3ngforLjwTEpEie1cSCT1Dc8sBp8QKBgQCaz8fqzRyBKknGKQXVMxj+JKknRUl3IpzP3o9jLu9BqdRQzSwQzH9d91Y2TQXY6mM5hys35xG5JCUo+vCyj7p5OWCiwjl90yMFzr93/+YXwtIpsoIo6R+d1EUxKZoz+4mT7+hT0dUlwWZZOr6wO3IHBBf3c8UvbqZg+zlWmDnblQKBgEs6jwMkb5zaG2fyBJ7PJUN/8nIz8V+X0SxQfcEqIX0J+EC+7MAgFjcdZFp+lca3Vd9z+8Ksd4rMzMa5y856ositL2NZ+K0fs8i8EBaQPny61OgCFUuXEuv5keB2YuGMSns5FYRWuByrtDXl4PxzKXvq05iKWLKCaCq9v4momvKZ', '111', 'VCS4bdmoAgXRaOq/TQ4MwA==', '支付宝支付', 'https://www.itcast.cn/', 'YES', 2088241317544335, '2023-02-24 14:45:58', '2023-02-24 02:31:24'),
	(1458124390586757121, '微信支付', 'WECHAT_PAY', 'api.mch.weixin.qq.com', 'wx6592a2db3f85ed25', '内部封装', '-----BEGIN PRIVATE KEY-----\nMIIEvQIBADANBgkqhkiG9w0BAQEFAASCBKcwggSjAgEAAoIBAQDBHGgIh80193Gh\ndpD1LtMZfTRpcWI0fImyuBCyrd3gYb3rrsARebGcHdJsQA3mVjVqVp5ybhEZDPa4\necoK4Ye1hTppNpI/lmLt4/uUV/zhF5ahli7hi+116Ty6svHSbuMQBuUZeTFOwGrx\njvofU/4pGIwh8ZvkcSnyOp9uX2177UVxDBkhgbZbJp9XF2b83vUa5eHo93CziPzn\n3hFdAlBCdTXB7DH+m0nN3Jou0szGukvq7cIgGpHku4ycKSTkIhhl9WRhN6OoSEJx\nq88MXzjkzTruc85PHN52aUTUifwg3T8Y4XqFQ61dTnEmgxeD2O6/pLdB9gLsp6yC\nGqN5Lqk7AgMBAAECggEBAL4X+WzUSbSjFS9NKNrCMjm4H1zgqTxjj6TnPkC1mGEl\ntjAHwLgzJBw62wWGdGhWWpSIGccpBBm1wjTMZpAZfF66fEpP1t1Ta6UjtGZNyvfF\nIZmE3jdWZ/WXGBnsxtFQKKKBNwrBW0Fbdqq9BQjLxLitmlxbmwrgPttcy855j6vZ\nqq4MBT1v8CtUT/gz4UWW2xWovVnmWOrRSScv7Nh0pMbRpPLkNHXrBwSSNz/keORz\nXB9JSm85wlkafa7n5/IJbdTml3A/uAgW3q3JZZQotHxQsYvD4Zb5Cnc9CPAXE5L2\nYk877kVXZMGt5QPIVcPMj/72AMtaJT67Y0fN0RYHEGkCgYEA38BIGDY6pePgPbxB\n7N/l6Df0/OKPP0u8mqR4Q0aQD3VxeGiZUN1uWXEFKsKwlOxLfIFIFk1/6zQeC0xe\ntNTKk0gTL8hpMUTNkE7vI9gFWws2LY6DE86Lm0bdFEIwh6d7Fr7zZtyQKPzMsesC\n3XV9sdSUExEi5o/VwAyf+xZlOXcCgYEA3PGZYlILjg3esPNkhDz2wxFw432i8l/B\nCPD8ZtqIV9eguu4fVtFYcUVfawBb0T11RamJkc4eiSOqayC+2ehgb+GyRLJNK4Fq\nbFcsIT+CK0HlscZw51jrMR0MxTc4RzuOIMoYDeZqeGB6/YnNyG4pw2sD8bIwHm84\n06gtJsX/v10CgYAo8g3/aEUZQHcztPS3fU2cTkkl0ev24Ew2XGypmwsX2R0XtMSB\nuNPNyFHyvkgEKK2zrhDcC/ihuRraZHJcUyhzBViFgP5HBtk7VEaM36YzP/z9Hzw7\nbqu7kZ85atdoq6xpwC3Yn/o9le17jY8rqamD1mv2hUdGvAGYsHbCQxnpBwKBgHTk\neaMUBzr7yZLS4p435tHje1dQVBJpaKaDYPZFrhbTZR0g+IGlNmaPLmFdCjbUjiPy\nA2+Znnwt227cHz0IfWUUAo3ny3419QkmwZlBkWuzbIO2mms7lwsf9G6uvV6qepKM\neVd5TWEsokVbT/03k27pQmfwPxcK/wS0GFdIL/udAoGAOYdDqY5/aadWCyhzTGI6\nqXPLvC+fsJBPhK2RXyc+jYV0KmrEv4ewxlK5NksuFsNkyB7wlI1oMCa/xB3T/2vT\nBALgGFPi8BJqceUjtnTYtI4R2JIVEl08RtEJwyU5JZ2rvWcilsotVZYwfuLZ9Kfd\nhkTrgNxlp/KKkr+UuKce4Vs=\n-----END PRIVATE KEY-----\n', '{"mchId":"1561414331","mchSerialNo":"25FBDE3EFD31B03A4377EB9A4A47C517969E6620","apiV3Key":"CZBK51236435wxpay435434323FFDuv3"}', '内部封装', '微信支付', 'https://www.itcast.cn/', 'YES', 1561414331, '2023-02-24 17:28:40', '2023-02-24 16:27:43');

-- 导出  表 sl_trade.sl_refund_record 结构
CREATE TABLE IF NOT EXISTS `sl_refund_record` (
  `id` bigint NOT NULL COMMENT '主键',
  `trading_order_no` bigint NOT NULL COMMENT '交易系统订单号【对于三方来说：商户订单】',
  `product_order_no` bigint NOT NULL COMMENT '业务系统订单号',
  `refund_no` bigint NOT NULL COMMENT '本次退款订单号',
  `enterprise_id` bigint NOT NULL COMMENT '商户号',
  `trading_channel` varchar(32) CHARACTER SET utf8mb4 COLLATE utf8mb4_0900_ai_ci NOT NULL COMMENT '退款渠道【支付宝、微信、现金】',
  `refund_status` int NOT NULL COMMENT '退款状态：1-退款中，2-成功, 3-失败',
  `refund_code` varchar(80) CHARACTER SET utf8 COLLATE utf8_general_ci DEFAULT NULL COMMENT '返回编码',
  `refund_msg` text CHARACTER SET utf8 COLLATE utf8_general_ci COMMENT '返回信息',
  `memo` varchar(150) CHARACTER SET utf8 COLLATE utf8_general_ci NOT NULL COMMENT '备注【订单门店，桌台信息】',
  `refund_amount` decimal(12,2) NOT NULL COMMENT '本次退款金额',
  `total` decimal(12,2) NOT NULL COMMENT '原订单金额',
  `created` datetime NOT NULL COMMENT '创建时间',
  `updated` datetime NOT NULL COMMENT '创建时间',
  PRIMARY KEY (`id`) USING BTREE,
  KEY `trading_order_no` (`trading_order_no`),
  KEY `product_order_no` (`product_order_no`),
  KEY `refund_no` (`refund_no`),
  KEY `created` (`created`),
  KEY `refund_status` (`refund_status`)
) ENGINE=InnoDB DEFAULT CHARSET=utf8mb4 COLLATE=utf8mb4_unicode_ci ROW_FORMAT=DYNAMIC COMMENT='退款记录表';

-- 正在导出表  sl_trade.sl_refund_record 的数据：~0 rows (大约)

-- 导出  表 sl_trade.sl_trading 结构
CREATE TABLE IF NOT EXISTS `sl_trading` (
  `id` bigint NOT NULL COMMENT '主键',
  `product_order_no` bigint NOT NULL COMMENT '业务系统订单号',
  `trading_order_no` bigint NOT NULL COMMENT '交易系统订单号【对于三方来说：商户订单】',
  `trading_channel` varchar(32) CHARACTER SET utf8mb4 COLLATE utf8mb4_0900_ai_ci NOT NULL COMMENT '支付渠道【支付宝、微信、现金、免单挂账】',
  `trading_type` varchar(22) NOT NULL COMMENT '交易类型【付款、退款、免单、挂账】',
  `trading_state` int NOT NULL COMMENT '交易单状态【1-待付款,2-付款中,3-付款失败,4-已结算,5-取消订单,6-免单,7-挂账】',
  `payee_name` varchar(50) DEFAULT NULL COMMENT '收款人姓名',
  `payee_id` bigint DEFAULT NULL COMMENT '收款人账户ID',
  `payer_name` varchar(50) DEFAULT NULL COMMENT '付款人姓名',
  `payer_id` bigint DEFAULT NULL COMMENT '付款人Id',
  `trading_amount` decimal(22,2) NOT NULL COMMENT '交易金额，单位：元',
  `refund` decimal(12,2) DEFAULT '0.00' COMMENT '退款金额【付款后，单位：元',
  `is_refund` varchar(32) CHARACTER SET utf8mb4 COLLATE utf8mb4_0900_ai_ci DEFAULT NULL COMMENT '是否有退款：YES，NO',
  `result_code` varchar(80) DEFAULT NULL COMMENT '第三方交易返回编码【最终确认交易结果】',
  `result_msg` varchar(255) DEFAULT NULL COMMENT '第三方交易返回提示消息【最终确认交易信息】',
  `result_json` varchar(2000) DEFAULT NULL COMMENT '第三方交易返回信息json【分析交易最终信息】',
  `place_order_code` varchar(80) DEFAULT NULL COMMENT '统一下单返回编码',
  `place_order_msg` varchar(255) DEFAULT NULL COMMENT '统一下单返回信息',
  `place_order_json` text COMMENT '统一下单返回信息json【用于生产二维码、Android ios唤醒支付等】',
  `enterprise_id` bigint NOT NULL COMMENT '商户号',
  `memo` varchar(150) DEFAULT NULL COMMENT '备注【订单门店，桌台信息】',
  `qr_code` text COMMENT '二维码base64数据',
  `open_id` varchar(36) CHARACTER SET utf8mb4 COLLATE utf8mb4_unicode_ci DEFAULT NULL COMMENT 'open_id标识',
  `enable_flag` varchar(10) DEFAULT NULL COMMENT '是否有效',
  `updated` datetime NOT NULL COMMENT '创建时间',
  `created` datetime NOT NULL COMMENT '创建时间',
  PRIMARY KEY (`id`) USING BTREE,
  KEY `index_order_id` (`product_order_no`) USING BTREE,
  KEY `index_tpptrs` (`trading_channel`) USING BTREE,
  KEY `trading_order_no` (`trading_order_no`),
  KEY `trading_state` (`trading_state`),
  KEY `created` (`created`),
  KEY `enable_flag` (`enable_flag`)
) ENGINE=InnoDB DEFAULT CHARSET=utf8mb3 ROW_FORMAT=DYNAMIC COMMENT='交易订单表';

-- 正在导出表  sl_trade.sl_trading 的数据：~1 rows (大约)
INSERT INTO `sl_trading` (`id`, `product_order_no`, `trading_order_no`, `trading_channel`, `trading_type`, `trading_state`, `payee_name`, `payee_id`, `payer_name`, `payer_id`, `trading_amount`, `refund`, `is_refund`, `result_code`, `result_msg`, `result_json`, `place_order_code`, `place_order_msg`, `place_order_json`, `enterprise_id`, `memo`, `qr_code`, `open_id`, `enable_flag`, `updated`, `created`) VALUES
	(1608085502359842818, 1608062099177144321, 1608085525948608513, 'ALI_PAY', 'FK', 2, NULL, NULL, NULL, NULL, 18.00, 0.00, NULL, NULL, NULL, NULL, '200', 'https://qr.alipay.com/bax004222b4vwvpjbssh30cc', '{"httpBody":"{\\"alipay_trade_precreate_response\\":{\\"code\\":\\"10000\\",\\"msg\\":\\"Success\\",\\"out_trade_no\\":\\"1608085525948608513\\",\\"qr_code\\":\\"https:\\\\/\\\\/qr.alipay.com\\\\/bax004222b4vwvpjbssh30cc\\"},\\"sign\\":\\"W8K7OsHCEy1djuzzuD75nPyhbzsMnNOYe5rg8Fmy1LHscAWOwCJ1haI7KfCLDeURadTHu/ZoAsda+DznyPHcNb1BuVEj2oRH82uVenPjtI9N50Jo0ybTTK+dG44443/JRgHg182U5ZuEhZeS7b2hA0ZPVJpXyPuqsfBNV9QJ2Jl4HVXsHuMWP5WS1jLNWErn4y7CH46S1QZ6yZCSb/cp0ZDSBYM1LznMCSqNY1lC3Gg+R83sKtyY1JERVZIEOSaEs/WjIAMKpIh3188gS3OXmnT9wqYRDo1jWaAqlhCiqHNwYyWYj2HiwgpKfRej04jQYoh4kUvUWLmj/zxDTbC3ZA==\\"}","code":"10000","msg":"Success","outTradeNo":"1608085525948608513","qrCode":"https://qr.alipay.com/bax004222b4vwvpjbssh30cc"}', 2088241317544335, '备注', 'data:image/png;base64,iVBORw0KGgoAAAANSUhEUgAAASwAAAEsCAYAAAB5fY51AAAomUlEQVR4Xu3daayu7VnW8X7ngyPiFHEK4hBBxTjE4BDHaApqTPSDVknExJiIsbZAoEixA5ShgkJbFIXKFJDStEVmpBCQlKkOzJNQElrmWqgM7e1774dl1/7tvdfxnvs6r/u5n2ff/+Sfwvse+zjP697vurLWs5+19jOWg4ODgwvhGf6Dg4ODg71yXFgHBwcXw3FhHRwcXAzHhXVwcHAxHBfWwcHBxXBcWAcHBxfDcWEdHBxcDMeFdXBwcDEcF9bBwcHFcFxYBwcHF8NxYR0cHFwMx4V1cHBwMRwX1sHBwcVwXFgHBwcXw3FhHRwcXAzHhXVwcHAxHBfWwcHBxdB2YT3jGc+4amfjvKqj2Fd177ivJsxXTZi/Nrtoa3LBa3M2zqs6in1V9477asJ81YT5a7OLtiYXvDZn47yqo9hXde+4rybMV02Yvza7aGtywWtzNs6rOop9VfeO+2rCfNWE+Wuzi7YmF7w2Z+O8qqPYV3XvuK8mzFdNmL82u2hrcsFrczbOqzqKfVX3jvtqwnzVhPlrs4u2Jhe8NmfjvKqj2Fd177ivJsxXTZi/Nrtoa3LBa3M2zqs6in1V9477asJ81YT5a7OLtiYX1L3jvpowr7NxXrcJ81UT5jVhXkexTxPmde+4r3bR1uSCunfcVxPmdTbO6zZhvmrCvCbM6yj2acK87h331S7amlxQ9477asK8zsZ53SbMV02Y14R5HcU+TZjXveO+2kVbkwvq3nFfTZjX2Tiv24T5qgnzmjCvo9inCfO6d9xXu2hrckHdO+6rCfM6G+d1mzBfNWFeE+Z1FPs0YV73jvtqF21NLqh7x301YV5n47xuE+arJsxrwryOYp8mzOvecV/toq3JBXXvuK8mzOtsnNdtwnzVhHlNmNdR7NOEed077qtdtDW5oO4d99WEeZ2N87pNmK+aMK8J8zqKfZowr3vHfbWLtiYX1IT5bhPmNWFeR7Gv29k479ocxT5NmO82YV67aGtyQU2Y7zZhXhPmdRT7up2N867NUezThPluE+a1i7YmF9SE+W4T5jVhXkexr9vZOO/aHMU+TZjvNmFeu2hrckFNmO82YV4T5nUU+7qdjfOuzVHs04T5bhPmtYu2JhfUhPluE+Y1YV5Hsa/b2Tjv2hzFPk2Y7zZhXrtoa3JBTZjvNmFeE+Z1FPu6nY3zrs1R7NOE+W4T5rWLtiYX1IT5bhPmNWFeR7Gv29k479ocxT5NmO82YV67aGtyQU2Y7zZhXhPmdRT7up2N867NUezThPluE+a1i7YmF9SE+W4T5jVhXhPmNWFeD+7G56WzcZ4mzHebMK9dtDW5oCbMd5swrwnzmjCvCfN6cDc+L52N8zRhvtuEee2irckFNWG+24R5TZjXhHlNmNeDu/F56Wycpwnz3SbMaxdtTS6oCfPdJsxrwrwmzGvCvB7cjc9LZ+M8TZjvNmFeu2hrckFNmO82YV4T5jVhXhPm9eBufF46G+dpwny3CfPaRVuTC2rCfLcJ85owrwnzmjCvB3fj89LZOE8T5rtNmNcu2ppcUBPmu02Y14R5TZjXhHk9uBufl87GeZow323CvHbR1uSCmjDfbcK8JsxrwrwmzOvB3fi8dDbO04T5bhPmtYu2JhfUhPluE+Z1FPs0YV5n4zwdxT4dxT5NmK+aMK8J890mzGsXbU0uqAnz3SbM6yj2acK8zsZ5Oop9Oop9mjBfNWFeE+a7TZjXLtqaXFAT5rtNmNdR7NOEeZ2N83QU+3QU+zRhvmrCvCbMd5swr120NbmgJsx3mzCvo9inCfM6G+fpKPbpKPZpwnzVhHlNmO82YV67aGtyQU2Y7zZhXkexTxPmdTbO01Hs01Hs04T5qgnzmjDfbcK8dtHW5IKaMN9twryOYp8mzOtsnKej2Kej2KcJ81UT5jVhvtuEee2irckFNWG+24R5HcU+TZjX2ThPR7FPR7FPE+arJsxrwny3CfPaRVuTC2rCfLcJ8zqKfZowr7Nxno5in45inybMV02Y14T5bhPmtYu2JhfUveO+OhvnacJ81VHsqzqKfd3Oxnm6d9xXu2hrckHdO+6rs3GeJsxXHcW+qqPY1+1snKd7x321i7YmF9S94746G+dpwnzVUeyrOop93c7Gebp33Fe7aGtyQd077quzcZ4mzFcdxb6qo9jX7Wycp3vHfbWLtiYX1L3jvjob52nCfNVR7Ks6in3dzsZ5unfcV7toa3JB3Tvuq7NxnibMVx3Fvqqj2NftbJyne8d9tYu2JhfUveO+OhvnacJ81VHsqzqKfd3Oxnm6d9xXu2hrckHdO+6rs3GeJsxXHcW+qqPY1+1snKd7x321i7YmF7w2E+Y1YV4T5jVhXhPmNWFeE+Y1YV4T5jVh/trsoq3JBa/NhHlNmNeEeU2Y14R5TZjXhHlNmNeEeU2Yvza7aGtywWszYV4T5jVhXhPmNWFeE+Y1YV4T5jVhXhPmr80u2ppc8NpMmNeEeU2Y14R5TZjXhHlNmNeEeU2Y14T5a7OLtiYXvDYT5jVhXhPmNWFeE+Y1YV4T5jVhXhPmNWH+2uyirckFr82EeU2Y14R5TZjXhHlNmNeEeU2Y14R5TZi/Nrtoa3LBazNhXhPmNWFeE+Y1YV4T5jVhXhPmNWFeE+avzS7amlzw2kyY14R5TZjXhHlNmNeEeU2Y14R5TZjXhPlrs4u+piccf4OqjmKfJszrKPZVHcU+TZivetDD8SSb8D/QqqPYpwnzOop9VUexTxPmqx70cDzJJvwPtOoo9mnCvI5iX9VR7NOE+aoHPRxPsgn/A606in2aMK+j2Fd1FPs0Yb7qQQ/Hk2zC/0CrjmKfJszrKPZVHcU+TZivetDD8SSb8D/QqqPYpwnzOop9VUexTxPmqx70cDzJJvwPtOoo9mnCvI5iX9VR7NOE+aoHPRxPsgn/A606in2aMK+j2Fd1FPs0Yb7qQQ9tT9LfIN077qsJ85owXzVhXhPm9dy4T7cJ892OYl+3W9E2yQPo3nFfTZjXhPmqCfOaMK/nxn26TZjvdhT7ut2KtkkeQPeO+2rCvCbMV02Y14R5PTfu023CfLej2NftVrRN8gC6d9xXE+Y1Yb5qwrwmzOu5cZ9uE+a7HcW+breibZIH0L3jvpowrwnzVRPmNWFez437dJsw3+0o9nW7FW2TPIDuHffVhHlNmK+aMK8J83pu3KfbhPluR7Gv261om+QBdO+4rybMa8J81YR5TZjXc+M+3SbMdzuKfd1uRdskD6B7x301YV4T5qsmzGvCvJ4b9+k2Yb7bUezrdiu2mzSID6jbhPmqo9hXNWFeE+Z1FPuqJsxX3TvuW3Uv7GeTgA+w24T5qqPYVzVhXhPmdRT7qibMV9077lt1L+xnk4APsNuE+aqj2Fc1YV4T5nUU+6omzFfdO+5bdS/sZ5OAD7DbhPmqo9hXNWFeE+Z1FPuqJsxX3TvuW3Uv7GeTgA+w24T5qqPYVzVhXhPmdRT7qibMV9077lt1L+xnk4APsNuE+aqj2Fc1YV4T5nUU+6omzFfdO+5bdS/sZ5OAD7DbhPmqo9hXNWFeE+Z1FPuqJsxX3TvuW3Uv7GeTgA+w24T5qqPYVzVhXhPmdRT7qibMV9077lt1L7Rt4gE1YV4T5jVhvmrCvI5in45iX9WEeZ2N87Z2FPv0Wmg7iQ9IE+Y1YV4T5qsmzOso9uko9lVNmNfZOG9rR7FPr4W2k/iANGFeE+Y1Yb5qwryOYp+OYl/VhHmdjfO2dhT79FpoO4kPSBPmNWFeE+arJszrKPbpKPZVTZjX2Thva0exT6+FtpP4gDRhXhPmNWG+asK8jmKfjmJf1YR5nY3ztnYU+/RaaDuJD0gT5jVhXhPmqybM6yj26Sj2VU2Y19k4b2tHsU+vhbaT+IA0YV4T5jVhvmrCvI5in45iX9WEeZ2N87Z2FPv0Wmg7iQ9IE+Y1YV4T5qsmzOso9uko9lVNmNfZOG9rR7FPr4W2k/iAqu4d993a2Tiv6mycV3UU+6omzOvecV/toq3JBavuHffd2tk4r+psnFd1FPuqJszr3nFf7aKtyQWr7h333drZOK/qbJxXdRT7qibM695xX+2irckFq+4d993a2Tiv6mycV3UU+6omzOvecV/toq3JBavuHffd2tk4r+psnFd1FPuqJszr3nFf7aKtyQWr7h333drZOK/qbJxXdRT7qibM695xX+2irckFq+4d993a2Tiv6mycV3UU+6omzOvecV/toq3JBavuHffd2tk4r+psnFd1FPuqJszr3nFf7aKtyQV1FPuqJszrpeN5njQT5rc2YX5rE+a1i7YmF9RR7KuaMK+Xjud50kyY39qE+a1NmNcu2ppcUEexr2rCvF46nudJM2F+axPmtzZhXrtoa3JBHcW+qgnzeul4nifNhPmtTZjf2oR57aKtyQV1FPuqJszrpeN5njQT5rc2YX5rE+a1i7YmF9RR7KuaMK+Xjud50kyY39qE+a1NmNcu2ppcUEexr2rCvF46nudJM2F+axPmtzZhXrtoa3JBHcW+qgnzeul4nifNhPmtTZjf2oR57aKvKeABqo5in87GeTqKfZowrwnzOhvnacK8JsxrwrzOxnmaMK9d9DUFPEDVUezT2ThPR7FPE+Y1YV5n4zxNmNeEeU2Y19k4TxPmtYu+poAHqDqKfTob5+ko9mnCvCbM62ycpwnzmjCvCfM6G+dpwrx20dcU8ABVR7FPZ+M8HcU+vYt3vnNZXvyK1y3Petmbl/d94bL8pg87+Rueex5v5q+7POdVy/Lff/S04114Xk2Y14R5TZjX2ThPE+a1i76mgAeoOop9Ohvn6Sj26cN469tPfuRrluW9/uWDF8deXHdbd3zr208+DM+rCfOaMK8J8zob52nCvHbR1xTwAFVHsU9n4zwdxT6Vn33qA/+DXnnSC2Kv3uy77i6eVxPmNWFeE+Z1Ns7ThHntoq8p4AGqjmKfzsZ5Oop9KseFdT/mNWFeE+Z1Ns7ThHntoq8p4AGqjmKfzsZ5Oop9ept3vPP0JZYXwqW47r6e4TaeVxPmNWFeE+Z1Ns7ThHntoq3JBXUU+zRhvupsnFe1whvftCzv9dEPXgQdvjv67ztcd3/RK1772Od/GD7PbmfjvKoJ81W7aGtyQR3FPk2Yrzob51Wt8OwvevASGPU3f9jJ3/VR7/J3Pm9ZfuOHnjQ/6rNe/pbHPv/D8Hl2OxvnVU2Yr9pFW5ML6ij2acJ81dk4r2qF9e0CXgAjvsdTF9ILvvTktz/12du3/cjJr/3eZfljH3fy1z/nwV834vu84J2Pff6H4fPsdjbOq5owX7WLtiYX1FHs04T5qrNxXtUK3e+x+i0fvixf/d0nb7O+OP5nXnry1/2LB3/diOsZHvf8D8Pn2e1snFc1Yb5qF21NLqij2KcJ81Vn47yqFY4L60F8nt3OxnlVE+ardtHW5II6in2aMF91Ns6rWsEP/lHXC+srv+vkbX7q5566rD7pZPeFtfq4538YPs9uZ+O8qgnzVbtoa3JBHcU+TZivOhvnVa3gB/6jfPfnnF57Sq6f7XzFd568zXphvf8nnvw1z37w1z3MdaZ7PMrHPf/D8Hl2OxvnVU2Yr9pFW5ML6ij2acJ81dk4r2oFP/Af5e/56GV5vxcvyx8J/vGXLMvXf//J2/zMzy/L3/73J//Qix78dbrOWme6x6N83PM/DJ9nt7NxXtWE+apd9DUFPIDOxnmaMK+j2Fc1cTvrB77efLbziV+1LD/+tmX5sbfe4c+e/vf//tLJ26xv7vyJt528yd3lmvvXX3P6LOvpfKb1uOef4Wyct7V7YbNNfAA6G+dpwryOYl/VxO2sH/h6c2E894uX5fXfuyxf8z13u7594SffdvI2v/jLy/KGHzq5viDvr9N11oe/+riwHobztnYvbLaJD0Bn4zxNmNdR7KuauJ31A/9Rrq9N/dYPv9v1Bfff8ZHL8lXfffI262tYf/6TTz6drtXKn2A+7vlnOBvnbe1e2GwTH4DOxnmaMK+j2Fc1cTvrB/6jfDqXzHFhnZyN87Z2L2y2iQ9AZ+M8TZjXUeyrmrid9QP/LtfvB1zfkvBrn/1w1z/9e4+nMl/+nSdvs15Yf+oTTv6qf/7gr73t47zt4XHPP8PZOG9r98Jmm/gAdDbO04R5HcW+qonbWT/w73L9jOdvfvqy/KPPXZYP/pyH+48/b1n+x4+evM3bfmFZnv8lJ//hZz/4625cu//CJz84O/m455/hbJy3tXths018ADob52nCvI5iX9XE7awf+I9y/ezqPZ/6cu/rvu/0J36/8MsPd31x/ZdufMf9rv9u9Sa7/rP1xx2vfTeuPO819c+yHvf8M5yN87Z2L2y2iQ9AZ+M8TZjXUeyrmrid9QP/LtfPsP7apy3L3/vMZfm7T8f/iPy79U8DZf0Wnr/yb48L6y6ct7V7YbNNfACaML+1CfPdJszfpR/4yXuvYQ26vta1/siZb/0RN1+W//aDT/2759V/flbn8xnFvm4T5jVhXvfCZpv4ADRhfmsT5rtNmL9LP/CTx4WVsa/bhHlNmNe9sNkmPgBNmN/ahPluE+bv0g98vflpoTcX1fq/N+9+X//v2xfYzb+zQ9fs3/mMZXn7L7r56edoVb8cXO18PqPY123CvCbM617YbBMfgCbMb23CfLcJ83fpB/5t14vjPT/i5Pr+qX/y+cvy4i9flk/92qd8/bJ8/Fee/LBXL8s/eOWy/KVPWZY/+ILT+7FWby4036m+/tTRz3mDWy/LW/7Pr/w0h6dx6Wnn8xnFvm4T5jVhXvfCZpv4ADRhfmsT5rtNmL9LP/BX1wtmvXD+/me962db/fTPLctdf3/pL7/j9IL59//4snz5d5x80Zctywe+/PR3Ca6fef3qZ59cfybWm99qw7J83jfX3ix6287nM4p93SbMa8K87oXNNvEBaML81ibMd5swf5d+4K+X1W//yGX5lP+6LD/Pl2zrpXTvbQvvuP+f38X6/qv1RySvfX/jFSf/wzfen1kvutX1cnucLwdXO5/PKPZ1mzCvCfO6FzbbxAegCfNbmzDfbcL8XfqBv/5M9vXLvvWzqfU9Um/43yfXf/ZB/+n02tP6tob1y8Obn93+ud98egH9p3/eTe5nvQBX1/dg3Wb99avrl4p++fh07Xw+o9jXbcK8JszrXthsEx+AJsxvbcJ8twnzd+kH/nFh5V+fsK/bhHlNmNe90LaJB9SEeU2Y173jvpowr7e5+YC/eYH8L37K6WdRrRfLC7/09PrT6sPeznDza9bvH/zdH3X6lpr1LzZdf8TM6lvfft+oR3JzYf3lf3P668Bu/gSycnl5xrtMmN+bo9hXNWFeu2hrckFNmNeEed077qsJ83qbmw/4m7cqrK81rXzCV50+27r5514Qul4uNxfYzZ8sPvNly/IZ37Asb/qZu1+wv2F9HWt9H9ZLvmJZPuBlp4vy5udhrRfkXReYZ7zLhPm9OYp9VRPmtYu2JhfUhHlNmNe9476aMK+3uXfZPPf0QvvqemH88E8tyx9+0dO7qB7m7fdurR3/7Auf+jKQn0CauHmxfn37xOr6pegf+Fen/vXy8iL1jHeZML83R7GvasK8dtHW5IKaMK8J87p33FcT5vU29y6Y55wug9Uf+sll+cYfWJbf9hEPXkRV1wvrT3786eKR9U8cK6w/cvm73rwsr/ymZfngz16W9/vYk+vfML1eYJ7xLhPm9+Yo9lVNmNcu2ppcUBPmNWFe9477asK83ma9WG5fWD/4E8vynT+2LO/9/Lu/BLvLmy8N/8RLluUbfuC+cfdYX5z/0C9elo/7itP7tqqsl936WeDqq994euOqZ7zLhPm9OYp9VRPmtYu2JhfUhHlNmNe9476aMK+3OS6sBzG/N0exr2rCvHbR1uSCmjCvCfO6d9xXE+b1NvcurOeevgRcXf/yh/WNoeu32qxfankZ3eV6wa2vK60/Hmb1W3/4vlHLz/3CyfUvtLjJrn+l1/Nee/KNb6p/qXiDZ7zLhPm9OYp9VRPmtYu2JhfUhHlNmNe9476aMK+3+f+fFT3n5Ee99vTP158Y+qc/6V1vYbjrBfj1362Z9ScwPPdVy/Kmnz55m/VF9I94zcl777e69WtvPiP7vc8/vb9rfUuE77JPeMa7TJjfm6PYVzVhXrvoa5qMD2BrZ+O8qonb2duXzur6zcvf8iufGX33m5flQ77w5Pu84PR9fjcXzPq/6wveq+/7wtOPRn799z3823bW7xv8kC84XVS3Lyu9eWvE+hdZrH8q+J+/7eF/ZVjC56Gj2Kej2Kfnxn2qdtHXNBkfwNbOxnlVE7ezXhrrRfRXP3VZvvctp+zNjy7+vh9fltf9z2V5xdcvy0u/elle/nWn/391fR3qUV/KfdMPLstff/npMrp5u4Mz9eYtEetluL6RdfXTXn/6E8yng89DR7FPR7FPz437VO2ir2kyPoCtnY3zqiZuZ70sbi6tP/fSZfkv/+v0/qnKe6jWb+f5njef/JgvWZbf9zGny8cZT9ebLxfX//uPfuzpta7124Bufj78w/B56Cj26Sj26blxn6pd9DVNxgewtbNxXtXE7eyjfpzLemmtbyR91mee/PxvOX2JuP6YmfUH763vi7p5EX39Vp71Txa/6NuX5Z9+welLxNW143H/pPFh3nw5+t4f/a6/ZefLvuPB72H0eego9uko9um5cZ+qXfQ1TcYHsLWzcV7VxO3scWHVsU9HsU/PjftU7aKvaTI+gK2djfOqJm5n3+cF73zgYrjx5rWk1fXF8t//1Jd3f/alp9ek/ta/O32v4Or7f+JTX/o9//Si/MO+babbm+8tXF3firH+9IhHne9hjmKfjmKfnhv3qdpFX9NkfABbOxvnVU3czj7r5W954EJ4lLe/wfn2T2tY3w7R+ZlUxfVSXb9X8VHne5ij2Kej2Kfnxn2qdtHXNBkfwNbOxnlVE7ezL3z5a+/9VAQvgktx3X19w+mjzvcwR7FPR7FPz437VO2ir2kyPoCqs3GeJsxXTdzOPvMDPvDez7DyIrgU193XM1TOP4rPW0exr2rC/NZ20dc0GR9A1dk4TxPmqybMf+bnvmr5oFcu9/RC2Ks3+37WU7t7ntk4T0exr2rC/NZ20dc0GR9A1dk4TxPmqybMHxdWDefpKPZVTZjf2i76mibjA6g6G+dpwnzVhPl3e7d3u/eBv7p+ibXn17TW3dYdb/Zdd/c8s3GejmJf1YT5re2ir2kyPoCqs3GeJsxXTZi/7TOf+QHLi1/xuuVZL3vzvfdSrW9VeNR7tbbwZv66y7rTiz/9dfd2dO/K+Udxno5iX9WE+a3toq9pMj6AqrNxnibMV02Y7zZhvtvZOE9Hsa9qwvzWdtHXNBkfQNXZOE8T5qsmzHebMN/tbJyno9hXNWF+a7voa5qMD6DqbJynCfNVE+a7TZjvdjbO01Hsq5owv7VdtDW5oI5iX9WE+b05in1bOxvn6aXjeaomzOteaNvEA+oo9lVNmN+bo9i3tbNxnl46nqdqwrzuhbZNPKCOYl/VhPm9OYp9Wzsb5+ml43mqJszrXmjbxAPqKPZVTZjfm6PYt7WzcZ5eOp6nasK87oW2TTygjmJf1YT5vTmKfVs7G+fppeN5qibM615o28QD6ij2VU2Y35uj2Le1s3GeXjqep2rCvO6Ftk08oI5iX9WE+b05in1bOxvn6aXjeaomzOteaNvEA+oo9lVNmN+bo9i3tbNxnl46nqdqwrzuhbZNPGDVhHk9N+7TbcK8JsxrwrwmzGvCvI5iX9VR7NvahHntoq3JBasmzOu5cZ9uE+Y1YV4T5jVhXhPmdRT7qo5i39YmzGsXbU0uWDVhXs+N+3SbMK8J85owrwnzmjCvo9hXdRT7tjZhXrtoa3LBqgnzem7cp9uEeU2Y14R5TZjXhHkdxb6qo9i3tQnz2kVbkwtWTZjXc+M+3SbMa8K8JsxrwrwmzOso9lUdxb6tTZjXLtqaXLBqwryeG/fpNmFeE+Y1YV4T5jVhXkexr+oo9m1twrx20dbkglUT5vXcuE+3CfOaMK8J85owrwnzOop9VUexb2sT5rWLtiYXrJowr+fGfbpNmNeEeU2Y14R5TZjXUeyrOop9W5swr120NbmgzsZ51+Yo9u3NUezThHndO+5bNWFet6JtkgfQ2Tjv2hzFvr05in2aMK97x32rJszrVrRN8gA6G+ddm6PYtzdHsU8T5nXvuG/VhHndirZJHkBn47xrcxT79uYo9mnCvO4d962aMK9b0TbJA+hsnHdtjmLf3hzFPk2Y173jvlUT5nUr2iZ5AJ2N867NUezbm6PYpwnzunfct2rCvG5F2yQPoLNx3rU5in17cxT7NGFe9477Vk2Y161om+QBdDbOuzZHsW9vjmKfJszr3nHfqgnzuhVtkzyAjmKfJsxrwnzVc+M+VWfjPJ2N86qOYl/VhPmqCfPaRVuTC+oo9mnCvCbMVz037lN1Ns7T2Tiv6ij2VU2Yr5owr120NbmgjmKfJsxrwnzVc+M+VWfjPJ2N86qOYl/VhPmqCfPaRVuTC+oo9mnCvCbMVz037lN1Ns7T2Tiv6ij2VU2Yr5owr120NbmgjmKfJsxrwnzVc+M+VWfjPJ2N86qOYl/VhPmqCfPaRVuTC+oo9mnCvCbMVz037lN1Ns7T2Tiv6ij2VU2Yr5owr120NbmgjmKfJsxrwnzVc+M+VWfjPJ2N86qOYl/VhPmqCfPaRVuTC+oo9mnCvCbMVz037lN1Ns7T2Tiv6ij2VU2Yr5owr120Nblg1dk4r+q5cZ+qCfPdJsxXTZg/vN+Eed2KtkkeoOpsnFf13LhP1YT5bhPmqybMH95vwrxuRdskD1B1Ns6rem7cp2rCfLcJ81UT5g/vN2Fet6JtkgeoOhvnVT037lM1Yb7bhPmqCfOH95swr1vRNskDVJ2N86qeG/epmjDfbcJ81YT5w/tNmNetaJvkAarOxnlVz437VE2Y7zZhvmrC/OH9JszrVrRN8gBVZ+O8qufGfaomzHebMF81Yf7wfhPmdSvaJnmAqrNxXtVz4z5VE+a7TZivmjB/eL8J87oV2026cvwN3NpR7NPZOE/PjftUnY3zuk2Y1y76mp5w/A3a2lHs09k4T8+N+1SdjfO6TZjXLvqannD8DdraUezT2ThPz437VJ2N87pNmNcu+pqecPwN2tpR7NPZOE/PjftUnY3zuk2Y1y76mp5w/A3a2lHs09k4T8+N+1SdjfO6TZjXLvqannD8DdraUezT2ThPz437VJ2N87pNmNcu+pqecPwN2tpR7NPZOE/PjftUnY3zuk2Y1y76mp5w/A3a2lHs09k4T8+N+1SdjfO6TZjXLtqaXPDaHMW+bhPmqybMa8L81o5inybMa8J81UuhbVMfwLU5in3dJsxXTZjXhPmtHcU+TZjXhPmql0Lbpj6Aa3MU+7pNmK+aMK8J81s7in2aMK8J81UvhbZNfQDX5ij2dZswXzVhXhPmt3YU+zRhXhPmq14KbZv6AK7NUezrNmG+asK8Jsxv7Sj2acK8JsxXvRTaNvUBXJuj2NdtwnzVhHlNmN/aUezThHlNmK96KbRt6gO4Nkexr9uE+aoJ85owv7Wj2KcJ85owX/VSaNvUB3BtjmJftwnzVRPmNWF+a0exTxPmNWG+6qXQtqkPQPeO++oo9uko9uko9ulsnKej2KcJ8zob523tVrRN8gC6d9xXR7FPR7FPR7FPZ+M8HcU+TZjX2Thva7eibZIH0L3jvjqKfTqKfTqKfTob5+ko9mnCvM7GeVu7FW2TPIDuHffVUezTUezTUezT2ThPR7FPE+Z1Ns7b2q1om+QBdO+4r45in45in45in87GeTqKfZowr7Nx3tZuRdskD6B7x311FPt0FPt0FPt0Ns7TUezThHmdjfO2divaJnkA3Tvuq6PYp6PYp6PYp7Nxno5inybM62yct7Vb0TbJA+jecV8dxT4dxT4dxT6djfN0FPs0YV5n47yt3Yq2SR5AE+a7TZjXUeyrem7cR0exT0exT0exb28mzOteaNvEA2rCfLcJ8zqKfVXPjfvoKPbpKPbpKPbtzYR53Qttm3hATZjvNmFeR7Gv6rlxHx3FPh3FPh3Fvr2ZMK97oW0TD6gJ890mzOso9lU9N+6jo9ino9ino9i3NxPmdS+0beIBNWG+24R5HcW+qufGfXQU+3QU+3QU+/ZmwrzuhbZNPKAmzHebMK+j2Ff13LiPjmKfjmKfjmLf3kyY173QtokH1IT5bhPmdRT7qp4b99FR7NNR7NNR7NubCfO6F9o28YCaMN9twryOYl/Vc+M+Oop9Oop9Oop9ezNhXvdC2yYeUBPmu02Y19k4r2rCvI5in87GeTqKfZowX3UU+7rdirZJHkAT5rtNmNfZOK9qwryOYp/Oxnk6in2aMF91FPu63Yq2SR5AE+a7TZjX2TivasK8jmKfzsZ5Oop9mjBfdRT7ut2KtkkeQBPmu02Y19k4r2rCvI5in87GeTqKfZowX3UU+7rdirZJHkAT5rtNmNfZOK9qwryOYp/Oxnk6in2aMF91FPu63Yq2SR5AE+a7TZjX2TivasK8jmKfzsZ5Oop9mjBfdRT7ut2KtkkeQBPmu02Y19k4r2rCvI5in87GeTqKfZowX3UU+7rdirZJHkAT5rtNmNfZOK9qwryOYp/Oxnk6in2aMF91FPu63Yq2SR5AE+a7TZjXveO+mjCvCfM6G+fpbJyno9hXdRT7qnbR1uSCmjDfbcK87h331YR5TZjX2ThPZ+M8HcW+qqPYV7WLtiYX1IT5bhPmde+4rybMa8K8zsZ5Ohvn6Sj2VR3FvqpdtDW5oCbMd5swr3vHfTVhXhPmdTbO09k4T0exr+oo9lXtoq3JBTVhvtuEed077qsJ85owr7Nxns7GeTqKfVVHsa9qF21NLqgJ890mzOvecV9NmNeEeZ2N83Q2ztNR7Ks6in1Vu2hrckFNmO82YV73jvtqwrwmzOtsnKezcZ6OYl/VUeyr2kVbkwtqwny3CfO6d9xXE+Y1YV5n4zydjfN0FPuqjmJf1S7amlxQ94776ij26Sj2VU2Yr5ow3+0o9mnCvCbMX5pdtDW5oO4d99VR7NNR7KuaMF81Yb7bUezThHlNmL80u2hrckHdO+6ro9ino9hXNWG+asJ8t6PYpwnzmjB/aXbR1uSCunfcV0exT0exr2rCfNWE+W5HsU8T5jVh/tLsoq3JBXXvuK+OYp+OYl/VhPmqCfPdjmKfJsxrwvyl2UVbkwvq3nFfHcU+HcW+qgnzVRPmux3FPk2Y14T5S7OLtiYX1L3jvjqKfTqKfVUT5qsmzHc7in2aMK8J85dmF21NLqh7x311FPt0FPuqJsxXTZjvdhT7NGFeE+YvzS7amlzw2kyY73YU+6omzGvC/NaOYl+3o9inCfO6FW2TPMC1mTDf7Sj2VU2Y14T5rR3Fvm5HsU8T5nUr2iZ5gGszYb7bUeyrmjCvCfNbO4p93Y5inybM61a0TfIA12bCfLej2Fc1YV4T5rd2FPu6HcU+TZjXrWib5AGuzYT5bkexr2rCvCbMb+0o9nU7in2aMK9b0TbJA1ybCfPdjmJf1YR5TZjf2lHs63YU+zRhXreibZIHuDYT5rsdxb6qCfOaML+1o9jX7Sj2acK8bkXbJA9wbSbMdzuKfVUT5jVhfmtHsa/bUezThHndiu0mHRwcHAxyXFgHBwcXw3FhHRwcXAzHhXVwcHAxHBfWwcHBxXBcWAcHBxfDcWEdHBxcDMeFdXBwcDEcF9bBwcHFcFxYBwcHF8NxYR0cHFwMx4V1cHBwMRwX1sHBwcVwXFgHBwcXw3FhHRwcXAzHhXVwcHAxHBfWwcHBxXBcWAcHBxfD/wOivYgZ/k591gAAAABJRU5ErkJggg==', NULL, 'YES', '2023-02-24 21:00:41', '2023-02-24 21:00:35');

-- 导出  表 sl_trade.undo_log 结构
CREATE TABLE IF NOT EXISTS `undo_log` (
  `branch_id` bigint NOT NULL COMMENT 'branch transaction id',
  `xid` varchar(128) NOT NULL COMMENT 'global transaction id',
  `context` varchar(128) NOT NULL COMMENT 'undo_log context,such as serialization',
  `rollback_info` longblob NOT NULL COMMENT 'rollback info',
  `log_status` int NOT NULL COMMENT '0:normal status,1:defense status',
  `log_created` datetime(6) NOT NULL COMMENT 'create datetime',
  `log_modified` datetime(6) NOT NULL COMMENT 'modify datetime',
  UNIQUE KEY `ux_undo_log` (`xid`,`branch_id`) USING BTREE
) ENGINE=InnoDB DEFAULT CHARSET=utf8mb3 ROW_FORMAT=DYNAMIC COMMENT='AT transaction mode undo table';

-- 正在导出表  sl_trade.undo_log 的数据：~0 rows (大约)


-- 导出 sl_users 的数据库结构
CREATE DATABASE IF NOT EXISTS `sl_users` /*!40100 DEFAULT CHARACTER SET utf8 */ /*!80016 DEFAULT ENCRYPTION='N' */;
USE `sl_users`;

-- 导出  表 sl_users.sl_address_book 结构
CREATE TABLE IF NOT EXISTS `sl_address_book` (
  `id` bigint NOT NULL COMMENT 'id',
  `user_id` bigint DEFAULT NULL COMMENT '用户id',
  `type` tinyint(1) DEFAULT '1' COMMENT '地址簿类型  1寄件 2收件',
  `name` varchar(50) DEFAULT NULL COMMENT '姓名',
  `phone_number` varchar(20) DEFAULT NULL COMMENT '电话号',
  `extension_number` varchar(10) DEFAULT NULL COMMENT '分机号',
  `province_id` bigint DEFAULT NULL COMMENT '所属省份id',
  `city_id` bigint DEFAULT NULL COMMENT '所属城市id',
  `county_id` bigint DEFAULT NULL COMMENT '所属区县id',
  `address` varchar(255) DEFAULT NULL COMMENT '详细地址',
  `company_name` varchar(100) DEFAULT NULL COMMENT '公司名称',
  `is_default` tinyint(1) NOT NULL DEFAULT '0' COMMENT '是否默认 0:否，1:是',
  `is_show` tinyint(1) NOT NULL DEFAULT '1' COMMENT '是否展示 0:否，1:是',
  `created` datetime DEFAULT NULL COMMENT '创建时间',
  `updated` datetime DEFAULT NULL COMMENT '更新时间',
  PRIMARY KEY (`id`) USING BTREE,
  KEY `user_id` (`user_id`) USING BTREE
) ENGINE=InnoDB DEFAULT CHARSET=utf8mb4 COLLATE=utf8mb4_0900_ai_ci ROW_FORMAT=DYNAMIC COMMENT='地址簿';

-- 正在导出表  sl_users.sl_address_book 的数据：~160 rows (大约)
INSERT INTO `sl_address_book` (`id`, `user_id`, `type`, `name`, `phone_number`, `extension_number`, `province_id`, `city_id`, `county_id`, `address`, `company_name`, `is_default`, `is_show`, `created`, `updated`) VALUES
	(1, 12323432453466712, 1, '周转播', '13510241023', '1', 161792, 161793, 161794, '中国上海市浦东新区川沙镇', '上海市政府', 0, 0, '2023-02-24 16:28:19', '2023-02-24 16:28:20'),
	(2, 12323432453466712, 1, '李传播', '13510241024', '1', 1, 2, 4498, '建材城西路金燕龙写字楼', '传智教育', 0, 0, '2023-02-24 15:13:54', '2023-02-24 15:13:54'),
	(1552581852313636865, 1551748948868157442, 1, '2', '18222222222', NULL, 1, 2, 3, '2', NULL, 0, 0, '2023-02-24 17:08:54', '2023-02-24 17:08:54'),
	(1552581937885827073, 1551748948868157442, 2, '3', '18333333333', NULL, 1, 2, 203, '3', NULL, 0, 0, '2023-02-24 17:09:14', '2023-02-24 17:09:14'),
	(1552582021088235522, 1551748948868157442, 2, '3', '18333333333', NULL, NULL, NULL, NULL, '3改一下', NULL, 0, 0, '2023-02-24 17:09:34', '2023-02-24 17:09:34'),
	(1552584999899713537, 1551748948868157442, 1, '2', '18222222222', NULL, NULL, NULL, NULL, '2', NULL, 0, 0, '2023-02-24 17:21:24', '2023-02-24 17:21:24'),
	(1552585216896225282, 1551748948868157442, 1, '2', '18222222222', NULL, NULL, NULL, NULL, '2', NULL, 0, 0, '2023-02-24 17:22:16', '2023-02-24 17:22:16'),
	(1552587327272865794, 1551748948868157442, 1, '1', '18111111111', NULL, 1, 2, 3, '1', NULL, 0, 0, '2023-02-24 17:30:39', '2023-02-24 17:30:39'),
	(1552587711806656513, 1551748948868157442, 1, '11', '18111111111', NULL, 1, 2, 3, '11', NULL, 0, 0, '2023-02-24 17:32:11', '2023-02-24 17:32:11'),
	(1552595973805395969, 1551748948868157442, 1, '22', '18222222222', NULL, 1, 2, 3, '22', NULL, 0, 0, '2023-02-24 18:05:01', '2023-02-24 18:05:01'),
	(1552611394504585218, 1551748948868157442, 1, '33', '18333333333', NULL, 1, 2, 3, '33', NULL, 0, 0, '2023-02-24 19:06:17', '2023-02-24 19:06:17'),
	(1552612264222879745, 1551748948868157442, 1, '44', '18444444444', NULL, 1, 2, 3, '44', NULL, 0, 0, '2023-02-24 19:09:45', '2023-02-24 19:09:45'),
	(1552613000402923521, 1551748948868157442, 1, '55', '18555555555', NULL, 1, 2, 3, '55', NULL, 0, 0, '2023-02-24 19:12:40', '2023-02-24 19:12:40'),
	(1552613673815207937, 1551748948868157442, 1, '66', '18666666666', NULL, 1, 2, 3, '66', NULL, 0, 0, '2023-02-24 19:15:21', '2023-02-24 19:15:21'),
	(1552614195427241985, 1551748948868157442, 1, '77', '18777777777', NULL, 1, 2, 3, '77', NULL, 0, 0, '2023-02-24 19:17:25', '2023-02-24 19:17:25'),
	(1552614674450313218, 1551748948868157442, 1, '111', '18111111111', NULL, 1, 2, 3, '11', NULL, 0, 0, '2023-02-24 19:19:19', '2023-02-24 19:19:19'),
	(1552615135932805122, 1551748948868157442, 2, '222', '18222222222', NULL, 1, 2, 3, '222', NULL, 0, 0, '2023-02-24 19:21:09', '2023-02-24 19:21:09'),
	(1552615435481608193, 1551748948868157442, 1, '333', '18333333333', NULL, 1, 2, 3, '333', NULL, 0, 0, '2023-02-24 19:22:21', '2023-02-24 19:22:21'),
	(1552615704244219905, 1551748948868157442, 1, '444', '18444444444', NULL, 1, 2, 3, '444', NULL, 0, 0, '2023-02-24 19:23:25', '2023-02-24 19:23:25'),
	(1552616525337948162, 1551748948868157442, 1, '5556', '18555555555', NULL, 1, 2, 3, '5556', NULL, 0, 0, '2023-02-24 19:26:41', '2023-02-24 19:26:54'),
	(1552617141317627905, 1551748948868157442, 1, '6667', '18666666666', NULL, 1, 2, 3, '6667', NULL, 0, 0, '2023-02-24 19:29:07', '2023-02-24 19:29:19'),
	(1552617752134119426, 1551748948868157442, 1, '1111', '18111111111', NULL, 1, 2, 3, '11', NULL, 0, 0, '2023-02-24 19:31:33', '2023-02-24 19:31:37'),
	(1552618079184973825, 1551748948868157442, 1, '12', '18111111111', NULL, 1, 2, 3, '12', NULL, 0, 0, '2023-02-24 19:32:51', '2023-02-24 19:32:55'),
	(1552618153898110977, 1551748948868157442, 1, '1', '18111111111', NULL, 1, 2, 3, '1', NULL, 0, 0, '2023-02-24 19:33:09', '2023-02-24 19:33:09'),
	(1552618191877533698, 1551748948868157442, 2, '2', '18222222222', NULL, 1, 2, 3, '2', NULL, 0, 0, '2023-02-24 19:33:18', '2023-02-24 19:33:18'),
	(1552618568463118337, 1551748948868157442, 1, '1', '18111111111', NULL, 1, 2, 3, '1', NULL, 0, 0, '2023-02-24 19:34:48', '2023-02-24 19:34:48'),
	(1552618929739493377, 1551748948868157442, 1, '1', '18111111111', NULL, 1, 2, 3, '1', NULL, 0, 0, '2023-02-24 19:36:14', '2023-02-24 19:36:14'),
	(1552619057883869185, 1551748948868157442, 2, '2', '18222222222', NULL, 1, 2, 3, '222', NULL, 0, 0, '2023-02-24 19:36:44', '2023-02-24 19:36:44'),
	(1552619718860042241, 1551748948868157442, 1, '1', '18111111111', NULL, 1, 2, 3, '1', NULL, 0, 0, '2023-02-24 19:39:22', '2023-02-24 19:39:22'),
	(1552619979611533313, 1551748948868157442, 1, '1', '18111111111', NULL, 1, 2, 3, '1', NULL, 0, 0, '2023-02-24 19:40:24', '2023-02-24 19:40:24'),
	(1552620380268228609, 1551748948868157442, 1, '1', '18111111111', NULL, 1, 2, 3, '1', NULL, 0, 0, '2023-02-24 19:42:00', '2023-02-24 19:42:00'),
	(1552620462329786370, 1551748948868157442, 2, '2', '18222222222', NULL, 1, 2, 3, '2', NULL, 0, 0, '2023-02-24 19:42:19', '2023-02-24 19:42:19'),
	(1552623513006469122, 1551748948868157442, 1, '1', '18111111111', NULL, 1, 2, 3, '1', NULL, 0, 0, '2023-02-24 19:54:27', '2023-02-24 19:54:27'),
	(1552625750667653122, 1551748948868157442, 1, '2', '18222222222', NULL, 1, 2, 3, '2', NULL, 0, 0, '2023-02-24 20:03:20', '2023-02-24 20:03:20'),
	(1552626069329899521, 1551748948868157442, 1, '1', '18111111111', NULL, 1, 2, 3, '1', NULL, 0, 0, '2023-02-24 20:04:36', '2023-02-24 20:04:36'),
	(1552626442807504897, 1551748948868157442, 1, '1', '18111111111', NULL, 1, 2, 3, '1', NULL, 0, 0, '2023-02-24 20:06:05', '2023-02-24 20:06:05'),
	(1552626763684343809, 1551748948868157442, 1, '1', '18111111111', NULL, 1, 2, 3, '1', NULL, 0, 0, '2023-02-24 20:07:22', '2023-02-24 20:07:22'),
	(1552626825042817026, 1551748948868157442, 2, '2', '18222222222', NULL, 1, 2, 3, '2', NULL, 0, 0, '2023-02-24 20:07:36', '2023-02-24 20:07:36'),
	(1552627315084324865, 1551748948868157442, 1, '1', '18111111111', NULL, 1, 2, 3, '1', NULL, 0, 0, '2023-02-24 20:09:33', '2023-02-24 20:09:33'),
	(1552627384500056065, 1551748948868157442, 2, '23', '18222222222', NULL, 1, 2, 3, '23', NULL, 0, 0, '2023-02-24 20:09:50', '2023-02-24 20:16:52'),
	(1552627604134785026, 1551748948868157442, 1, '3', '18333333333', NULL, 1, 2, 3, '3', NULL, 0, 0, '2023-02-24 20:10:42', '2023-02-24 20:10:42'),
	(1552628314763128833, 1551748948868157442, 1, '16', '18111111111', NULL, 1, 2, 3, '16', NULL, 0, 0, '2023-02-24 20:13:31', '2023-02-24 20:17:03'),
	(1552629781913890817, 1551748948868157442, 1, '1', '18111111111', NULL, 1, 2, 3, '1', NULL, 0, 0, '2023-02-24 20:19:21', '2023-02-24 20:19:21'),
	(1552629822040797185, 1551748948868157442, 2, '2', '18222222222', NULL, 1, 2, 3, '2', NULL, 0, 0, '2023-02-24 20:19:31', '2023-02-24 20:19:31'),
	(1552630136030588929, 1551748948868157442, 1, '1234', '18111111111', NULL, 1, 2, 3, '123', NULL, 0, 0, '2023-02-24 20:20:46', '2023-02-24 21:40:16'),
	(1552630181962412033, 1551748948868157442, 2, '1234', '18111111111', NULL, 1, 2, 3, '1234567', NULL, 0, 0, '2023-02-24 20:20:57', '2023-02-24 21:00:28'),
	(1554759484892975106, 1554720814588694530, 1, '李方华', '17710608230', NULL, 1, 2, 4498, '南环东路', NULL, 0, 0, '2023-02-24 17:22:02', '2023-02-24 18:49:21'),
	(1554778638215745537, 1553952095960002562, 1, '在', '14452824442', NULL, 1, 2, 3, '这', NULL, 0, 0, '2023-02-24 18:38:08', '2023-02-24 18:38:08'),
	(1554785415963545602, 1553952095960002562, 1, 'Lee', '17303493551', NULL, 115224, 115225, 115612, '佳苑庄园', NULL, 0, 1, '2023-02-24 19:05:04', '2023-02-24 10:25:38'),
	(1554785510880645122, 1553952095960002562, 2, '王小兵', '17303493551', NULL, 1, 2, 4498, '西二旗地铁站', NULL, 0, 1, '2023-02-24 19:05:27', '2023-02-24 16:01:17'),
	(1554788214453506050, 1554720814588694530, 2, '吕杉', '17712345678', NULL, 1, 2, 3, '金燕龙信息楼', NULL, 0, 0, '2023-02-24 19:16:12', '2023-02-24 10:11:48'),
	(1555017690206638081, 1554785245020491777, 2, '李准基', '13658251236', NULL, 420824, 420825, 421400, '平安苑经济效益嘻嘻我婆婆ins吗我一厢情愿一生一世', NULL, 0, 1, '2023-02-24 10:28:03', '2023-02-24 15:29:34'),
	(1555110536301449218, 1554720814588694530, 1, '李方华', '17712364567', NULL, 1, 2, 1692, '随便地址', NULL, 0, 0, '2023-02-24 16:36:59', '2023-02-24 16:36:59'),
	(1555141317308649474, 1554785245020491777, 2, '惠转转', '18500557662', NULL, 115224, 115225, 115612, '星汉体育中心迥异中小企业送命剃头公公', NULL, 0, 1, '2023-02-24 18:39:18', '2023-02-24 15:29:05'),
	(1556490232377315330, 1555460190562095106, 1, '一屋不扫', '13111333311', NULL, 1, 2, 5042, '固安站', NULL, 0, 0, '2023-02-24 11:59:24', '2023-02-24 17:17:38'),
	(1556490372492234753, 1555460190562095106, 2, '亚龙湾大大王', '13146588541', NULL, 1, 2, 3927, '顺义机场', NULL, 0, 0, '2023-02-24 11:59:58', '2023-02-24 14:11:17'),
	(1556561704517046274, 1555111869746188289, 2, '哈哈哈', '18500077733', NULL, 1, 2, 1692, '西二旗', NULL, 0, 0, '2023-02-24 16:43:25', '2023-02-24 16:43:25'),
	(1556561790823239681, 1555111869746188289, 2, '哈哈哈', '18500077733', NULL, 1, 2, 1692, '西二旗', NULL, 0, 0, '2023-02-24 16:43:45', '2023-02-24 16:43:45'),
	(1556804412221362178, 1555460190562095106, 2, '红孩儿    ', '13111333311', NULL, 646578, 646579, 647486, '曲江银泰城隔壁大雁塔二楼隔断', NULL, 0, 1, '2023-02-24 08:47:51', '2023-02-24 12:48:04'),
	(1556842056015876098, 1556841672975257601, 1, '绿山', '18977778888', NULL, 1, 2, 1692, '金艳龙', NULL, 0, 1, '2023-02-24 11:17:26', '2023-02-24 11:19:08'),
	(1556842304465473537, 1556841672975257601, 2, '李大龙', '17710608230', NULL, 161792, 161793, 161794, '东方明珠', NULL, 0, 1, '2023-02-24 11:18:25', '2023-02-24 11:18:25'),
	(1556851612309721089, 1555460190562095106, 2, '会转圈', '13164615751', NULL, 1, 2, 4498, '瑞旗家园小区门口', NULL, 0, 1, '2023-02-24 11:55:24', '2023-02-24 17:52:19'),
	(1556865056320720898, 1555460190562095106, 2, '青鸾', '18857649238', NULL, 1, 2, 1692, '建材城西路金燕龙办公楼五楼西侧隔断', NULL, 0, 1, '2023-02-24 12:48:49', '2023-02-24 09:36:42'),
	(1556942891404169217, 1555460190562095106, 2, '初九', '17710608230', NULL, 646578, 646579, 647486, '钟楼门口西安饭店', NULL, 0, 1, '2023-02-24 17:58:07', '2023-02-24 14:40:36'),
	(1556947969515130882, 1553952095960002562, 2, 'Lee', '17710608230', NULL, 714390, 714391, 714392, 'Hh', NULL, 0, 1, '2023-02-24 18:18:17', '2023-02-24 16:18:49'),
	(1556965716307415042, 1556965394532995074, 1, '魏先生', '13512345678', NULL, 1, 2, 1692, '建材城西路11号', NULL, 0, 1, '2023-02-24 19:28:48', '2023-02-24 19:28:48'),
	(1556965997669715969, 1556965394532995074, 2, '张先生', '13587654321', NULL, 161792, 161793, 165026, '潍坊街道源竹小区2号楼', NULL, 0, 1, '2023-02-24 19:29:56', '2023-02-24 17:18:43'),
	(1556973476759670785, 1556965394532995074, 2, '李先生', '13598765432', NULL, 161792, 161793, 165026, '光明大厦126', NULL, 0, 1, '2023-02-24 19:59:39', '2023-02-24 19:59:39'),
	(1557193897220734977, 1557193495024730113, 1, '丸子', '18435748448', NULL, 1, 2, 4498, '旗胜家园北区1号楼一单元101', NULL, 0, 0, '2023-02-24 10:35:31', '2023-02-24 10:35:31'),
	(1557194215836844034, 1557193495024730113, 2, 'CC', '13200000000', NULL, 1, 2, 480, '安贞西里三区三号楼三单元303', NULL, 0, 0, '2023-02-24 10:36:47', '2023-02-24 10:36:47'),
	(1557283605758050305, 1555460190562095106, 2, '惠二哥', '13434379899', NULL, 1, 2, 5042, '潍坊医学院', NULL, 0, 0, '2023-02-24 16:31:59', '2023-02-24 17:10:24'),
	(1557540893500604417, 1555110960890843137, 1, '张三', '15812345678', NULL, 161792, 161793, 165026, '罗山绿洲别墅', NULL, 0, 1, '2023-02-24 09:34:21', '2023-02-24 09:34:21'),
	(1557676699921227778, 1555111887869775874, 1, '加进来了', '15326389522', NULL, 1, 2, 3, '我哦迷宫哦噜啦啦噜啦啦', NULL, 0, 0, '2023-02-24 18:34:00', '2023-02-24 18:34:00'),
	(1557676797891780610, 1555111887869775874, 2, '得得得', '15369852411', NULL, 1, 2, 1533, '我考虑考虑突突突', NULL, 0, 0, '2023-02-24 18:34:24', '2023-02-24 18:34:24'),
	(1557993754306355201, 1557993052477661186, 1, '张三', '15888000000', NULL, 1, 2, 4498, '金燕龙', NULL, 0, 1, '2023-02-24 15:33:52', '2023-02-24 15:54:01'),
	(1557994132519329794, 1557993052477661186, 2, '李四', '13233369691', NULL, 1, 161793, 165026, '迪士尼', NULL, 1, 1, '2023-02-24 15:35:22', '2023-02-24 18:25:36'),
	(1557997797632188417, 1551748948868157442, 1, '22', '18222222222', NULL, 1, 2, 3, '22', NULL, 0, 0, '2023-02-24 15:49:56', '2023-02-24 15:49:56'),
	(1557999419577933826, 1551748948868157442, 2, '我是SEI', '18578936541', NULL, 1, 2, 3, '1', NULL, 0, 0, '2023-02-24 15:56:23', '2023-02-24 15:56:23'),
	(1560108339129819137, 1554720814588694530, 2, '李方华', '17710608230', NULL, 1, 2, 4498, '金燕龙写字楼', NULL, 0, 0, '2023-02-24 11:36:28', '2023-02-24 11:36:28'),
	(1560111725367599106, 1551748948868157442, 2, '黄瓜', '17710608230', NULL, 1, 2, 4498, '金燕龙写字楼', NULL, 0, 0, '2023-02-24 11:49:55', '2023-02-24 11:49:55'),
	(1560111907886931969, 1554720814588694530, 1, '李方华', '17710608230', NULL, 1, 2, 4498, '金燕龙写字楼', NULL, 0, 0, '2023-02-24 11:50:39', '2023-02-24 11:50:39'),
	(1560113016823160834, 1553952095960002562, 2, 'A', '14497425882', NULL, 714368, 714369, 714372, '兰桂坊', NULL, 0, 1, '2023-02-24 11:55:03', '2023-02-24 15:33:52'),
	(1560113111085948929, 1554720814588694530, 2, '李方华', '17710608230', NULL, 1, 2, 4498, '白洋淀', NULL, 0, 0, '2023-02-24 11:55:26', '2023-02-24 17:13:22'),
	(1560138625339170818, 1560092039510827010, 1, '吴雪', '17710790511', NULL, 1, 2, 4498, '金燕龙写字楼4楼', NULL, 0, 0, '2023-02-24 13:36:49', '2023-02-24 13:36:49'),
	(1560153414522183681, 1556965394532995074, 2, '惠女生', '13112345678', NULL, 1, 2, 1692, '金燕龙大厦', NULL, 0, 1, '2023-02-24 14:35:35', '2023-02-24 14:35:35'),
	(1560156201851101185, 1560092039510827010, 1, '吴雪', '17710790514', NULL, 1, 2, 4498, '金燕龙科研楼', NULL, 0, 0, '2023-02-24 14:46:39', '2023-02-24 14:46:39'),
	(1560162140431917058, 1560092039510827010, 2, '李四', '15233310931', NULL, 1, 2, 3324, '土桥地铁站', NULL, 0, 0, '2023-02-24 15:10:15', '2023-02-24 15:10:15'),
	(1560191494633365506, 1551748948868157442, 2, '小文', '18539222222', NULL, 1, 2, 4498, '金燕龙', NULL, 0, 1, '2023-02-24 17:06:54', '2023-02-24 16:21:24'),
	(1560192429816356865, 1551748948868157442, 2, '收啊', '18111111111', NULL, 161792, 161793, 165026, '迪士尼', NULL, 0, 1, '2023-02-24 17:10:37', '2023-02-24 10:16:06'),
	(1560192790392283138, 1554720814588694530, 2, '周杰伦', '13345675665', NULL, 13267, 18128, 18130, '北京西站', NULL, 0, 0, '2023-02-24 17:12:03', '2023-02-24 17:12:03'),
	(1560193037948493825, 1551748948868157442, 2, '1', '18222222222', NULL, 1, 2, 3, '123', NULL, 0, 1, '2023-02-24 17:13:02', '2023-02-24 17:13:34'),
	(1560194412958785538, 1555460190562095106, 2, '就好', '13146164859', NULL, 1, 2, 5042, '大兴机场', NULL, 0, 1, '2023-02-24 17:18:30', '2023-02-24 18:07:26'),
	(1560212835705102338, 1554720814588694530, 2, '李方华', '17710608230', NULL, 1, 2, 4498, '金燕龙写字楼', NULL, 0, 1, '2023-02-24 18:31:42', '2023-02-24 16:05:55'),
	(1560213499151720450, 1554720814588694530, 2, '李方华', '17710608230', NULL, 1, 2, 4498, '金燕龙写字楼', NULL, 0, 0, '2023-02-24 18:34:20', '2023-02-24 18:34:20'),
	(1560533478514434050, 1554720814588694530, 2, '詹姆斯', '17710608230', NULL, 115224, 115225, 115612, '佳苑庄园', NULL, 0, 1, '2023-02-24 15:45:49', '2023-02-24 16:30:06'),
	(1561622245836922882, 1553952095960002562, 2, 'Leon', '17308251485', NULL, 420824, 420825, 420996, '金色雅园', NULL, 0, 1, '2023-02-24 15:52:12', '2023-02-24 10:24:48'),
	(1562369089307222017, 1560092039510827010, 2, '吴雪', '17710790514', NULL, 1, 2, 4498, '金燕龙大厦', NULL, 0, 1, '2023-02-24 17:19:53', '2023-02-24 17:19:53'),
	(1562370231923712002, 1560092039510827010, 1, '谢金龙', '15215555121', NULL, 145665, 145666, 146399, '普罗旺斯薰衣草庄园', NULL, 0, 0, '2023-02-24 17:24:25', '2023-02-24 16:03:30'),
	(1562370436182122498, 1560092039510827010, 2, '吴雪', '17710790514', NULL, 145665, 145666, 146399, '东北农业大学', NULL, 0, 0, '2023-02-24 17:25:14', '2023-02-24 15:13:46'),
	(1563103314838888450, 1563101182916108289, 1, '一一', '13146661606', NULL, 1, 2, 1122, '蒲黄榆三里三号楼三单元303', NULL, 0, 0, '2023-02-24 17:57:26', '2023-02-24 17:57:26'),
	(1563103553327013889, 1563101182916108289, 2, '完完', '13146661606', NULL, 1, 2, 1692, '建材城西路瑞幸', NULL, 0, 0, '2023-02-24 17:58:23', '2023-02-24 17:58:23'),
	(1563105022482653185, 1563101182916108289, 1, '一一', '13146661606', NULL, 1, 2, 3, '安乐林路14号', NULL, 0, 0, '2023-02-24 18:04:13', '2023-02-24 18:04:45'),
	(1563105113188671489, 1563101182916108289, 2, '完完', '13146661606', NULL, 1, 2, 3, '安乐林路15号', NULL, 0, 0, '2023-02-24 18:04:35', '2023-02-24 18:04:55'),
	(1563116554692141058, 1555111887869775874, 2, '小胖子', '15200000001', NULL, 161792, 161793, 165026, '潍坊区光明大厦', NULL, 0, 1, '2023-02-24 18:50:03', '2023-02-24 17:51:54'),
	(1563116775979425793, 1555111887869775874, 2, '小瘦子', '15200000002', NULL, 1, 2, 4498, '北京市昌平区育新花园', NULL, 0, 1, '2023-02-24 18:50:55', '2023-02-24 09:21:44'),
	(1563470707696148481, 1563101182916108289, 2, '一一', '18811579601', NULL, 1, 2, 3, '安乐林路11号', NULL, 0, 1, '2023-02-24 18:17:19', '2023-02-24 18:17:19'),
	(1563472871684382722, 1563101182916108289, 2, '完完', '13146661606', NULL, 161792, 161793, 165026, '迪士尼游乐园', NULL, 0, 0, '2023-02-24 18:25:55', '2023-02-24 18:25:55'),
	(1565533664835870722, 1555111887869775874, 2, '大高个', '15233333333', NULL, 1, 2, 4498, '金燕龙办公楼', NULL, 0, 1, '2023-02-24 10:54:47', '2023-02-24 14:06:14'),
	(1567030783153348609, 1554720814588694530, 2, '韦德', '17710601230', NULL, 115224, 115225, 115612, '星汉体育中心', NULL, 0, 1, '2023-02-24 14:03:47', '2023-02-24 14:25:34'),
	(1572045882079387650, 1551748948868157442, 2, '2', '18888888888', NULL, 1, 2, 3, '2', NULL, 0, 1, '2023-02-24 10:12:00', '2023-02-24 10:12:00'),
	(1572045967043403777, 1551748948868157442, 2, '3', '18333333333', NULL, 7362, 7363, 7364, '4', NULL, 0, 1, '2023-02-24 10:12:20', '2023-02-24 10:12:20'),
	(1572046051684458498, 1551748948868157442, 2, '5', '18555555555', NULL, 1, 2, 3, '5', NULL, 0, 1, '2023-02-24 10:12:41', '2023-02-24 10:12:41'),
	(1572065661339115522, 1551748948868157442, 2, '6', '18666666666', NULL, 1, 2, 3, '6', NULL, 0, 1, '2023-02-24 11:30:36', '2023-02-24 11:30:36'),
	(1572066173660766210, 1551748948868157442, 2, '77', '18777777777', NULL, 1, 2, 3, '7', NULL, 0, 1, '2023-02-24 11:32:38', '2023-02-24 11:42:09'),
	(1572066260843569154, 1551748948868157442, 2, '88', '18888888888', NULL, 1, 2, 3, '8', NULL, 0, 1, '2023-02-24 11:32:59', '2023-02-24 11:41:55'),
	(1572068628851138562, 1551748948868157442, 1, '999', '18999999999', NULL, 1, 2, 3, '9', NULL, 0, 1, '2023-02-24 11:42:23', '2023-02-24 11:47:12'),
	(1572120471677509633, 1555460190562095106, 2, '难道你是', '13146661606', NULL, 1, 2, 4498, '天通苑', NULL, 0, 1, '2023-02-24 15:08:24', '2023-02-24 15:08:24'),
	(1572121145526001665, 1555460190562095106, 2, '哈哈', '13146661606', NULL, 1, 2, 4498, '沙河', NULL, 1, 1, '2023-02-24 15:11:04', '2023-02-24 14:58:30'),
	(1572407872463380481, 1551748948868157442, 2, '广州的人1', '18111111111', NULL, 161792, 161793, 161794, '123', NULL, 0, 1, '2023-02-24 10:10:25', '2023-02-24 16:33:04'),
	(1572408042211057666, 1551748948868157442, 2, '深圳的人', '18777777777', NULL, 452123, 452124, 452126, '123', NULL, 0, 1, '2023-02-24 10:11:06', '2023-02-24 21:46:51'),
	(1572423836038930433, 1554720814588694530, 2, '王顺义', '13344556666', NULL, 1, 2, 4498, '北京体育大学', NULL, 0, 1, '2023-02-24 11:13:51', '2023-02-24 14:21:35'),
	(1572583911567204353, 1551748948868157442, 2, '亚瑟', '18111111111', NULL, 115224, 115225, 115612, '佳苑庄园', NULL, 0, 1, '2023-02-24 21:49:56', '2023-02-24 15:24:16'),
	(1573136394668548098, 1551748948868157442, 2, '寄件的人1', '18111111111', NULL, 115224, 115225, 115227, '天河家园我爱你亲爱的祖国一刻也不能分割啊啊啊啊啊啊啊啊啊啊啊啊啊', NULL, 0, 1, '2023-02-24 10:25:19', '2023-02-24 17:38:20'),
	(1573137051190370306, 1551748948868157442, 2, '收件的人1', '18777777777', NULL, 115224, 115225, 115227, '忠旺小区', NULL, 1, 1, '2023-02-24 10:27:55', '2023-02-24 15:30:03'),
	(1574319839339945986, 1560092039510827010, 1, '李三炮', '13215341182', NULL, 115224, 115225, 115612, '花园2', NULL, 0, 1, '2023-02-24 16:47:54', '2023-02-24 17:12:32'),
	(1574321336354152449, 1555111869746188289, 2, '李双江', '15213211543', NULL, 483250, 483251, 483252, '花园小区', NULL, 0, 0, '2023-02-24 16:53:51', '2023-02-24 16:53:51'),
	(1574321345388683265, 1555111869746188289, 2, '李双江', '15213211543', NULL, 483250, 483251, 483252, '花园小区', NULL, 0, 0, '2023-02-24 16:53:53', '2023-02-24 16:53:53'),
	(1574321574443819009, 1555111869746188289, 2, '李双江', '15214255326', NULL, 483250, 483251, 483252, '产业化', NULL, 0, 0, '2023-02-24 16:54:47', '2023-02-24 16:54:47'),
	(1574324656804274177, 1560092039510827010, 1, '张三', '17713452152', NULL, 145665, 145666, 146399, '丁香科技', NULL, 0, 0, '2023-02-24 17:07:02', '2023-02-24 17:07:02'),
	(1574324739016826881, 1555111869746188289, 2, 'hui uu', '18500557662', NULL, 7362, 7363, 483252, '哼哼唧唧', NULL, 0, 0, '2023-02-24 17:07:22', '2023-02-24 17:07:22'),
	(1574324767185772545, 1554720814588694530, 2, '我也', '13522223333', NULL, 67747, 69390, 67921, '莫莫莫', NULL, 0, 0, '2023-02-24 17:07:29', '2023-02-24 17:07:29'),
	(1574324988091375617, 1554720814588694530, 2, '哈佛', '13533325393', NULL, 67747, 69390, 69546, '摸摸摸摸', NULL, 0, 0, '2023-02-24 17:08:21', '2023-02-24 17:08:21'),
	(1574325001462816769, 1554720814588694530, 2, '哈佛', '13533325393', NULL, 67747, 69390, 69546, '摸摸摸摸', NULL, 0, 0, '2023-02-24 17:08:25', '2023-02-24 17:08:25'),
	(1574325475716964354, 1560092039510827010, 1, '张三', '13215421133', NULL, 145665, 145666, 146399, '啦啦', NULL, 0, 0, '2023-02-24 17:10:18', '2023-02-24 17:10:18'),
	(1574326714093608962, 1554785245020491777, 1, '发咯', '15214253316', NULL, 483250, 483251, 483252, '画院', NULL, 0, 0, '2023-02-24 17:15:13', '2023-02-24 17:15:13'),
	(1574327149495918594, 1551748948868157442, 2, '澜1', '18111111111', NULL, 420824, 420825, 421122, '金色雅园12312312大法师法师法师法法师法师法师法师法师法师', NULL, 0, 1, '2023-02-24 17:16:57', '2023-02-24 10:23:25'),
	(1574329202804858882, 1560092039510827010, 2, '吴三', '13215411561', NULL, 115224, 115225, 115612, '华楼', NULL, 0, 0, '2023-02-24 17:25:06', '2023-02-24 17:25:06'),
	(1574329601754472449, 1560092039510827010, 2, '李三', '13611427561', NULL, 145665, 145666, 146399, '幸福镇', NULL, 0, 0, '2023-02-24 17:26:41', '2023-02-24 17:26:41'),
	(1574329808210698241, 1560092039510827010, 2, '李三', '15211321534', NULL, 145665, 145666, 146399, '幸福镇', NULL, 0, 1, '2023-02-24 17:27:31', '2023-02-24 17:27:31'),
	(1574335951775539202, 1560092039510827010, 2, '李四', '13211521372', NULL, 145665, 145666, 146399, '花园1号', NULL, 0, 0, '2023-02-24 17:51:55', '2023-02-24 17:51:55'),
	(1574585143919976450, 1554720814588694530, 2, '老李', '17710608230', NULL, 115224, 115225, 115227, '新加坡城哦哦哦哦哦哦哦得得得得得得得得得哦哦哦哦摸摸摸呃呃呃额额得', NULL, 0, 1, '2023-02-24 10:22:07', '2023-02-24 15:41:58'),
	(1574646408616943617, 1554720814588694530, 2, '摸摸', '17700006666', NULL, 13267, 32688, 32689, '摸摸', NULL, 0, 0, '2023-02-24 14:25:34', '2023-02-24 14:25:34'),
	(1574702850648645633, 1574702328009007106, 1, '哈哈', '13245612451', NULL, 1, 2, 4498, '西二旗', NULL, 0, 1, '2023-02-24 18:09:51', '2023-02-24 18:12:40'),
	(1574702946131976194, 1574702328009007106, 2, '哈哈哈哈', '13249999999', NULL, 1, 2, 4498, '中关村公园', NULL, 0, 1, '2023-02-24 18:10:14', '2023-02-24 18:14:51'),
	(1575372847481954305, 1555111869746188289, 1, '阿圈', '18500557662', NULL, 545532, 545533, 545669, '青羊总部基地', NULL, 0, 1, '2023-02-24 14:32:11', '2023-02-24 10:15:13'),
	(1575373150142930946, 1555111869746188289, 2, '小溪', '18600914562', NULL, 545532, 545533, 545669, '青羊工业总部基地5号楼', NULL, 0, 1, '2023-02-24 14:33:23', '2023-02-24 09:23:47'),
	(1575391707392188417, 1554720814588694530, 2, '武昌收件人', '17710608230', NULL, 420824, 420825, 421400, '东亭小区', NULL, 0, 1, '2023-02-24 15:47:07', '2023-02-24 16:20:55'),
	(1575681460301799425, 1555110960890843137, 1, '李成百', '15812357412', NULL, 545532, 545533, 545669, '光华大道一段1666号', NULL, 0, 1, '2023-02-24 10:58:30', '2023-02-24 11:31:40'),
	(1575682056178180097, 1555110960890843137, 2, '吴思涵', '15645237852', NULL, 545532, 545533, 545763, '西华大道16号', NULL, 0, 1, '2023-02-24 11:00:52', '2023-02-24 11:26:26'),
	(1575763704869625857, 1555110960890843137, 2, '邓诗涵', '15745678521', NULL, 545532, 545533, 545669, '光华大道一段1666号', NULL, 0, 1, '2023-02-24 16:25:18', '2023-02-24 16:25:18'),
	(1575764760030683137, 1554720814588694530, 2, '汉江收件人', '17710608230', NULL, 420824, 420825, 420996, '金色雅园', NULL, 0, 1, '2023-02-24 16:29:30', '2023-02-24 16:29:41'),
	(1579401560783659009, 1555111869746188289, 2, '阿惠后', '18500557885', NULL, 545532, 545533, 545669, '青羊工业总部', NULL, 0, 0, '2023-02-24 17:20:51', '2023-02-24 17:21:37'),
	(1581898107878449154, 1555460190562095106, 2, '见', '13146661606', NULL, 420824, 420825, 420827, '江干大厦', NULL, 0, 1, '2023-02-24 14:41:14', '2023-02-24 14:41:14'),
	(1588454544735719426, 1588454296562946050, 1, '乾隆', '15896123654', NULL, 1, 2, 4498, '三旗百汇', NULL, 0, 1, '2023-02-24 16:54:10', '2023-02-24 16:54:41'),
	(1588454639162085377, 1588454296562946050, 2, '我', '18654212314', NULL, 1, 2, 4498, '西三旗', NULL, 0, 1, '2023-02-24 16:54:33', '2023-02-24 16:54:33'),
	(1589889186181402625, 1554720814588694530, 2, '李', '17710608888', NULL, 1, 2, 1533, '摸', NULL, 1, 0, '2023-02-24 15:54:55', '2023-02-24 16:04:09'),
	(1590164100507488257, 1588454296562946050, 2, '嬴政', '18565161231', NULL, 646578, 652581, 652583, '阿房宫', NULL, 1, 1, '2023-02-24 10:07:20', '2023-02-24 10:07:20'),
	(1590587449528274946, 1555110960890843137, 2, '吕奉先', '18512345678', NULL, 161792, 161793, 165026, '上海迪士尼度假区', NULL, 1, 1, '2023-02-24 14:09:34', '2023-02-24 14:09:34'),
	(1610981586436898818, 1556965394532995074, 1, '张同学', '13512345678', NULL, 115224, 115225, 115612, '城建北尚社区19号楼', NULL, 1, 1, '2023-02-24 20:48:35', '2023-02-24 20:48:35'),
	(1610981854947852290, 1556965394532995074, 2, '王同学', '13587654321', NULL, 420824, 420825, 421400, '楚天传媒大厦三层302', NULL, 0, 1, '2023-02-24 20:49:39', '2023-02-24 20:49:39');

-- 导出  表 sl_users.sl_member 结构
CREATE TABLE IF NOT EXISTS `sl_member` (
  `id` bigint NOT NULL COMMENT 'id',
  `auth_id` varchar(255) DEFAULT NULL COMMENT '统一认证id',
  `id_card_no` varchar(20) DEFAULT NULL COMMENT '身份证号',
  `id_card_no_verify` tinyint(1) NOT NULL DEFAULT '0' COMMENT '身份证号是否验证0：未验证 1：验证通过 2：验证未通过',
  `phone` varchar(20) DEFAULT NULL COMMENT '手机号',
  `name` varchar(200) DEFAULT NULL COMMENT '名称',
  `avatar` varchar(200) DEFAULT NULL COMMENT '头像',
  `open_id` varchar(200) DEFAULT NULL COMMENT '微信openID',
  `sex` tinyint DEFAULT NULL COMMENT '性别 1-男，0-女',
  `birthday` varchar(200) DEFAULT NULL COMMENT '生日',
  `created` datetime DEFAULT NULL COMMENT '创建时间',
  `updated` datetime DEFAULT NULL COMMENT '更新时间',
  PRIMARY KEY (`id`) USING BTREE,
  KEY `auth_id` (`auth_id`) USING BTREE
) ENGINE=InnoDB DEFAULT CHARSET=utf8mb4 COLLATE=utf8mb4_0900_ai_ci ROW_FORMAT=DYNAMIC COMMENT='用户表';

-- 正在导出表  sl_users.sl_member 的数据：~18 rows (大约)
INSERT INTO `sl_member` (`id`, `auth_id`, `id_card_no`, `id_card_no_verify`, `phone`, `name`, `avatar`, `open_id`, `sex`, `birthday`, `created`, `updated`) VALUES
	(12323432453466712, '3631871497998336', '412825198703173210', 1, '17712345678', '测试1', NULL, 'otdlR4yqCSxTWQkKfUCa-9n5FCGg1', NULL, NULL, '2022-05-03 14:56:07', '2022-05-03 14:56:07'),
	(1551748948868157442, 'o5PB1s00fdOOMmr7Ox9Qj1pQWiqE', NULL, 0, '17712345678', '文强', NULL, 'otdlR4yqCSxTWQkKfUCa-9n5FCGg', 0, '2022-12-29', '2022-12-29 11:20:58', '2023-01-03 17:10:21'),
	(1553952095960002562, 'o5PB1s3uqjbev0dGlz-CCqGzkaBw', NULL, 0, '17712345678', NULL, NULL, 'otdlR415vSCFYO8qy9JuSzBJj__Q', NULL, NULL, '2022-12-29 14:58:51', '2022-12-29 15:00:35'),
	(1554410301442953218, 'o5PB1s_73EIWizu40GFE34xTBW-E', NULL, 0, '17710790514', NULL, NULL, 'otdlR4yj88TXiyGD2bWUr-WX4cQw', NULL, NULL, '2022-08-18 10:31:42', '2022-08-18 10:31:42'),
	(1554785245020491777, 'o5PB1sywKd0ZW5PlkEBQzIhn8rxA', '412825198703173210', 1, '17712345678', '王静', NULL, 'otdlR49pSD4gqNLQTJawO4srzivs', 1, '2022-08-09', '2022-08-03 19:04:24', '2022-10-12 17:27:42'),
	(1555110960890843137, 'o5PB1syXBBogG1oTk8ZYyzXp0itA', NULL, 1, '17712345678', NULL, NULL, 'otdlR4wpIOfzTbSZ-XKutSWh_MDI', NULL, NULL, '2022-08-04 16:38:40', '2022-08-04 16:38:40'),
	(1555111869746188289, 'o5PB1s3vjZoOgZJ6wG7Ti0sJ9gpc', '412825198703173210', 1, '17712345678', '惠转转', NULL, 'otdlR431A3uneHR0NAAN9CQvRHSg', 0, '2024-02-06', '2022-08-04 16:42:17', '2022-09-06 15:12:12'),
	(1555111887869775874, 'o5PB1s6Ws54MvS8454FVX4GmstVE', NULL, 1, '17712345678', NULL, NULL, 'otdlR42bc9VCXYcAJh6BCdlPYQhw', NULL, NULL, '2022-08-04 16:42:21', '2022-08-04 16:42:21'),
	(1555460190562095106, 'o5PB1s5D55P6XGbn6vPvo0o8u5FE', NULL, 1, '17712345678', NULL, NULL, 'otdlR4yXoAPXEt-L-VJINVFUHZ3o', 0, '1981-12-29', '2022-08-05 15:46:23', '2023-01-05 21:41:15'),
	(1556841672975257601, 'o5PB1s2MQWQ0sUZty9-hn2vRLEGc', NULL, 1, '17712345678', NULL, NULL, 'otdlR4wc2odZPMaq05H6WHQ4U6uU', NULL, NULL, '2022-08-09 11:15:54', '2022-08-09 11:15:54'),
	(1556965394532995074, 'o5PB1s9PZPHjaknBwy7-d0pgQ7f0', '412825198703173210', 1, '17712345678', '魏帅鸣', NULL, 'otdlR4x1Ey_cUlQMc9kDCNddR7Wk', NULL, NULL, '2022-08-09 19:27:32', '2022-08-09 19:28:08'),
	(1557193495024730113, 'o5PB1s1oYTz5S6ismO8PG-fQufAw', NULL, 0, '17712345678', NULL, NULL, 'otdlR4031kgo_LQvtGmlRb2CvWsY', NULL, NULL, '2022-08-10 10:33:55', '2022-08-10 10:33:55'),
	(1557993052477661186, 'o5PB1s9sjBCFgxG4-XtSxcxc5RzA', '412825198703173210', 1, '17712345678', '张志君', NULL, 'otdlR4-_lwB7M_49Gh6RcJCJHMrE', NULL, NULL, '2022-08-12 15:31:04', '2022-08-12 16:21:36'),
	(1561892824708096002, 'o5PB1sycKTQds6ytsBN23a4qkPLw', NULL, 0, '17712345678', NULL, NULL, 'otdlR4wmPc2hIgfLowN8ywkSeFUU', NULL, NULL, '2022-08-23 09:47:23', '2022-08-23 09:47:23'),
	(1563101182916108289, 'o5PB1s_MBdLTg9gfLIYX1MW-_1WU', NULL, 0, '17712345678', NULL, NULL, 'otdlR45wZLlWQ6-K4lcW0bSXNfKc', NULL, NULL, '2022-08-26 17:48:58', '2022-08-26 17:48:58'),
	(1574702328009007106, 'o5PB1syZLpTY9Srz9oj_kl-jPJ4M', NULL, 0, '17712345678', NULL, NULL, 'otdlR4-Z3z9FKGNbiL9dUQ74Ax5I', NULL, NULL, '2022-09-27 18:07:46', '2022-09-27 18:07:46'),
	(1588454296562946050, 'o5PB1s9uwtdMdt7ytUAt1kLHQguo', '412825198703173210', 1, '17712345678', '肖江山', NULL, 'otdlR4_MVNTFAmLlq4awKzaWklHc', 1, NULL, '2022-11-04 16:53:11', '2022-11-04 16:53:38'),
	(1608308357050155010, 'o5PB1s40MY3Ckgy1zb-NQ39solxo', NULL, 0, '17712345678', NULL, NULL, 'otdlR4_Nt2wgdjbhnosYieWs_9Jo', NULL, NULL, '2022-12-29 11:46:08', '2022-12-29 11:46:33');

-- 导出 sl_work 的数据库结构
CREATE DATABASE IF NOT EXISTS `sl_work` /*!40100 DEFAULT CHARACTER SET utf8 */ /*!80016 DEFAULT ENCRYPTION='N' */;
USE `sl_work`;

-- 导出  表 sl_work.sl_pickup_dispatch_task 结构
CREATE TABLE IF NOT EXISTS `sl_pickup_dispatch_task` (
  `id` bigint NOT NULL COMMENT 'id',
  `order_id` bigint NOT NULL COMMENT '关联订单id',
  `task_type` tinyint DEFAULT NULL COMMENT '任务类型，1为取件任务，2为派件任务',
  `status` int DEFAULT NULL COMMENT '任务状态，1为新任务、2为已完成、3为已取消',
  `sign_status` int DEFAULT '0' COMMENT '签收状态(0为未签收, 1为已签收，2为拒收)',
  `assigned_status` tinyint NOT NULL COMMENT '任务分配状态(2已分配3待人工分配)',
  `sign_recipient` tinyint DEFAULT '1' COMMENT '签收人，1本人，2代收',
  `agency_id` bigint NOT NULL COMMENT '网点ID',
  `courier_id` bigint DEFAULT NULL COMMENT '快递员ID',
  `estimated_start_time` datetime DEFAULT NULL COMMENT '预计开始时间',
  `actual_start_time` datetime DEFAULT NULL COMMENT '实际开始时间',
  `estimated_end_time` datetime DEFAULT NULL COMMENT '预计完成时间',
  `actual_end_time` datetime DEFAULT NULL COMMENT '实际完成时间',
  `cancel_time` datetime DEFAULT NULL COMMENT '取消时间',
  `cancel_reason` varchar(50) DEFAULT NULL COMMENT '取消原因',
  `cancel_reason_description` varchar(100) CHARACTER SET utf8 COLLATE utf8_general_ci DEFAULT NULL COMMENT '取消原因具体描述',
  `mark` varchar(50) DEFAULT NULL COMMENT '备注',
  `created` datetime DEFAULT NULL COMMENT '创建时间',
  `updated` datetime DEFAULT NULL COMMENT '更新时间',
  `is_deleted` tinyint DEFAULT '0' COMMENT '删除：0-否，1-是',
  PRIMARY KEY (`id`) USING BTREE,
  KEY `order_id` (`order_id`) USING BTREE,
  KEY `created` (`created`) USING BTREE,
  KEY `task_type` (`task_type`),
  KEY `courier_id` (`courier_id`)
) ENGINE=InnoDB DEFAULT CHARSET=utf8mb4 COLLATE=utf8mb4_0900_ai_ci COMMENT='取件、派件任务信息表';

-- 正在导出表  sl_work.sl_pickup_dispatch_task 的数据：~30 rows (大约)
INSERT INTO `sl_pickup_dispatch_task` (`id`, `order_id`, `task_type`, `status`, `sign_status`, `assigned_status`, `sign_recipient`, `agency_id`, `courier_id`, `estimated_start_time`, `actual_start_time`, `estimated_end_time`, `actual_end_time`, `cancel_time`, `cancel_reason`, `cancel_reason_description`, `mark`, `created`, `updated`, `is_deleted`) VALUES
	(1590519145395056642, 1590519111759921153, 1, 3, 0, 2, 1, 1024985129287809409, 1024988744815617761, '2023-02-24 09:38:00', NULL, '2023-02-24 10:38:00', NULL, '2023-02-24 09:57:48', '2', NULL, NULL, '2023-02-24 09:38:09', '2023-02-24 09:57:49', 0),
	(1590586260907028481, 1590586236289646594, 1, 1, 0, 2, 1, 1024771753995515873, 1024977719693268993, '2023-02-24 14:04:00', NULL, '2023-02-24 15:04:00', NULL, NULL, NULL, NULL, NULL, '2023-02-24 14:04:51', '2023-02-24 14:04:51', 0),
	(1590586382151774209, 1590586360180998146, 1, 1, 0, 2, 1, 1024771753995515873, 1024977719693268993, '2023-02-24 14:05:00', NULL, '2023-02-24 15:05:00', NULL, NULL, NULL, NULL, NULL, '2023-02-24 14:05:20', '2023-02-24 14:05:20', 0),
	(1590587526034944001, 1590587504731062273, 1, 1, 0, 2, 1, 1024771753995515873, 1024977719693268993, '2023-02-24 14:09:00', NULL, '2023-02-24 15:09:00', NULL, NULL, NULL, NULL, NULL, '2023-02-24 14:09:53', '2023-02-24 14:09:53', 0),
	(1593082356354969602, 1593082332471590913, 1, 3, 0, 2, 1, 1024993548853984385, 1024995063794648993, '2023-02-24 11:23:00', NULL, '2023-02-24 12:23:00', NULL, '2023-02-24 10:14:21', '2', NULL, NULL, '2023-02-24 11:23:26', '2023-02-24 10:14:21', 0),
	(1608033993371516930, 1608033961382576130, 1, 1, 0, 2, 1, 1024993548853984385, 1024995063794648993, '2023-02-24 17:35:00', NULL, '2023-02-24 18:35:00', NULL, NULL, NULL, NULL, NULL, '2023-02-24 17:35:54', '2023-02-24 17:35:55', 0),
	(1608062121150087170, 1608062099177144321, 1, 2, 0, 2, 1, 1024985129287809409, 1024988744815617761, '2023-02-24 19:27:00', NULL, '2023-02-24 20:27:00', '2023-02-24 20:30:04', NULL, NULL, NULL, NULL, '2023-02-24 19:27:41', '2023-02-24 20:30:09', 0),
	(1608062193891901441, 1608062169087803393, 1, 2, 0, 2, 1, 1024771753995515873, 1024977621806601633, '2023-02-24 19:27:00', NULL, '2023-02-24 20:27:00', '2023-02-24 10:23:02', NULL, NULL, NULL, NULL, '2023-02-24 19:27:58', '2023-02-24 10:23:02', 0),
	(1608096524899287042, 1608062099177144321, 2, 2, 1, 2, 1, 1024993422324415489, 1024995991193013985, '2023-02-24 21:00:00', NULL, '2023-02-24 22:00:00', '2023-02-24 22:08:52', NULL, NULL, NULL, '系统提示：派件前请于收件人电话联系.', '2023-02-24 21:44:23', '2023-02-24 22:08:52', 0),
	(1608281986226028546, 1608281964609601537, 1, 1, 0, 2, 1, 1024980800111765185, 1024988097613534273, '2023-02-24 10:01:00', NULL, '2023-02-24 11:01:00', NULL, NULL, NULL, NULL, NULL, '2023-02-24 10:01:21', '2023-02-24 10:01:21', 0),
	(1608287489295482881, 1608062169087803393, 2, 2, 2, 2, 1, 1024771753995515873, 1024977621806601633, '2023-02-24 21:00:00', NULL, '2023-02-24 22:00:00', '2023-02-24 10:23:56', NULL, NULL, NULL, '系统提示：派件前请于收件人电话联系.', '2023-02-24 10:23:13', '2023-02-24 10:23:56', 0),
	(1608287717864079361, 1608062169087803393, 2, 2, 1, 2, 1, 1024771753995515873, 1024977719693268993, '2023-02-24 21:00:00', NULL, '2023-02-24 22:00:00', '2023-02-24 10:36:32', NULL, NULL, NULL, '系统提示：派件前请于收件人电话联系.', '2023-02-24 10:24:07', '2023-02-24 10:36:32', 0),
	(1608300723746471938, 1608300700967460865, 1, 1, 0, 2, 1, 1024985129287809409, 1024988744815617761, '2023-02-24 11:15:00', NULL, '2023-02-24 12:15:00', NULL, NULL, NULL, NULL, NULL, '2023-02-24 11:15:48', '2023-02-24 11:15:48', 0),
	(1608355465772236801, 1608355443331399681, 1, 1, 0, 2, 1, 1024993548853984385, 1024995063794648993, '2023-02-24 14:53:00', NULL, '2023-02-24 15:53:00', NULL, NULL, NULL, NULL, NULL, '2023-02-24 14:53:19', '2023-02-24 14:53:19', 0),
	(1608390663201193985, 1608390641246896129, 1, 1, 0, 2, 1, 1024985129287809409, 1024989856838856577, '2023-02-24 17:13:00', NULL, '2023-02-24 18:13:00', NULL, NULL, NULL, NULL, NULL, '2023-02-24 17:13:11', '2023-02-24 17:13:11', 0),
	(1610176526265167873, 1610176498857508866, 1, 1, 0, 2, 1, 1024985129287809409, 1024988744815617761, '2023-02-24 15:29:00', NULL, '2023-02-24 16:29:00', NULL, NULL, NULL, NULL, NULL, '2023-02-24 15:29:33', '2023-02-24 15:29:34', 0),
	(1610183960031473666, 1610183933894688770, 1, 1, 0, 2, 1, 1024985129287809409, 1024989856838856577, '2023-02-24 15:58:00', NULL, '2023-02-24 16:58:00', NULL, NULL, NULL, NULL, NULL, '2023-02-24 15:59:06', '2023-02-24 15:59:06', 0),
	(1610202333486329858, 1610202311891976193, 1, 1, 0, 2, 1, 1024985129287809409, 1024988744815617761, '2023-02-24 17:12:00', NULL, '2023-02-24 18:12:00', NULL, NULL, NULL, NULL, NULL, '2023-02-24 17:12:07', '2023-02-24 17:12:07', 0),
	(1610981994378113025, 1610981971772932097, 1, 1, 0, 2, 1, 1024985129287809409, 1024988744815617761, '2023-02-24 20:50:00', NULL, '2023-02-24 21:50:00', NULL, NULL, NULL, NULL, NULL, '2023-02-24 20:50:13', '2023-02-24 20:50:13', 0),
	(1610982110820380674, 1610982089213444097, 1, 1, 0, 2, 1, 1024985129287809409, 1024989856838856577, '2023-02-24 20:50:00', NULL, '2023-02-24 21:50:00', NULL, NULL, NULL, NULL, NULL, '2023-02-24 20:50:40', '2023-02-24 20:50:40', 0),
	(1612340213339992066, 1612340188700950530, 1, 2, 0, 2, 1, 1024985129287809409, 1024988744815617761, '2023-02-24 14:47:00', NULL, '2023-02-24 15:47:00', '2023-02-24 14:49:54', NULL, NULL, NULL, NULL, '2023-02-24 14:47:17', '2023-02-24 14:49:54', 0),
	(1612340301902721026, 1612340278668771330, 1, 2, 0, 2, 1, 1024985129287809409, 1024989856838856577, '2023-02-24 14:47:00', NULL, '2023-02-24 15:47:00', '2023-02-24 14:49:23', NULL, NULL, NULL, NULL, '2023-02-24 14:47:38', '2023-02-24 14:49:23', 0),
	(1612340389920190465, 1612340365805436929, 1, 2, 0, 2, 1, 1024985129287809409, 1024988744815617761, '2023-02-24 14:47:00', NULL, '2023-02-24 15:47:00', '2023-02-24 14:49:46', NULL, NULL, NULL, NULL, '2023-02-24 14:47:59', '2023-02-24 14:49:46', 0),
	(1612340457029054465, 1612340433413423105, 1, 2, 0, 2, 1, 1024985129287809409, 1024989856838856577, '2023-02-24 14:48:00', NULL, '2023-02-24 15:48:00', '2023-02-24 14:48:21', NULL, NULL, NULL, NULL, '2023-02-24 14:48:15', '2023-02-24 14:48:21', 0),
	(1612347760193122306, 1612340433413423105, 2, 1, 0, 2, 1, 1024993422324415489, 1024995991193013985, '2023-02-24 21:00:00', NULL, '2023-02-24 22:00:00', NULL, NULL, NULL, NULL, '系统提示：派件前请于收件人电话联系.', '2023-02-24 15:17:17', '2023-02-24 15:17:17', 0),
	(1612347926304337921, 1612340278668771330, 2, 2, 2, 2, 1, 1024993422324415489, 1024995991193013985, '2023-02-24 21:00:00', NULL, '2023-02-24 22:00:00', '2023-02-24 15:22:54', NULL, NULL, NULL, '系统提示：派件前请于收件人电话联系.', '2023-02-24 15:17:17', '2023-02-24 15:22:54', 0),
	(1612347930892906498, 1612340365805436929, 2, 2, 1, 2, 1, 1024993422324415489, 1024995991193013985, '2023-02-24 21:00:00', NULL, '2023-02-24 22:00:00', '2023-02-24 15:22:40', NULL, NULL, NULL, '系统提示：派件前请于收件人电话联系.', '2023-02-24 15:17:17', '2023-02-24 15:22:40', 0),
	(1612347936353890306, 1612340188700950530, 2, 2, 1, 2, 1, 1024993422324415489, 1024995991193013985, '2023-02-24 21:00:00', NULL, '2023-02-24 22:00:00', '2023-02-24 15:22:32', NULL, NULL, NULL, '系统提示：派件前请于收件人电话联系.', '2023-02-24 15:17:18', '2023-02-24 15:22:32', 0),
	(1612349612011892737, 1612349583371485186, 1, 1, 0, 2, 1, 1024985129287809409, 1024988744815617761, '2023-02-24 15:24:00', NULL, '2023-02-24 16:24:00', NULL, NULL, NULL, NULL, NULL, '2023-02-24 15:24:38', '2023-02-24 15:24:38', 0),
	(1612349684984393729, 1612349659061895169, 1, 1, 0, 2, 1, 1024985129287809409, 1024989856838856577, '2023-02-24 15:24:00', NULL, '2023-02-24 16:24:00', NULL, NULL, NULL, NULL, NULL, '2023-02-24 15:24:56', '2023-02-24 15:24:56', 0);

-- 导出  表 sl_work.sl_transport_order 结构
CREATE TABLE IF NOT EXISTS `sl_transport_order` (
  `id` varchar(18) NOT NULL DEFAULT '' COMMENT 'id',
  `order_id` bigint NOT NULL COMMENT '订单ID',
  `status` int DEFAULT NULL COMMENT '运单状态(1.新建 2.已装车 3.运输中 4.到达终端网点 6.拒收)',
  `scheduling_status` int DEFAULT NULL COMMENT '调度状态(1.待调度2.未匹配线路3.已调度)',
  `start_agency_id` bigint DEFAULT NULL COMMENT '起始网点id',
  `end_agency_id` bigint DEFAULT NULL COMMENT '终点网点id',
  `current_agency_id` bigint DEFAULT NULL COMMENT '当前所在机构id',
  `next_agency_id` bigint DEFAULT NULL COMMENT '下一个机构id',
  `transport_line` text COMMENT '完整的运输路线',
  `total_volume` decimal(32,10) DEFAULT NULL COMMENT '货品总体积，单位：立方米',
  `total_weight` decimal(32,10) DEFAULT NULL COMMENT '货品总重量，单位：kg',
  `is_rejection` tinyint(1) DEFAULT NULL COMMENT '是否为拒收运单',
  `created` datetime DEFAULT NULL COMMENT '创建时间',
  `updated` datetime DEFAULT NULL COMMENT '更新时间',
  PRIMARY KEY (`id`) USING BTREE,
  KEY `order_id` (`order_id`) USING BTREE,
  KEY `created` (`created`) USING BTREE,
  KEY `status` (`status`) USING BTREE,
  KEY `scheduling_status` (`scheduling_status`) USING BTREE
) ENGINE=InnoDB DEFAULT CHARSET=utf8mb4 COLLATE=utf8mb4_0900_ai_ci COMMENT='运单表';

-- 正在导出表  sl_work.sl_transport_order 的数据：~6 rows (大约)
INSERT INTO `sl_transport_order` (`id`, `order_id`, `status`, `scheduling_status`, `start_agency_id`, `end_agency_id`, `current_agency_id`, `next_agency_id`, `transport_line`, `total_volume`, `total_weight`, `is_rejection`, `created`, `updated`) VALUES
	('SL1000000001212', 1608062099177144321, 4, 3, 1024985129287809409, 1024993422324415489, 1024993422324415489, 1024993422324415489, '{"nodeList":[{"bid":1024985129287809409,"name":"皇姑区营业部","type":3,"phone":"15146264743","address":"{\\"province\\":{\\"id\\":115224,\\"name\\":\\"辽宁\\",\\"lng\\":\\"123.429440\\",\\"lat\\":\\"41.835441\\"},\\"city\\":{\\"id\\":115225,\\"name\\":\\"沈阳\\",\\"lng\\":\\"123.431474\\",\\"lat\\":\\"41.805698\\"},\\"county\\":{\\"id\\":115612,\\"name\\":\\"皇姑\\",\\"lng\\":\\"123.441970\\",\\"lat\\":\\"41.824796\\"},\\"address\\":\\"陵园街38号\\"}","latitude":41.846732,"longitude":123.447096,"parentId":1024984540818568481,"managerName":"林美玉","status":true},{"bid":1024984540818568481,"name":"沈阳分拣中心","type":2,"phone":"13112324543","address":"{\\"province\\":{\\"id\\":115224,\\"name\\":\\"辽宁\\",\\"lng\\":\\"123.429440\\",\\"lat\\":\\"41.835441\\"},\\"city\\":{\\"id\\":115225,\\"name\\":\\"沈阳\\",\\"lng\\":\\"123.431474\\",\\"lat\\":\\"41.805698\\"},\\"county\\":{\\"id\\":115612,\\"name\\":\\"皇姑\\",\\"lng\\":\\"123.441970\\",\\"lat\\":\\"41.824796\\"},\\"address\\":\\"鸭绿江北街58-8号\\"}","latitude":41.86399,"longitude":123.451798,"parentId":1024982867475820033,"managerName":"林于庭","status":true},{"bid":1024993422324415489,"name":"武昌营业部","type":3,"phone":"15084738473","address":"{\\"province\\":{\\"id\\":420824,\\"name\\":\\"湖北\\",\\"lng\\":\\"114.341861\\",\\"lat\\":\\"30.546498\\"},\\"city\\":{\\"id\\":420825,\\"name\\":\\"武汉\\",\\"lng\\":\\"114.305392\\",\\"lat\\":\\"30.593098\\"},\\"county\\":{\\"id\\":421400,\\"name\\":\\"武昌\\",\\"lng\\":\\"114.316223\\",\\"lat\\":\\"30.554235\\"},\\"address\\":\\"友谊大道194号附近\\"}","latitude":30.562678,"longitude":114.317589,"parentId":1024991961163118369,"managerName":"曹永军","status":true}],"cost":4840}', 0.0001000000, 1.0000000000, 0, '2023-02-24 20:30:25', '2023-02-24 21:44:13'),
	('SL1000000001213', 1608062169087803393, 4, 3, 1024771753995515873, 1024771753995515873, 1024771753995515873, 1024771753995515873, NULL, 2.0000000000, 1.0000000000, 1, '2023-02-24 10:23:03', '2023-02-24 10:23:57'),
	('SL1000000001214', 1612340433413423105, 4, 3, 1024985129287809409, 1024993422324415489, 1024993422324415489, 1024993422324415489, '{"nodeList":[{"bid":1024985129287809409,"name":"皇姑区营业部","type":3,"phone":"15146264743","address":"{\\"province\\":{\\"id\\":115224,\\"name\\":\\"辽宁\\",\\"lng\\":\\"123.429440\\",\\"lat\\":\\"41.835441\\"},\\"city\\":{\\"id\\":115225,\\"name\\":\\"沈阳\\",\\"lng\\":\\"123.431474\\",\\"lat\\":\\"41.805698\\"},\\"county\\":{\\"id\\":115612,\\"name\\":\\"皇姑\\",\\"lng\\":\\"123.441970\\",\\"lat\\":\\"41.824796\\"},\\"address\\":\\"陵园街38号\\"}","latitude":41.846732,"longitude":123.447096,"parentId":1024984540818568481,"managerName":"林美玉","status":true},{"bid":1024984540818568481,"name":"沈阳分拣中心","type":2,"phone":"13112324543","address":"{\\"province\\":{\\"id\\":115224,\\"name\\":\\"辽宁\\",\\"lng\\":\\"123.429440\\",\\"lat\\":\\"41.835441\\"},\\"city\\":{\\"id\\":115225,\\"name\\":\\"沈阳\\",\\"lng\\":\\"123.431474\\",\\"lat\\":\\"41.805698\\"},\\"county\\":{\\"id\\":115612,\\"name\\":\\"皇姑\\",\\"lng\\":\\"123.441970\\",\\"lat\\":\\"41.824796\\"},\\"address\\":\\"鸭绿江北街58-8号\\"}","latitude":41.86399,"longitude":123.451798,"parentId":1024982867475820033,"managerName":"林于庭","status":true},{"bid":1024993422324415489,"name":"武昌营业部","type":3,"phone":"15084738473","address":"{\\"province\\":{\\"id\\":420824,\\"name\\":\\"湖北\\",\\"lng\\":\\"114.341861\\",\\"lat\\":\\"30.546498\\"},\\"city\\":{\\"id\\":420825,\\"name\\":\\"武汉\\",\\"lng\\":\\"114.305392\\",\\"lat\\":\\"30.593098\\"},\\"county\\":{\\"id\\":421400,\\"name\\":\\"武昌\\",\\"lng\\":\\"114.316223\\",\\"lat\\":\\"30.554235\\"},\\"address\\":\\"友谊大道194号附近\\"}","latitude":30.562678,"longitude":114.317589,"parentId":1024991961163118369,"managerName":"曹永军","status":true}],"cost":4840}', 0.0001000000, 1.0000000000, 0, '2023-02-24 14:48:35', '2023-02-24 15:17:07'),
	('SL1000000001215', 1612340278668771330, 6, 1, 1024985129287809409, 1024993422324415489, 1024993422324415489, 1024984540818568481, '{"nodeList":[{"bid":1024985129287809409,"name":"皇姑区营业部","type":3,"phone":"15146264743","address":"{\\"province\\":{\\"id\\":115224,\\"name\\":\\"辽宁\\",\\"lng\\":\\"123.429440\\",\\"lat\\":\\"41.835441\\"},\\"city\\":{\\"id\\":115225,\\"name\\":\\"沈阳\\",\\"lng\\":\\"123.431474\\",\\"lat\\":\\"41.805698\\"},\\"county\\":{\\"id\\":115612,\\"name\\":\\"皇姑\\",\\"lng\\":\\"123.441970\\",\\"lat\\":\\"41.824796\\"},\\"address\\":\\"陵园街38号\\"}","latitude":41.846732,"longitude":123.447096,"parentId":1024984540818568481,"managerName":"林美玉","status":true},{"bid":1024984540818568481,"name":"沈阳分拣中心","type":2,"phone":"13112324543","address":"{\\"province\\":{\\"id\\":115224,\\"name\\":\\"辽宁\\",\\"lng\\":\\"123.429440\\",\\"lat\\":\\"41.835441\\"},\\"city\\":{\\"id\\":115225,\\"name\\":\\"沈阳\\",\\"lng\\":\\"123.431474\\",\\"lat\\":\\"41.805698\\"},\\"county\\":{\\"id\\":115612,\\"name\\":\\"皇姑\\",\\"lng\\":\\"123.441970\\",\\"lat\\":\\"41.824796\\"},\\"address\\":\\"鸭绿江北街58-8号\\"}","latitude":41.86399,"longitude":123.451798,"parentId":1024982867475820033,"managerName":"林于庭","status":true},{"bid":1024993422324415489,"name":"武昌营业部","type":3,"phone":"15084738473","address":"{\\"province\\":{\\"id\\":420824,\\"name\\":\\"湖北\\",\\"lng\\":\\"114.341861\\",\\"lat\\":\\"30.546498\\"},\\"city\\":{\\"id\\":420825,\\"name\\":\\"武汉\\",\\"lng\\":\\"114.305392\\",\\"lat\\":\\"30.593098\\"},\\"county\\":{\\"id\\":421400,\\"name\\":\\"武昌\\",\\"lng\\":\\"114.316223\\",\\"lat\\":\\"30.554235\\"},\\"address\\":\\"友谊大道194号附近\\"}","latitude":30.562678,"longitude":114.317589,"parentId":1024991961163118369,"managerName":"曹永军","status":true},{"bid":1024984540818568481,"name":"沈阳分拣中心","type":2,"phone":"13112324543","address":"{\\"province\\":{\\"id\\":115224,\\"name\\":\\"辽宁\\",\\"lng\\":\\"123.429440\\",\\"lat\\":\\"41.835441\\"},\\"city\\":{\\"id\\":115225,\\"name\\":\\"沈阳\\",\\"lng\\":\\"123.431474\\",\\"lat\\":\\"41.805698\\"},\\"county\\":{\\"id\\":115612,\\"name\\":\\"皇姑\\",\\"lng\\":\\"123.441970\\",\\"lat\\":\\"41.824796\\"},\\"address\\":\\"鸭绿江北街58-8号\\"}","latitude":41.86399,"longitude":123.451798,"parentId":1024982867475820033,"managerName":"林于庭","status":true},{"bid":1024985129287809409,"name":"皇姑区营业部","type":3,"phone":"15146264743","address":"{\\"province\\":{\\"id\\":115224,\\"name\\":\\"辽宁\\",\\"lng\\":\\"123.429440\\",\\"lat\\":\\"41.835441\\"},\\"city\\":{\\"id\\":115225,\\"name\\":\\"沈阳\\",\\"lng\\":\\"123.431474\\",\\"lat\\":\\"41.805698\\"},\\"county\\":{\\"id\\":115612,\\"name\\":\\"皇姑\\",\\"lng\\":\\"123.441970\\",\\"lat\\":\\"41.824796\\"},\\"address\\":\\"陵园街38号\\"}","latitude":41.846732,"longitude":123.447096,"parentId":1024984540818568481,"managerName":"林美玉","status":true}],"cost":9680}', 0.0001000000, 1.0000000000, 1, '2023-02-24 14:49:35', '2023-02-24 15:23:37'),
	('SL1000000001216', 1612340365805436929, 4, 3, 1024985129287809409, 1024993422324415489, 1024993422324415489, 1024993422324415489, '{"nodeList":[{"bid":1024985129287809409,"name":"皇姑区营业部","type":3,"phone":"15146264743","address":"{\\"province\\":{\\"id\\":115224,\\"name\\":\\"辽宁\\",\\"lng\\":\\"123.429440\\",\\"lat\\":\\"41.835441\\"},\\"city\\":{\\"id\\":115225,\\"name\\":\\"沈阳\\",\\"lng\\":\\"123.431474\\",\\"lat\\":\\"41.805698\\"},\\"county\\":{\\"id\\":115612,\\"name\\":\\"皇姑\\",\\"lng\\":\\"123.441970\\",\\"lat\\":\\"41.824796\\"},\\"address\\":\\"陵园街38号\\"}","latitude":41.846732,"longitude":123.447096,"parentId":1024984540818568481,"managerName":"林美玉","status":true},{"bid":1024984540818568481,"name":"沈阳分拣中心","type":2,"phone":"13112324543","address":"{\\"province\\":{\\"id\\":115224,\\"name\\":\\"辽宁\\",\\"lng\\":\\"123.429440\\",\\"lat\\":\\"41.835441\\"},\\"city\\":{\\"id\\":115225,\\"name\\":\\"沈阳\\",\\"lng\\":\\"123.431474\\",\\"lat\\":\\"41.805698\\"},\\"county\\":{\\"id\\":115612,\\"name\\":\\"皇姑\\",\\"lng\\":\\"123.441970\\",\\"lat\\":\\"41.824796\\"},\\"address\\":\\"鸭绿江北街58-8号\\"}","latitude":41.86399,"longitude":123.451798,"parentId":1024982867475820033,"managerName":"林于庭","status":true},{"bid":1024993422324415489,"name":"武昌营业部","type":3,"phone":"15084738473","address":"{\\"province\\":{\\"id\\":420824,\\"name\\":\\"湖北\\",\\"lng\\":\\"114.341861\\",\\"lat\\":\\"30.546498\\"},\\"city\\":{\\"id\\":420825,\\"name\\":\\"武汉\\",\\"lng\\":\\"114.305392\\",\\"lat\\":\\"30.593098\\"},\\"county\\":{\\"id\\":421400,\\"name\\":\\"武昌\\",\\"lng\\":\\"114.316223\\",\\"lat\\":\\"30.554235\\"},\\"address\\":\\"友谊大道194号附近\\"}","latitude":30.562678,"longitude":114.317589,"parentId":1024991961163118369,"managerName":"曹永军","status":true}],"cost":4840}', 0.0001000000, 1.0000000000, 0, '2023-02-24 14:49:58', '2023-02-24 15:17:07'),
	('SL1000000001217', 1612340188700950530, 4, 3, 1024985129287809409, 1024993422324415489, 1024993422324415489, 1024993422324415489, '{"nodeList":[{"bid":1024985129287809409,"name":"皇姑区营业部","type":3,"phone":"15146264743","address":"{\\"province\\":{\\"id\\":115224,\\"name\\":\\"辽宁\\",\\"lng\\":\\"123.429440\\",\\"lat\\":\\"41.835441\\"},\\"city\\":{\\"id\\":115225,\\"name\\":\\"沈阳\\",\\"lng\\":\\"123.431474\\",\\"lat\\":\\"41.805698\\"},\\"county\\":{\\"id\\":115612,\\"name\\":\\"皇姑\\",\\"lng\\":\\"123.441970\\",\\"lat\\":\\"41.824796\\"},\\"address\\":\\"陵园街38号\\"}","latitude":41.846732,"longitude":123.447096,"parentId":1024984540818568481,"managerName":"林美玉","status":true},{"bid":1024984540818568481,"name":"沈阳分拣中心","type":2,"phone":"13112324543","address":"{\\"province\\":{\\"id\\":115224,\\"name\\":\\"辽宁\\",\\"lng\\":\\"123.429440\\",\\"lat\\":\\"41.835441\\"},\\"city\\":{\\"id\\":115225,\\"name\\":\\"沈阳\\",\\"lng\\":\\"123.431474\\",\\"lat\\":\\"41.805698\\"},\\"county\\":{\\"id\\":115612,\\"name\\":\\"皇姑\\",\\"lng\\":\\"123.441970\\",\\"lat\\":\\"41.824796\\"},\\"address\\":\\"鸭绿江北街58-8号\\"}","latitude":41.86399,"longitude":123.451798,"parentId":1024982867475820033,"managerName":"林于庭","status":true},{"bid":1024993422324415489,"name":"武昌营业部","type":3,"phone":"15084738473","address":"{\\"province\\":{\\"id\\":420824,\\"name\\":\\"湖北\\",\\"lng\\":\\"114.341861\\",\\"lat\\":\\"30.546498\\"},\\"city\\":{\\"id\\":420825,\\"name\\":\\"武汉\\",\\"lng\\":\\"114.305392\\",\\"lat\\":\\"30.593098\\"},\\"county\\":{\\"id\\":421400,\\"name\\":\\"武昌\\",\\"lng\\":\\"114.316223\\",\\"lat\\":\\"30.554235\\"},\\"address\\":\\"友谊大道194号附近\\"}","latitude":30.562678,"longitude":114.317589,"parentId":1024991961163118369,"managerName":"曹永军","status":true}],"cost":4840}', 0.0001000000, 1.0000000000, 0, '2023-02-24 14:50:10', '2023-02-24 15:17:07');

-- 导出  表 sl_work.sl_transport_order_task 结构
CREATE TABLE IF NOT EXISTS `sl_transport_order_task` (
  `id` bigint NOT NULL COMMENT 'id',
  `transport_order_id` varchar(50) NOT NULL DEFAULT '' COMMENT '运单id',
  `transport_task_id` bigint NOT NULL COMMENT '运输任务id',
  `created` datetime DEFAULT NULL COMMENT '创建时间',
  `updated` datetime DEFAULT NULL COMMENT '更新时间',
  PRIMARY KEY (`id`) USING BTREE,
  KEY `transport_order_id` (`transport_order_id`) USING BTREE,
  KEY `transport_task_id` (`transport_task_id`) USING BTREE
) ENGINE=InnoDB DEFAULT CHARSET=utf8mb4 COLLATE=utf8mb4_0900_ai_ci COMMENT='运单与运输任务关联表';

-- 正在导出表  sl_work.sl_transport_order_task 的数据：~10 rows (大约)
INSERT INTO `sl_transport_order_task` (`id`, `transport_order_id`, `transport_task_id`, `created`, `updated`) VALUES
	(1608087624145797121, 'SL1000000001212', 1608087623835418626, '2023-02-24 21:09:01', '2023-02-24 21:09:01'),
	(1608095170554331138, 'SL1000000001212', 1608095170466250753, '2023-02-24 21:39:00', '2023-02-24 21:39:00'),
	(1612342411054624770, 'SL1000000001214', 1612342410790383617, '2023-02-24 14:56:01', '2023-02-24 14:56:01'),
	(1612342411063013378, 'SL1000000001215', 1612342410790383617, '2023-02-24 14:56:01', '2023-02-24 14:56:01'),
	(1612342411063013379, 'SL1000000001216', 1612342410790383617, '2023-02-24 14:56:01', '2023-02-24 14:56:01'),
	(1612342411063013380, 'SL1000000001217', 1612342410790383617, '2023-02-24 14:56:01', '2023-02-24 14:56:01'),
	(1612345429422583810, 'SL1000000001214', 1612345429397417985, '2023-02-24 15:08:01', '2023-02-24 15:08:01'),
	(1612345429426778114, 'SL1000000001215', 1612345429397417985, '2023-02-24 15:08:01', '2023-02-24 15:08:01'),
	(1612345429426778115, 'SL1000000001216', 1612345429397417985, '2023-02-24 15:08:01', '2023-02-24 15:08:01'),
	(1612345429430972418, 'SL1000000001217', 1612345429397417985, '2023-02-24 15:08:01', '2023-02-24 15:08:01');

-- 导出  表 sl_work.sl_transport_task 结构
CREATE TABLE IF NOT EXISTS `sl_transport_task` (
  `id` bigint NOT NULL COMMENT 'id',
  `truck_plan_id` bigint DEFAULT NULL COMMENT '车辆计划id',
  `transport_trips_id` bigint DEFAULT NULL COMMENT '车次id',
  `start_agency_id` bigint NOT NULL COMMENT '起始机构id',
  `end_agency_id` bigint NOT NULL COMMENT '目的机构id',
  `status` int NOT NULL COMMENT '任务状态，1为待执行（对应 未发车）、2为进行中（对应在途）、3为待确认（保留状态）、4为已完成（对应 已交付）、5为已取消',
  `assigned_status` tinyint NOT NULL COMMENT '任务分配状态(1未分配2已分配3待人工分配)',
  `loading_status` int NOT NULL COMMENT '满载状态(1.半载2.满载3.空载)',
  `truck_id` varchar(20) DEFAULT NULL COMMENT '车辆id',
  `cargo_pick_up_picture` varchar(1000) CHARACTER SET utf8mb4 COLLATE utf8mb4_0900_ai_ci DEFAULT NULL COMMENT '提货凭证',
  `cargo_picture` varchar(1000) CHARACTER SET utf8mb4 COLLATE utf8mb4_0900_ai_ci DEFAULT NULL COMMENT '货物照片',
  `transport_certificate` varchar(1000) CHARACTER SET utf8mb4 COLLATE utf8mb4_0900_ai_ci DEFAULT NULL COMMENT '运回单凭证',
  `deliver_picture` varchar(1000) CHARACTER SET utf8mb4 COLLATE utf8mb4_0900_ai_ci DEFAULT NULL COMMENT '交付货物照片',
  `delivery_latitude` varchar(255) DEFAULT NULL COMMENT '提货纬度值',
  `delivery_longitude` varchar(255) DEFAULT NULL COMMENT '提货经度值',
  `deliver_latitude` varchar(255) DEFAULT NULL COMMENT '交付纬度值',
  `deliver_longitude` varchar(255) DEFAULT NULL COMMENT '交付经度值',
  `plan_departure_time` datetime DEFAULT NULL COMMENT '计划发车时间',
  `actual_departure_time` datetime DEFAULT NULL COMMENT '实际发车时间',
  `plan_arrival_time` datetime DEFAULT NULL COMMENT '计划到达时间',
  `actual_arrival_time` datetime DEFAULT NULL COMMENT '实际到达时间',
  `mark` varchar(50) DEFAULT NULL COMMENT '备注',
  `distance` double DEFAULT NULL COMMENT '距离，单位：米',
  `created` datetime DEFAULT NULL COMMENT '创建时间',
  `updated` datetime DEFAULT NULL COMMENT '更新时间',
  PRIMARY KEY (`id`) USING BTREE,
  KEY `transport_trips_id` (`truck_plan_id`) USING BTREE,
  KEY `status` (`status`) USING BTREE
) ENGINE=InnoDB DEFAULT CHARSET=utf8mb4 COLLATE=utf8mb4_0900_ai_ci COMMENT='运输任务表';

-- 正在导出表  sl_work.sl_transport_task 的数据：~67 rows (大约)
INSERT INTO `sl_transport_task` (`id`, `truck_plan_id`, `transport_trips_id`, `start_agency_id`, `end_agency_id`, `status`, `assigned_status`, `loading_status`, `truck_id`, `cargo_pick_up_picture`, `cargo_picture`, `transport_certificate`, `deliver_picture`, `delivery_latitude`, `delivery_longitude`, `deliver_latitude`, `deliver_longitude`, `plan_departure_time`, `actual_departure_time`, `plan_arrival_time`, `actual_arrival_time`, `mark`, `distance`, `created`, `updated`) VALUES
	(1592725907443478530, 1590635693765251074, 1590635645673361410, 1024772115791985729, 1024772425923018049, 5, 2, 3, '1575348410018246657', NULL, NULL, NULL, NULL, NULL, NULL, NULL, NULL, '2023-02-24 09:01:00', NULL, '2023-02-24 10:01:00', NULL, NULL, 45812, '2023-02-24 11:47:02', '2023-02-24 21:21:18'),
	(1605404203942510594, 1605402786857734145, 1590635645673361410, 1024772115791985729, 1024772425923018049, 1, 2, 3, '1575258705310330881', NULL, NULL, NULL, NULL, NULL, NULL, NULL, NULL, '2023-02-24 09:01:00', NULL, '2023-02-24 10:01:00', NULL, NULL, 45812, '2023-02-24 11:26:04', '2023-02-24 11:26:04'),
	(1605406956790054914, 1605406757639233538, 1590635645673361410, 1024772115791985729, 1024772425923018049, 5, 2, 3, '1575348410018246657', NULL, NULL, NULL, NULL, NULL, NULL, NULL, NULL, '2023-02-24 09:01:00', NULL, '2023-02-24 10:01:00', NULL, NULL, 45812, '2023-02-24 11:37:00', '2023-02-24 21:22:27'),
	(1605407464414085122, 1605407387598528514, 1590635645673361410, 1024772115791985729, 1024772425923018049, 5, 2, 3, '1575348410018246657', NULL, NULL, NULL, NULL, NULL, NULL, NULL, NULL, '2023-02-24 09:01:00', NULL, '2023-02-24 10:01:00', NULL, NULL, 45812, '2023-02-24 11:39:01', '2023-02-24 21:21:22'),
	(1605407963888582657, 1605407896761520129, 1590635645673361410, 1024772115791985729, 1024772425923018049, 1, 2, 3, '1575258705310330881', NULL, NULL, NULL, NULL, NULL, NULL, NULL, NULL, '2023-02-24 09:01:00', NULL, '2023-02-24 10:01:00', NULL, NULL, 45812, '2023-02-24 11:41:00', '2023-02-24 11:41:00'),
	(1605409226793517058, 1605409187848331266, 1590635645673361410, 1024772115791985729, 1024772425923018049, 1, 2, 3, '1575258705310330881', NULL, NULL, NULL, NULL, NULL, NULL, NULL, NULL, '2023-02-24 09:01:00', NULL, '2023-02-24 10:01:00', NULL, NULL, 45812, '2023-02-24 11:46:01', '2023-02-24 11:46:01'),
	(1605412493090979842, 1605412491621552129, 1590635645673361410, 1024772115791985729, 1024772425923018049, 1, 2, 3, '1575258705310330881', NULL, NULL, NULL, NULL, NULL, NULL, NULL, NULL, '2023-02-24 09:01:00', NULL, '2023-02-24 10:01:00', NULL, NULL, 45812, '2023-02-24 11:59:00', '2023-02-24 11:59:00'),
	(1605449235449872386, 1605449113683959810, 1590635645673361410, 1024772115791985729, 1024772425923018049, 1, 2, 3, '1575258705310330881', NULL, NULL, NULL, NULL, NULL, NULL, NULL, NULL, '2023-02-24 09:01:00', NULL, '2023-02-24 10:01:00', NULL, NULL, 45812, '2023-02-24 14:25:00', '2023-02-24 14:25:00'),
	(1605449738728603649, 1605449695597502466, 1590635645673361410, 1024772115791985729, 1024772425923018049, 5, 2, 3, '1575348410018246657', NULL, NULL, NULL, NULL, NULL, NULL, NULL, NULL, '2023-02-24 09:01:00', NULL, '2023-02-24 10:01:00', NULL, NULL, 45812, '2023-02-24 14:27:00', '2023-02-24 21:21:25'),
	(1605449994539204610, 1605449822219345922, 1605449798336630785, 1024772425923018049, 1024772115791985729, 1, 2, 3, '1575258705310330881', NULL, NULL, NULL, NULL, NULL, NULL, NULL, NULL, '2023-02-24 14:27:00', NULL, '2023-02-24 14:28:00', NULL, NULL, 45812, '2023-02-24 14:28:01', '2023-02-24 14:28:01'),
	(1605452507728412673, 1605452451880181762, 1590635645673361410, 1024772115791985729, 1024772425923018049, 5, 2, 3, '1575348410018246657', NULL, NULL, NULL, NULL, NULL, NULL, NULL, NULL, '2023-02-24 09:01:00', NULL, '2023-02-24 10:01:00', NULL, NULL, 45812, '2023-02-24 14:38:00', '2023-02-24 21:21:27'),
	(1605452759772528642, 1605452731812225025, 1590635645673361410, 1024772115791985729, 1024772425923018049, 1, 2, 3, '1575258705310330881', NULL, NULL, NULL, NULL, NULL, NULL, NULL, NULL, '2023-02-24 09:01:00', NULL, '2023-02-24 10:01:00', NULL, NULL, 45812, '2023-02-24 14:39:00', '2023-02-24 14:39:00'),
	(1605453263365832705, 1605453054547140609, 1590635645673361410, 1024772115791985729, 1024772425923018049, 5, 2, 3, '1575348410018246657', NULL, NULL, NULL, NULL, NULL, NULL, NULL, NULL, '2023-02-24 09:01:00', NULL, '2023-02-24 10:01:00', NULL, NULL, 45812, '2023-02-24 14:41:01', '2023-02-24 21:21:30'),
	(1605453514566893569, 1605453506827329538, 1590635645673361410, 1024772115791985729, 1024772425923018049, 5, 2, 3, '1575348410018246657', NULL, NULL, NULL, NULL, NULL, NULL, NULL, NULL, '2023-02-24 09:01:00', NULL, '2023-02-24 10:01:00', NULL, NULL, 45812, '2023-02-24 14:42:00', '2023-02-24 21:21:33'),
	(1605454269893935106, 1605454103831629826, 1590635645673361410, 1024772115791985729, 1024772425923018049, 5, 2, 3, '1575348410018246657', NULL, NULL, NULL, NULL, NULL, NULL, NULL, NULL, '2023-02-24 09:01:00', NULL, '2023-02-24 10:01:00', NULL, NULL, 45812, '2023-02-24 14:45:00', '2023-02-24 21:21:35'),
	(1605454521308905473, 1605454489192046594, 1590635645673361410, 1024772115791985729, 1024772425923018049, 1, 2, 3, '1575258705310330881', NULL, NULL, NULL, NULL, NULL, NULL, NULL, NULL, '2023-02-24 09:01:00', NULL, '2023-02-24 10:01:00', NULL, NULL, 45812, '2023-02-24 14:46:00', '2023-02-24 14:46:00'),
	(1605454772178616321, 1605454704070086657, 1590635645673361410, 1024772115791985729, 1024772425923018049, 5, 2, 3, '1575348410018246657', NULL, NULL, NULL, NULL, NULL, NULL, NULL, NULL, '2023-02-24 09:01:00', NULL, '2023-02-24 10:01:00', NULL, NULL, 45812, '2023-02-24 14:47:00', '2023-02-24 21:21:38'),
	(1605457037035667457, 1605456929954013186, 1590635645673361410, 1024772115791985729, 1024772425923018049, 1, 2, 3, '1575258705310330881', NULL, NULL, NULL, NULL, NULL, NULL, NULL, NULL, '2023-02-24 09:01:00', NULL, '2023-02-24 10:01:00', NULL, NULL, 45812, '2023-02-24 14:56:00', '2023-02-24 14:56:00'),
	(1605457540066934786, 1605457426878025729, 1590635645673361410, 1024772115791985729, 1024772425923018049, 5, 2, 3, '1575348410018246657', NULL, NULL, NULL, NULL, NULL, NULL, NULL, NULL, '2023-02-24 09:01:00', NULL, '2023-02-24 10:01:00', NULL, NULL, 45812, '2023-02-24 14:58:00', '2023-02-24 21:21:42'),
	(1605457791947472897, 1605457649444921346, 1590635645673361410, 1024772115791985729, 1024772425923018049, 1, 2, 3, '1575258705310330881', NULL, NULL, NULL, NULL, NULL, NULL, NULL, NULL, '2023-02-24 09:01:00', NULL, '2023-02-24 10:01:00', NULL, NULL, 45812, '2023-02-24 14:59:00', '2023-02-24 14:59:00'),
	(1605458043509243906, 1605457886447915009, 1590635645673361410, 1024772115791985729, 1024772425923018049, 5, 2, 3, '1575348410018246657', NULL, NULL, NULL, NULL, NULL, NULL, NULL, NULL, '2023-02-24 09:01:00', NULL, '2023-02-24 10:01:00', NULL, NULL, 45812, '2023-02-24 15:00:00', '2023-02-24 21:21:46'),
	(1605458295553359874, 1605458261963952129, 1590635645673361410, 1024772115791985729, 1024772425923018049, 5, 2, 3, '1575348410018246657', NULL, NULL, NULL, NULL, NULL, NULL, NULL, NULL, '2023-02-24 09:01:00', NULL, '2023-02-24 10:01:00', NULL, NULL, 45812, '2023-02-24 15:01:00', '2023-02-24 21:21:48'),
	(1605458798211334145, 1605458574679023618, 1590635645673361410, 1024772115791985729, 1024772425923018049, 1, 2, 3, '1575258705310330881', NULL, NULL, NULL, NULL, NULL, NULL, NULL, NULL, '2023-02-24 09:01:00', NULL, '2023-02-24 10:01:00', NULL, NULL, 45812, '2023-02-24 15:03:00', '2023-02-24 15:03:00'),
	(1605460056892604417, 1605459915924819970, 1590635645673361410, 1024772115791985729, 1024772425923018049, 5, 2, 3, '1575348410018246657', NULL, NULL, NULL, NULL, NULL, NULL, NULL, NULL, '2023-02-24 09:01:00', NULL, '2023-02-24 10:01:00', NULL, NULL, 45812, '2023-02-24 15:08:00', '2023-02-24 21:21:51'),
	(1605460308353712130, 1605460205436653569, 1605449798336630785, 1024772425923018049, 1024772115791985729, 1, 2, 3, '1575258705310330881', NULL, NULL, NULL, NULL, NULL, NULL, NULL, NULL, '2023-02-24 14:27:00', NULL, '2023-02-24 14:28:00', NULL, NULL, 45812, '2023-02-24 15:09:00', '2023-02-24 15:09:00'),
	(1605461063198408705, 1605460991193370626, 1590635645673361410, 1024772115791985729, 1024772425923018049, 1, 2, 3, '1575258705310330881', NULL, NULL, NULL, NULL, NULL, NULL, NULL, NULL, '2023-02-24 09:01:00', NULL, '2023-02-24 10:01:00', NULL, NULL, 45812, '2023-02-24 15:12:00', '2023-02-24 15:12:00'),
	(1605461327821242369, 1605461286846013441, 1590635645673361410, 1024772115791985729, 1024772425923018049, 5, 2, 3, '1575348410018246657', NULL, NULL, NULL, NULL, NULL, NULL, NULL, NULL, '2023-02-24 09:01:00', NULL, '2023-02-24 10:01:00', NULL, NULL, 45812, '2023-02-24 15:13:03', '2023-02-24 21:21:55'),
	(1605461819355922434, 1605461650756063233, 1590635645673361410, 1024772115791985729, 1024772425923018049, 1, 2, 3, '1575258705310330881', NULL, NULL, NULL, NULL, NULL, NULL, NULL, NULL, '2023-02-24 09:01:00', NULL, '2023-02-24 10:01:00', NULL, NULL, 45812, '2023-02-24 15:15:00', '2023-02-24 15:15:00'),
	(1605462321367973889, 1605462266497015810, 1590635645673361410, 1024772115791985729, 1024772425923018049, 5, 2, 3, '1575348410018246657', NULL, NULL, NULL, NULL, NULL, NULL, NULL, NULL, '2023-02-24 09:01:00', NULL, '2023-02-24 10:01:00', NULL, NULL, 45812, '2023-02-24 15:17:00', '2023-02-24 21:22:24'),
	(1605462573202374658, 1605462372155379714, 1605449798336630785, 1024772425923018049, 1024772115791985729, 1, 2, 3, '1575258705310330881', NULL, NULL, NULL, NULL, NULL, NULL, NULL, NULL, '2023-02-24 14:27:00', NULL, '2023-02-24 14:28:00', NULL, NULL, 45812, '2023-02-24 15:18:00', '2023-02-24 15:18:00'),
	(1605464587558813698, 1605464475087478786, 1590635645673361410, 1024772115791985729, 1024772425923018049, 5, 2, 3, '1575348410018246657', NULL, NULL, NULL, NULL, NULL, NULL, NULL, NULL, '2023-02-24 09:01:00', NULL, '2023-02-24 10:01:00', NULL, NULL, 45812, '2023-02-24 15:26:00', '2023-02-24 21:22:21'),
	(1605465341417848834, 1605465166102908930, 1605449798336630785, 1024772425923018049, 1024772115791985729, 1, 2, 3, '1575258705310330881', NULL, NULL, NULL, NULL, NULL, NULL, NULL, NULL, '2023-02-24 14:27:00', NULL, '2023-02-24 14:28:00', NULL, NULL, 45812, '2023-02-24 15:29:00', '2023-02-24 15:29:00'),
	(1605468361119596545, 1605468349735182338, 1590635645673361410, 1024772115791985729, 1024772425923018049, 5, 2, 3, '1575348410018246657', NULL, NULL, NULL, NULL, NULL, NULL, NULL, NULL, '2023-02-24 09:01:00', NULL, '2023-02-24 10:01:00', NULL, NULL, 45812, '2023-02-24 15:41:00', '2023-02-24 21:22:16'),
	(1605470123633246209, 1605470074399084545, 1590635645673361410, 1024772115791985729, 1024772425923018049, 5, 2, 3, '1575348410018246657', NULL, NULL, NULL, NULL, NULL, NULL, NULL, NULL, '2023-02-24 09:01:00', NULL, '2023-02-24 10:01:00', NULL, NULL, 45812, '2023-02-24 15:48:00', '2023-02-24 21:22:14'),
	(1605470124996395009, 1605470009366749186, 1605449798336630785, 1024772425923018049, 1024772115791985729, 1, 2, 3, '1575258705310330881', NULL, NULL, NULL, NULL, NULL, NULL, NULL, NULL, '2023-02-24 14:27:00', NULL, '2023-02-24 14:28:00', NULL, NULL, 45812, '2023-02-24 15:48:01', '2023-02-24 15:48:01'),
	(1605471633075175425, 1605471599305412609, 1590635645673361410, 1024772115791985729, 1024772425923018049, 5, 2, 3, '1575348410018246657', NULL, NULL, NULL, NULL, NULL, NULL, NULL, NULL, '2023-02-24 09:01:00', NULL, '2023-02-24 10:01:00', NULL, NULL, 45812, '2023-02-24 15:54:00', '2023-02-24 21:22:11'),
	(1605472387844374529, 1605472367190548482, 1590635645673361410, 1024772115791985729, 1024772425923018049, 5, 2, 3, '1575348410018246657', NULL, NULL, NULL, NULL, NULL, NULL, NULL, NULL, '2023-02-24 09:01:00', NULL, '2023-02-24 10:01:00', NULL, NULL, 45812, '2023-02-24 15:57:00', '2023-02-24 21:22:07'),
	(1605472643692724225, 1605472433938702338, 1590635645673361410, 1024772115791985729, 1024772425923018049, 1, 2, 3, '1575258705310330881', NULL, NULL, NULL, NULL, NULL, NULL, NULL, NULL, '2023-02-24 09:01:00', NULL, '2023-02-24 10:01:00', NULL, NULL, 45812, '2023-02-24 15:58:01', '2023-02-24 15:58:01'),
	(1605472644728717313, 1605472481078136833, 1605449798336630785, 1024772425923018049, 1024772115791985729, 5, 2, 3, '1575348410018246657', NULL, NULL, NULL, NULL, NULL, NULL, NULL, NULL, '2023-02-24 14:27:00', NULL, '2023-02-24 14:28:00', NULL, NULL, 45812, '2023-02-24 15:58:01', '2023-02-24 21:22:42'),
	(1605472891018248193, 1605472793726099457, 1590635645673361410, 1024772115791985729, 1024772425923018049, 5, 2, 3, '1575348410018246657', NULL, NULL, NULL, NULL, NULL, NULL, NULL, NULL, '2023-02-24 09:01:00', NULL, '2023-02-24 10:01:00', NULL, NULL, 45812, '2023-02-24 15:59:00', '2023-02-24 21:22:04'),
	(1605473143133667329, 1605473027046842370, 1590635645673361410, 1024772115791985729, 1024772425923018049, 1, 2, 3, '1575258705310330881', NULL, NULL, NULL, NULL, NULL, NULL, NULL, NULL, '2023-02-24 09:01:00', NULL, '2023-02-24 10:01:00', NULL, NULL, 45812, '2023-02-24 16:00:00', '2023-02-24 16:00:00'),
	(1605473149337042945, 1605473071745191937, 1605449798336630785, 1024772425923018049, 1024772115791985729, 5, 2, 3, '1575348410018246657', NULL, NULL, NULL, NULL, NULL, NULL, NULL, NULL, '2023-02-24 14:27:00', NULL, '2023-02-24 14:28:00', NULL, NULL, 45812, '2023-02-24 16:00:02', '2023-02-24 21:22:37'),
	(1605479183845785602, 1605479063443021825, 1590635645673361410, 1024772115791985729, 1024772425923018049, 1, 2, 3, '1575258705310330881', NULL, NULL, NULL, NULL, NULL, NULL, NULL, NULL, '2023-02-24 09:01:00', NULL, '2023-02-24 10:01:00', NULL, NULL, 45812, '2023-02-24 16:24:00', '2023-02-24 16:24:00'),
	(1605479184789504001, 1605479139305398273, 1605449798336630785, 1024772425923018049, 1024772115791985729, 5, 2, 3, '1575348410018246657', NULL, NULL, NULL, NULL, NULL, NULL, NULL, NULL, '2023-02-24 14:27:00', NULL, '2023-02-24 14:28:00', NULL, NULL, 45812, '2023-02-24 16:24:01', '2023-02-24 21:22:34'),
	(1605479435411750914, 1605479288957816834, 1590635645673361410, 1024772115791985729, 1024772425923018049, 5, 2, 3, '1575348410018246657', NULL, NULL, NULL, NULL, NULL, NULL, NULL, NULL, '2023-02-24 09:01:00', NULL, '2023-02-24 10:01:00', NULL, NULL, 45812, '2023-02-24 16:25:00', '2023-02-24 21:22:01'),
	(1605480189870571522, 1605479946973159425, 1590635645673361410, 1024772115791985729, 1024772425923018049, 1, 2, 3, '1575258705310330881', NULL, NULL, NULL, NULL, NULL, NULL, NULL, NULL, '2023-02-24 09:01:00', NULL, '2023-02-24 10:01:00', NULL, NULL, 45812, '2023-02-24 16:28:00', '2023-02-24 16:28:00'),
	(1605480443152007169, 1605480274719920129, 1590635645673361410, 1024772115791985729, 1024772425923018049, 5, 2, 3, '1575348410018246657', NULL, NULL, NULL, NULL, NULL, NULL, NULL, NULL, '2023-02-24 09:01:00', NULL, '2023-02-24 10:01:00', NULL, NULL, 45812, '2023-02-24 16:29:01', '2023-02-24 21:21:59'),
	(1605480945998725121, 1605480838413754370, 1605449798336630785, 1024772425923018049, 1024772115791985729, 1, 2, 3, '1575258705310330881', NULL, NULL, NULL, NULL, NULL, NULL, NULL, NULL, '2023-02-24 14:27:00', NULL, '2023-02-24 14:28:00', NULL, NULL, 45812, '2023-02-24 16:31:01', '2023-02-24 16:31:01'),
	(1605481699065036802, 1605481536538529793, 1605449798336630785, 1024772425923018049, 1024772115791985729, 5, 2, 3, '1575348410018246657', NULL, NULL, NULL, NULL, NULL, NULL, NULL, NULL, '2023-02-24 14:27:00', NULL, '2023-02-24 14:28:00', NULL, NULL, 45812, '2023-02-24 16:34:00', '2023-02-24 21:22:31'),
	(1605490759093026818, 1605490690896764930, 1605449798336630785, 1024772425923018049, 1024772115791985729, 1, 2, 3, '1575258705310330881', NULL, NULL, NULL, NULL, NULL, NULL, NULL, NULL, '2023-02-24 14:27:00', NULL, '2023-02-24 14:28:00', NULL, NULL, 45812, '2023-02-24 17:10:00', '2023-02-24 17:10:00'),
	(1606217548161449986, 1606217538517323778, 1605449798336630785, 1024772425923018049, 1024772115791985729, 5, 2, 3, '1575348410018246657', NULL, NULL, NULL, NULL, NULL, NULL, NULL, NULL, '2023-02-24 14:27:00', NULL, '2023-02-24 14:28:00', NULL, NULL, 45812, '2023-02-24 17:18:00', '2023-02-24 21:22:47'),
	(1608087623835418626, 1608087420329103361, 1575405029456551938, 1024985129287809409, 1024984540818568481, 4, 2, 2, '1575348410018246657', 'https://yjy-slwl-oss.oss-cn-hangzhou.aliyuncs.com/97fc8a78-6a0f-4dac-ba41-f10263654b9c.jpg', 'https://yjy-slwl-oss.oss-cn-hangzhou.aliyuncs.com/0b958fe5-c699-419f-bcd0-26cf64dafb71.jpg', 'https://yjy-slwl-oss.oss-cn-hangzhou.aliyuncs.com/f30e707d-713e-4203-8ab7-4831420085d3.jpg', 'https://yjy-slwl-oss.oss-cn-hangzhou.aliyuncs.com/3c437dc3-04cb-4933-b0c9-90f78ae100e4.jpg', NULL, NULL, NULL, NULL, '2023-02-24 22:09:00', '2023-02-24 21:23:35', '2023-02-24 22:11:00', '2023-02-24 21:23:59', NULL, 2396, '2023-02-24 21:09:01', '2023-02-24 21:23:59'),
	(1608095170466250753, 1608095054717358082, 1575414137962307585, 1024984540818568481, 1024993422324415489, 4, 2, 2, '1575354690074128386', 'https://yjy-slwl-oss.oss-cn-hangzhou.aliyuncs.com/816fe7c3-a6dd-4a72-97e2-380e7edfec54.jpg', 'https://yjy-slwl-oss.oss-cn-hangzhou.aliyuncs.com/d58bb4b6-7965-4d97-b461-5249e02e62d3.jpg', 'https://yjy-slwl-oss.oss-cn-hangzhou.aliyuncs.com/c57ed99f-abca-417f-8cca-4c6898eecb50.jpg', 'https://yjy-slwl-oss.oss-cn-hangzhou.aliyuncs.com/a744bda5-4a9e-40cd-b56c-d81906fc83e2.jpg', NULL, NULL, NULL, NULL, '2023-02-24 22:40:00', '2023-02-24 21:43:56', '2023-02-24 22:42:00', '2023-02-24 21:44:13', NULL, 1813364, '2023-02-24 21:39:00', '2023-02-24 21:44:13'),
	(1608738916153896961, 1608738882783633410, 1608736945820491778, 1024772115791985729, 1024772425923018049, 5, 2, 3, '1575258705310330881', NULL, NULL, NULL, NULL, NULL, NULL, NULL, NULL, '2023-02-24 16:09:00', NULL, '2023-02-24 16:10:00', NULL, NULL, 45813, '2023-02-24 16:17:01', '2023-02-24 21:19:59'),
	(1608739669556785153, 1608739623279616002, 1608736945820491778, 1024772115791985729, 1024772425923018049, 5, 2, 3, '1575258705310330881', NULL, NULL, NULL, NULL, NULL, NULL, NULL, NULL, '2023-02-24 16:09:00', NULL, '2023-02-24 16:10:00', NULL, NULL, 45813, '2023-02-24 16:20:01', '2023-02-24 21:20:11'),
	(1608756532122509313, 1608756519412523009, 1608736945820491778, 1024772115791985729, 1024772425923018049, 5, 2, 3, '1575258705310330881', NULL, NULL, NULL, NULL, NULL, NULL, NULL, NULL, '2023-02-24 16:09:00', NULL, '2023-02-24 16:10:00', NULL, NULL, 45813, '2023-02-24 17:27:01', '2023-02-24 21:20:06'),
	(1610609236733407233, 1608090719178559490, 1575405029456551938, 1024985129287809409, 1024984540818568481, 5, 2, 3, '1575348410018246657', NULL, NULL, NULL, NULL, NULL, NULL, NULL, NULL, '2023-02-24 22:09:00', NULL, '2023-02-24 22:11:00', NULL, NULL, 2396, '2023-02-24 20:09:00', '2023-02-24 21:19:54'),
	(1610617038621192194, 1608096543355539457, 1575414137962307585, 1024984540818568481, 1024993422324415489, 5, 2, 3, '1575354690074128386', NULL, NULL, NULL, NULL, NULL, NULL, NULL, NULL, '2023-02-24 22:40:00', NULL, '2023-02-24 22:42:00', NULL, NULL, 1813364, '2023-02-24 20:40:00', '2023-02-24 21:19:48'),
	(1610989498134769665, 1610989468312756225, 1575414137962307585, 1024984540818568481, 1024993422324415489, 5, 2, 3, '1575354690074128386', NULL, NULL, NULL, NULL, NULL, NULL, NULL, NULL, '2023-02-24 21:25:00', NULL, '2023-02-24 03:40:00', NULL, NULL, 1813364, '2023-02-24 21:20:02', '2023-02-24 21:33:13'),
	(1610990752659484673, 1610990518172213250, 1610990483325935617, 1024985129287809409, 1024984540818568481, 4, 2, 3, '1575348410018246657', 'https://yjy-slwl-oss.oss-cn-hangzhou.aliyuncs.com/cf52f7a4-785c-4b78-a033-d630d616e780.jpg', 'https://yjy-slwl-oss.oss-cn-hangzhou.aliyuncs.com/64c742a5-948b-49d2-8a34-3855fb6cd4b1.jpg', 'https://yjy-slwl-oss.oss-cn-hangzhou.aliyuncs.com/14db26b6-2e77-451a-96f3-4414adb5bcdc.jpg', 'https://yjy-slwl-oss.oss-cn-hangzhou.aliyuncs.com/5a0afa36-8d03-4fb0-b8b0-503410c8cd71.jpg', NULL, NULL, NULL, NULL, '2023-02-24 21:26:00', '2023-02-24 21:30:49', '2023-02-24 21:56:00', '2023-02-24 21:32:10', NULL, 2396, '2023-02-24 21:25:01', '2023-02-24 21:32:10'),
	(1610993017998880770, 1610992996150239233, 1610992974738317314, 1024984540818568481, 1024993422324415489, 5, 2, 3, '1575354690074128386', NULL, NULL, NULL, NULL, NULL, NULL, NULL, NULL, '2023-02-24 21:36:00', NULL, '2023-02-24 03:26:00', NULL, NULL, 1813364, '2023-02-24 21:34:01', '2023-02-24 14:50:51'),
	(1611323194914189314, 1610992635855331330, 1610990483325935617, 1024985129287809409, 1024984540818568481, 5, 2, 3, '1575348410018246657', NULL, NULL, NULL, NULL, NULL, NULL, NULL, NULL, '2023-02-24 21:26:00', NULL, '2023-02-24 21:56:00', NULL, NULL, 2396, '2023-02-24 19:26:01', '2023-02-24 14:50:51'),
	(1612342410790383617, 1612342255906807810, 1612342219433140225, 1024985129287809409, 1024984540818568481, 4, 2, 2, '1575348410018246657', 'https://yjy-slwl-oss.oss-cn-hangzhou.aliyuncs.com/ebd5054b-375d-4010-9c44-b67b04ff23af.jpg', 'https://yjy-slwl-oss.oss-cn-hangzhou.aliyuncs.com/5baeb9f5-208f-45c4-a11b-914e113d334b.jpg', 'https://yjy-slwl-oss.oss-cn-hangzhou.aliyuncs.com/28d0868f-8d82-48ae-b5b9-30c136f0554c.jpg', 'https://yjy-slwl-oss.oss-cn-hangzhou.aliyuncs.com/51fc0c52-7f11-42da-82aa-460f00a4ca97.jpg', NULL, NULL, NULL, NULL, '2023-02-24 14:59:00', '2023-02-24 15:01:33', '2023-02-24 15:29:00', '2023-02-24 15:06:34', NULL, 2396, '2023-02-24 14:56:01', '2023-02-24 15:06:34'),
	(1612345429397417985, 1612345332869193730, 1612345298891137025, 1024984540818568481, 1024993422324415489, 4, 2, 2, '1575354690074128386', 'https://yjy-slwl-oss.oss-cn-hangzhou.aliyuncs.com/2ee0f415-20b5-4457-bd8b-5bdbea432f2f.jpg', 'https://yjy-slwl-oss.oss-cn-hangzhou.aliyuncs.com/63376e91-9850-487b-abf3-31e5ba026dd6.jpg', 'https://yjy-slwl-oss.oss-cn-hangzhou.aliyuncs.com/e63ed234-8700-48d8-9d79-3365ca97db64.jpg', 'https://yjy-slwl-oss.oss-cn-hangzhou.aliyuncs.com/00ae13c8-2b81-4535-b2ea-1481dd83314e.jpg', NULL, NULL, NULL, NULL, '2023-02-24 15:10:00', '2023-02-24 15:16:11', '2023-02-24 20:10:00', '2023-02-24 15:17:08', NULL, 1813364, '2023-02-24 15:08:01', '2023-02-24 15:17:08'),
	(1629147645717864450, 1612345116002705409, 1612342219433140225, 1024985129287809409, 1024984540818568481, 1, 2, 3, '1575348410018246657', NULL, NULL, NULL, NULL, NULL, NULL, NULL, NULL, '2023-02-24 14:59:00', NULL, '2023-02-24 15:29:00', NULL, NULL, 2396, '2023-02-24 23:54:01', '2023-02-24 23:54:01'),
	(1629147649454989314, 1612347822587076609, 1612345298891137025, 1024984540818568481, 1024993422324415489, 1, 2, 3, '1575354690074128386', NULL, NULL, NULL, NULL, NULL, NULL, NULL, NULL, '2023-02-24 15:10:00', NULL, '2023-02-24 20:10:00', NULL, NULL, 1813364, '2023-02-24 23:54:02', '2023-02-24 23:54:02'),
	(1629147652860764162, 1612348062102806529, 1612345298891137025, 1024984540818568481, 1024993422324415489, 1, 2, 3, '1575354690074128386', NULL, NULL, NULL, NULL, NULL, NULL, NULL, NULL, '2023-02-24 15:10:00', NULL, '2023-02-24 20:10:00', NULL, NULL, 1813364, '2023-02-24 23:54:03', '2023-02-24 23:54:03');

-- 导出  表 sl_work.undo_log 结构
CREATE TABLE IF NOT EXISTS `undo_log` (
  `id` bigint NOT NULL AUTO_INCREMENT,
  `branch_id` bigint NOT NULL,
  `xid` varchar(100) NOT NULL,
  `context` varchar(128) NOT NULL,
  `rollback_info` longblob NOT NULL,
  `log_status` int NOT NULL,
  `log_created` datetime NOT NULL,
  `log_modified` datetime NOT NULL,
  `ext` varchar(100) DEFAULT NULL,
  PRIMARY KEY (`id`) USING BTREE,
  UNIQUE KEY `ux_undo_log` (`xid`,`branch_id`) USING BTREE
) ENGINE=InnoDB AUTO_INCREMENT=1595 DEFAULT CHARSET=utf8mb3;

-- 正在导出表  sl_work.undo_log 的数据：~0 rows (大约)

/*!40103 SET TIME_ZONE=IFNULL(@OLD_TIME_ZONE, 'system') */;
/*!40101 SET SQL_MODE=IFNULL(@OLD_SQL_MODE, '') */;
/*!40014 SET FOREIGN_KEY_CHECKS=IFNULL(@OLD_FOREIGN_KEY_CHECKS, 1) */;
/*!40101 SET CHARACTER_SET_CLIENT=@OLD_CHARACTER_SET_CLIENT */;
/*!40111 SET SQL_NOTES=IFNULL(@OLD_SQL_NOTES, 1) */;
